period,value,released,version
1993,51391,2016-04-01,v1
1993 APR,5380,2016-04-01,v1
1993 AUG,5110,2016-04-01,v1
1993 DEC,4288,2016-04-01,v1
1993 FEB,5961,2016-04-01,v1
1993 JAN,-1301,2016-04-01,v1
1993 JUL,2975,2016-04-01,v1
1993 JUN,4927,2016-04-01,v1
1993 MAR,8188,2016-04-01,v1
1993 MAY,5407,2016-04-01,v1
1993 NOV,4106,2016-04-01,v1
1993 OCT,2106,2016-04-01,v1
1993 Q1,12848,2016-04-01,v1
1993 Q2,15714,2016-04-01,v1
1993 Q3,12329,2016-04-01,v1
1993 Q4,10500,2016-04-01,v1
1993 SEP,4244,2016-04-01,v1
1994,46482,2016-04-01,v1
1994 APR,5970,2016-04-01,v1
1994 AUG,5618,2016-04-01,v1
1994 DEC,3534,2016-04-01,v1
1994 FEB,5521,2016-04-01,v1
1994 JAN,-1051,2016-04-01,v1
1994 JUL,2461,2016-04-01,v1
1994 JUN,3351,2016-04-01,v1
1994 MAR,8543,2016-04-01,v1
1994 MAY,5299,2016-04-01,v1
1994 NOV,3178,2016-04-01,v1
1994 OCT,1179,2016-04-01,v1
1994 Q1,13013,2016-04-01,v1
1994 Q2,14620,2016-04-01,v1
1994 Q3,10958,2016-04-01,v1
1994 Q4,7891,2016-04-01,v1
1994 SEP,2879,2016-04-01,v1
1995,39160,2016-04-01,v1
1995 APR,3974,2016-04-01,v1
1995 AUG,5814,2016-04-01,v1
1995 DEC,3703,2016-04-01,v1
1995 FEB,5146,2016-04-01,v1
1995 JAN,-2494,2016-04-01,v1
1995 JUL,1672,2016-04-01,v1
1995 JUN,3979,2016-04-01,v1
1995 MAR,7683,2016-04-01,v1
1995 MAY,4101,2016-04-01,v1
1995 NOV,3264,2016-04-01,v1
1995 OCT,-567,2016-04-01,v1
1995 Q1,10335,2016-04-01,v1
1995 Q2,12054,2016-04-01,v1
1995 Q3,10371,2016-04-01,v1
1995 Q4,6400,2016-04-01,v1
1995 SEP,2885,2016-04-01,v1
1996,29840,2016-04-01,v1
1996 APR,4833,2016-04-01,v1
1996 AUG,5312,2016-04-01,v1
1996 DEC,2270,2016-04-01,v1
1996 FEB,3845,2016-04-01,v1
1996 JAN,-3709,2016-04-01,v1
1996 JUL,297,2016-04-01,v1
1996 JUN,4247,2016-04-01,v1
1996 MAR,6349,2016-04-01,v1
1996 MAY,4832,2016-04-01,v1
1996 NOV,2359,2016-04-01,v1
1996 OCT,-3445,2016-04-01,v1
1996 Q1,6485,2016-04-01,v1
1996 Q2,13912,2016-04-01,v1
1996 Q3,8259,2016-04-01,v1
1996 Q4,1184,2016-04-01,v1
1996 SEP,2650,2016-04-01,v1
1997,15444,2016-04-01,v1
1997 APR,2644,2016-04-01,v1
1997 AUG,1367,2016-04-01,v1
1997 DEC,600,2016-04-01,v1
1997 FEB,2916,2016-04-01,v1
1997 JAN,-5288,2016-04-01,v1
1997 JUL,1902,2016-04-01,v1
1997 JUN,4270,2016-04-01,v1
1997 MAR,6724,2016-04-01,v1
1997 MAY,2728,2016-04-01,v1
1997 NOV,-2067,2016-04-01,v1
1997 OCT,-1965,2016-04-01,v1
1997 Q1,4352,2016-04-01,v1
1997 Q2,9642,2016-04-01,v1
1997 Q3,4882,2016-04-01,v1
1997 Q4,-3432,2016-04-01,v1
1997 SEP,1613,2016-04-01,v1
1998,-651,2016-04-01,v1
1998 APR,1576,2016-04-01,v1
1998 AUG,1704,2016-04-01,v1
1998 DEC,606,2016-04-01,v1
1998 FEB,110,2016-04-01,v1
1998 JAN,-7429,2016-04-01,v1
1998 JUL,-3005,2016-04-01,v1
1998 JUN,3028,2016-04-01,v1
1998 MAR,2130,2016-04-01,v1
1998 MAY,3521,2016-04-01,v1
1998 NOV,2646,2016-04-01,v1
1998 OCT,-6741,2016-04-01,v1
1998 Q1,-5189,2016-04-01,v1
1998 Q2,8125,2016-04-01,v1
1998 Q3,-98,2016-04-01,v1
1998 Q4,-3489,2016-04-01,v1
1998 SEP,1203,2016-04-01,v1
1999,-11299,2016-04-01,v1
1999 APR,140,2016-04-01,v1
1999 AUG,1226,2016-04-01,v1
1999 DEC,1145,2016-04-01,v1
1999 FEB,-2399,2016-04-01,v1
1999 JAN,-7100,2016-04-01,v1
1999 JUL,-3686,2016-04-01,v1
1999 JUN,2191,2016-04-01,v1
1999 MAR,429,2016-04-01,v1
1999 MAY,3192,2016-04-01,v1
1999 NOV,2248,2016-04-01,v1
1999 OCT,-7607,2016-04-01,v1
1999 Q1,-9070,2016-04-01,v1
1999 Q2,5523,2016-04-01,v1
1999 Q3,-3538,2016-04-01,v1
1999 Q4,-4214,2016-04-01,v1
1999 SEP,-1078,2016-04-01,v1
2000,-15656,2016-04-01,v1
2000 APR,2747,2016-04-01,v1
2000 AUG,5691,2016-04-01,v1
2000 DEC,1966,2016-04-01,v1
2000 FEB,-1137,2016-04-01,v1
2000 JAN,-9694,2016-04-01,v1
2000 JUL,-5671,2016-04-01,v1
2000 JUN,5446,2016-04-01,v1
2000 MAR,-1597,2016-04-01,v1
2000 MAY,-6059,2016-04-01,v1
2000 NOV,3566,2016-04-01,v1
2000 OCT,-6610,2016-04-01,v1
2000 Q1,-12428,2016-04-01,v1
2000 Q2,2134,2016-04-01,v1
2000 Q3,-4284,2016-04-01,v1
2000 Q4,-1078,2016-04-01,v1
2000 SEP,-4304,2016-04-01,v1
2001,-7450,2016-04-01,v1
2001 APR,-1613,2016-04-01,v1
2001 AUG,1113,2016-04-01,v1
2001 DEC,3434,2016-04-01,v1
2001 FEB,-2303,2016-04-01,v1
2001 JAN,-11511,2016-04-01,v1
2001 JUL,-4774,2016-04-01,v1
2001 JUN,2337,2016-04-01,v1
2001 MAR,-97,2016-04-01,v1
2001 MAY,4144,2016-04-01,v1
2001 NOV,5691,2016-04-01,v1
2001 OCT,-4899,2016-04-01,v1
2001 Q1,-13911,2016-04-01,v1
2001 Q2,4868,2016-04-01,v1
2001 Q3,-2633,2016-04-01,v1
2001 Q4,4226,2016-04-01,v1
2001 SEP,1028,2016-04-01,v1
2002,20168,2016-04-01,v1
2002 APR,377,2016-04-01,v1
2002 AUG,3850,2016-04-01,v1
2002 DEC,5252,2016-04-01,v1
2002 FEB,-88,2016-04-01,v1
2002 JAN,-8035,2016-04-01,v1
2002 JUL,-3851,2016-04-01,v1
2002 JUN,5316,2016-04-01,v1
2002 MAR,2202,2016-04-01,v1
2002 MAY,5607,2016-04-01,v1
2002 NOV,7452,2016-04-01,v1
2002 OCT,-1615,2016-04-01,v1
2002 Q1,-5921,2016-04-01,v1
2002 Q2,11300,2016-04-01,v1
2002 Q3,3700,2016-04-01,v1
2002 Q4,11089,2016-04-01,v1
2002 SEP,3701,2016-04-01,v1
2003,33293,2016-04-01,v1
2003 APR,283,2016-04-01,v1
2003 AUG,5125,2016-04-01,v1
2003 DEC,4998,2016-04-01,v1
2003 FEB,2912,2016-04-01,v1
2003 JAN,-4489,2016-04-01,v1
2003 JUL,-2384,2016-04-01,v1
2003 JUN,5863,2016-04-01,v1
2003 MAR,2212,2016-04-01,v1
2003 MAY,7573,2016-04-01,v1
2003 NOV,7725,2016-04-01,v1
2003 OCT,-610,2016-04-01,v1
2003 Q1,635,2016-04-01,v1
2003 Q2,13719,2016-04-01,v1
2003 Q3,6826,2016-04-01,v1
2003 Q4,12113,2016-04-01,v1
2003 SEP,4085,2016-04-01,v1
2004,39489,2016-04-01,v1
2004 APR,4463,2016-04-01,v1
2004 AUG,6214,2016-04-01,v1
2004 DEC,5547,2016-04-01,v1
2004 FEB,1186,2016-04-01,v1
2004 JAN,-3828,2016-04-01,v1
2004 JUL,-1318,2016-04-01,v1
2004 JUN,3431,2016-04-01,v1
2004 MAR,1506,2016-04-01,v1
2004 MAY,7783,2016-04-01,v1
2004 NOV,8631,2016-04-01,v1
2004 OCT,725,2016-04-01,v1
2004 Q1,-1136,2016-04-01,v1
2004 Q2,15677,2016-04-01,v1
2004 Q3,10045,2016-04-01,v1
2004 Q4,14903,2016-04-01,v1
2004 SEP,5149,2016-04-01,v1
2005,46333,2016-04-01,v1
2005 APR,-8477,2016-04-01,v1
2005 AUG,6574,2016-04-01,v1
2005 DEC,6818,2016-04-01,v1
2005 FEB,3978,2016-04-01,v1
2005 JAN,-5166,2016-04-01,v1
2005 JUL,-3035,2016-04-01,v1
2005 JUN,11805,2016-04-01,v1
2005 MAR,4295,2016-04-01,v1
2005 MAY,12234,2016-04-01,v1
2005 NOV,12364,2016-04-01,v1
2005 OCT,-374,2016-04-01,v1
2005 Q1,3107,2016-04-01,v1
2005 Q2,15562,2016-04-01,v1
2005 Q3,8856,2016-04-01,v1
2005 Q4,18808,2016-04-01,v1
2005 SEP,5317,2016-04-01,v1
2006,36425,2016-04-01,v1
2006 APR,3015,2016-04-01,v1
2006 AUG,5851,2016-04-01,v1
2006 DEC,5185,2016-04-01,v1
2006 FEB,4775,2016-04-01,v1
2006 JAN,-10382,2016-04-01,v1
2006 JUL,-5229,2016-04-01,v1
2006 JUN,6639,2016-04-01,v1
2006 MAR,4019,2016-04-01,v1
2006 MAY,7803,2016-04-01,v1
2006 NOV,10845,2016-04-01,v1
2006 OCT,-2346,2016-04-01,v1
2006 Q1,-1588,2016-04-01,v1
2006 Q2,17457,2016-04-01,v1
2006 Q3,6872,2016-04-01,v1
2006 Q4,13684,2016-04-01,v1
2006 SEP,6250,2016-04-01,v1
2007,40687,2016-04-01,v1
2007 APR,1299,2016-04-01,v1
2007 AUG,8218,2016-04-01,v1
2007 DEC,7090,2016-04-01,v1
2007 FEB,2279,2016-04-01,v1
2007 JAN,-9827,2016-04-01,v1
2007 JUL,-5635,2016-04-01,v1
2007 JUN,6743,2016-04-01,v1
2007 MAR,6631,2016-04-01,v1
2007 MAY,8191,2016-04-01,v1
2007 NOV,10383,2016-04-01,v1
2007 OCT,-214,2016-04-01,v1
2007 Q1,-917,2016-04-01,v1
2007 Q2,16233,2016-04-01,v1
2007 Q3,8112,2016-04-01,v1
2007 Q4,17259,2016-04-01,v1
2007 SEP,5529,2016-04-01,v1
2008,75593,2016-04-01,v1
2008 APR,3671,2016-04-01,v1
2008 AUG,10570,2016-04-01,v1
2008 DEC,15503,2016-04-01,v1
2008 FEB,5005,2016-04-01,v1
2008 JAN,-13022,2016-04-01,v1
2008 JUL,-3771,2016-04-01,v1
2008 JUN,8870,2016-04-01,v1
2008 MAR,7309,2016-04-01,v1
2008 MAY,10311,2016-04-01,v1
2008 NOV,16868,2016-04-01,v1
2008 OCT,3558,2016-04-01,v1
2008 Q1,-708,2016-04-01,v1
2008 Q2,22852,2016-04-01,v1
2008 Q3,17520,2016-04-01,v1
2008 Q4,35929,2016-04-01,v1
2008 SEP,10721,2016-04-01,v1
2009,154144,2016-04-01,v1
2009 APR,8342,2016-04-01,v1
2009 AUG,14396,2016-04-01,v1
2009 DEC,20837,2016-04-01,v1
2009 FEB,11731,2016-04-01,v1
2009 JAN,620,2016-04-01,v1
2009 JUL,5924,2016-04-01,v1
2009 JUN,18345,2016-04-01,v1
2009 MAR,15241,2016-04-01,v1
2009 MAY,15705,2016-04-01,v1
2009 NOV,18106,2016-04-01,v1
2009 OCT,10185,2016-04-01,v1
2009 Q1,27592,2016-04-01,v1
2009 Q2,42392,2016-04-01,v1
2009 Q3,35032,2016-04-01,v1
2009 Q4,49128,2016-04-01,v1
2009 SEP,14712,2016-04-01,v1
2010,144063,2016-04-01,v1
2010 APR,7451,2016-04-01,v1
2010 AUG,13678,2016-04-01,v1
2010 DEC,17576,2016-04-01,v1
2010 FEB,10795,2016-04-01,v1
2010 JAN,2452,2016-04-01,v1
2010 JUL,3958,2016-04-01,v1
2010 JUN,14733,2016-04-01,v1
2010 MAR,14927,2016-04-01,v1
2010 MAY,16533,2016-04-01,v1
2010 NOV,19521,2016-04-01,v1
2010 OCT,8152,2016-04-01,v1
2010 Q1,28174,2016-04-01,v1
2010 Q2,38717,2016-04-01,v1
2010 Q3,31923,2016-04-01,v1
2010 Q4,45249,2016-04-01,v1
2010 SEP,14287,2016-04-01,v1
2011,116630,2016-04-01,v1
2011 APR,9799,2016-04-01,v1
2011 AUG,11654,2016-04-01,v1
2011 DEC,14132,2016-04-01,v1
2011 FEB,11001,2016-04-01,v1
2011 JAN,-4952,2016-04-01,v1
2011 JUL,-857,2016-04-01,v1
2011 JUN,13203,2016-04-01,v1
2011 MAR,14890,2016-04-01,v1
2011 MAY,12487,2016-04-01,v1
2011 NOV,15352,2016-04-01,v1
2011 OCT,7106,2016-04-01,v1
2011 Q1,20939,2016-04-01,v1
2011 Q2,35489,2016-04-01,v1
2011 Q3,23612,2016-04-01,v1
2011 Q4,36590,2016-04-01,v1
2011 SEP,12815,2016-04-01,v1
2012,127856,2016-04-01,v1
2012 APR,19752,2016-04-01,v1
2012 AUG,12343,2016-04-01,v1
2012 DEC,14041,2016-04-01,v1
2012 FEB,11578,2016-04-01,v1
2012 JAN,-6437,2016-04-01,v1
2012 JUL,-989,2016-04-01,v1
2012 JUN,11754,2016-04-01,v1
2012 MAR,15000,2016-04-01,v1
2012 MAY,15603,2016-04-01,v1
2012 NOV,15956,2016-04-01,v1
2012 OCT,7315,2016-04-01,v1
2012 Q1,20141,2016-04-01,v1
2012 Q2,47109,2016-04-01,v1
2012 Q3,23294,2016-04-01,v1
2012 Q4,37312,2016-04-01,v1
2012 SEP,11940,2016-04-01,v1
2013,102734,2016-04-01,v1
2013 APR,9343,2016-04-01,v1
2013 AUG,11064,2016-04-01,v1
2013 DEC,11183,2016-04-01,v1
2013 FEB,8676,2016-04-01,v1
2013 JAN,-6332,2016-04-01,v1
2013 JUL,443,2016-04-01,v1
2013 JUN,11120,2016-04-01,v1
2013 MAR,10948,2016-04-01,v1
2013 MAY,12075,2016-04-01,v1
2013 NOV,15828,2016-04-01,v1
2013 OCT,7956,2016-04-01,v1
2013 Q1,13292,2016-04-01,v1
2013 Q2,32538,2016-04-01,v1
2013 Q3,21937,2016-04-01,v1
2013 Q4,34967,2016-04-01,v1
2013 SEP,10430,2016-04-01,v1
2014,100722,2016-04-01,v1
2014 APR,9424,2016-04-01,v1
2014 AUG,10877,2016-04-01,v1
2014 DEC,11955,2016-04-01,v1
2014 FEB,10795,2016-04-01,v1
2014 JAN,-5520,2016-04-01,v1
2014 JUL,602,2016-04-01,v1
2014 JUN,10383,2016-04-01,v1
2014 MAR,8186,2016-04-01,v1
2014 MAY,12593,2016-04-01,v1
2014 NOV,13089,2016-04-01,v1
2014 OCT,7228,2016-04-01,v1
2014 Q1,13461,2016-04-01,v1
2014 Q2,32400,2016-04-01,v1
2014 Q3,22589,2016-04-01,v1
2014 Q4,32272,2016-04-01,v1
2014 SEP,11110,2016-04-01,v1
2015,82195,2016-04-01,v1
2015 APR,8148,2016-04-01,v1
2015 AUG,11531,2016-04-01,v1
2015 DEC,8085,2016-04-01,v1
2015 FEB,7541,2016-04-01,v1
2015 JAN,-10150,2016-04-01,v1
2015 JUL,-760,2016-04-01,v1
2015 JUN,10069,2016-04-01,v1
2015 MAR,7413,2016-04-01,v1
2015 MAY,10503,2016-04-01,v1
2015 NOV,13577,2016-04-01,v1
2015 OCT,6859,2016-04-01,v1
2015 Q1,4804,2016-04-01,v1
2015 Q2,28720,2016-04-01,v1
2015 Q3,20150,2016-04-01,v1
2015 Q4,28521,2016-04-01,v1
2015 SEP,9379,2016-04-01,v1
2016 FEB,7089,2016-04-01,v1
2016 JAN,-13809,2016-04-01,v1
2010,144150,2016-05-24,v2
2010 APR,7460,2016-05-24,v2
2010 AUG,13688,2016-05-24,v2
2010 DEC,17585,2016-05-24,v2
2010 JUL,3968,2016-05-24,v2
2010 JUN,14744,2016-05-24,v2
2010 MAY,16542,2016-05-24,v2
2010 NOV,19531,2016-05-24,v2
2010 OCT,8162,2016-05-24,v2
2010 Q2,38746,2016-05-24,v2
2010 Q3,31952,2016-05-24,v2
2010 Q4,45278,2016-05-24,v2
2010 SEP,14296,2016-05-24,v2
2011,116494,2016-05-24,v2
2011 APR,9780,2016-05-24,v2
2011 AUG,11635,2016-05-24,v2
2011 DEC,14114,2016-05-24,v2
2011 FEB,11011,2016-05-24,v2
2011 JAN,-4942,2016-05-24,v2
2011 JUL,-876,2016-05-24,v2
2011 JUN,13185,2016-05-24,v2
2011 MAR,14902,2016-05-24,v2
2011 MAY,12468,2016-05-24,v2
2011 NOV,15333,2016-05-24,v2
2011 OCT,7087,2016-05-24,v2
2011 Q1,20971,2016-05-24,v2
2011 Q2,35433,2016-05-24,v2
2011 Q3,23556,2016-05-24,v2
2011 Q4,36534,2016-05-24,v2
2011 SEP,12797,2016-05-24,v2
2012,127613,2016-05-24,v2
2012 APR,19731,2016-05-24,v2
2012 AUG,12323,2016-05-24,v2
2012 DEC,14021,2016-05-24,v2
2012 FEB,11559,2016-05-24,v2
2012 JAN,-6456,2016-05-24,v2
2012 JUL,-1009,2016-05-24,v2
2012 JUN,11734,2016-05-24,v2
2012 MAR,14981,2016-05-24,v2
2012 MAY,15582,2016-05-24,v2
2012 NOV,15935,2016-05-24,v2
2012 OCT,7294,2016-05-24,v2
2012 Q1,20084,2016-05-24,v2
2012 Q2,47047,2016-05-24,v2
2012 Q3,23232,2016-05-24,v2
2012 Q4,37250,2016-05-24,v2
2012 SEP,11918,2016-05-24,v2
2013,102438,2016-05-24,v2
2013 APR,9317,2016-05-24,v2
2013 AUG,11038,2016-05-24,v2
2013 DEC,11158,2016-05-24,v2
2013 FEB,8655,2016-05-24,v2
2013 JAN,-6353,2016-05-24,v2
2013 JUL,417,2016-05-24,v2
2013 JUN,11095,2016-05-24,v2
2013 MAR,10925,2016-05-24,v2
2013 MAY,12049,2016-05-24,v2
2013 NOV,15802,2016-05-24,v2
2013 OCT,7930,2016-05-24,v2
2013 Q1,13227,2016-05-24,v2
2013 Q2,32461,2016-05-24,v2
2013 Q3,21860,2016-05-24,v2
2013 Q4,34890,2016-05-24,v2
2013 SEP,10405,2016-05-24,v2
2014,100315,2016-05-24,v2
2014 APR,9387,2016-05-24,v2
2014 AUG,10839,2016-05-24,v2
2014 DEC,11917,2016-05-24,v2
2014 FEB,10769,2016-05-24,v2
2014 JAN,-5546,2016-05-24,v2
2014 JUL,564,2016-05-24,v2
2014 JUN,10347,2016-05-24,v2
2014 MAR,8162,2016-05-24,v2
2014 MAY,12556,2016-05-24,v2
2014 NOV,13053,2016-05-24,v2
2014 OCT,7192,2016-05-24,v2
2014 Q1,13385,2016-05-24,v2
2014 Q2,32290,2016-05-24,v2
2014 Q3,22478,2016-05-24,v2
2014 Q4,32162,2016-05-24,v2
2014 SEP,11075,2016-05-24,v2
2015,79600,2016-05-24,v2
2015 APR,7690,2016-05-24,v2
2015 AUG,11438,2016-05-24,v2
2015 DEC,7826,2016-05-24,v2
2015 FEB,7518,2016-05-24,v2
2015 JAN,-10173,2016-05-24,v2
2015 JUL,-905,2016-05-24,v2
2015 JUN,9748,2016-05-24,v2
2015 MAR,7385,2016-05-24,v2
2015 MAY,10156,2016-05-24,v2
2015 NOV,13234,2016-05-24,v2
2015 OCT,6524,2016-05-24,v2
2015 Q1,4730,2016-05-24,v2
2015 Q2,27594,2016-05-24,v2
2015 Q3,19692,2016-05-24,v2
2015 Q4,27584,2016-05-24,v2
2015 SEP,9159,2016-05-24,v2
2016 FEB,6937,2016-05-24,v2
2016 JAN,-12587,2016-05-24,v2
2016 MAR,4769,2016-05-24,v2
2016 Q1,-881,2016-05-24,v2
2012,127577,2016-05-24,v3
2012 APR,19719,2016-05-24,v3
2012 JUN,11722,2016-05-24,v3
2012 MAY,15570,2016-05-24,v3
2012 Q2,47011,2016-05-24,v3
2015,79242,2016-05-24,v3
2015 APR,7516,2016-05-24,v3
2015 AUG,11348,2016-05-24,v3
2015 DEC,7927,2016-05-24,v3
2015 JUL,-881,2016-05-24,v3
2015 JUN,9767,2016-05-24,v3
2015 MAY,10171,2016-05-24,v3
2015 NOV,13095,2016-05-24,v3
2015 OCT,6453,2016-05-24,v3
2015 Q2,27454,2016-05-24,v3
2015 Q3,19583,2016-05-24,v3
2015 Q4,27475,2016-05-24,v3
2015 SEP,9116,2016-05-24,v3
2016 APR,7186,2016-05-24,v3
2016 FEB,7228,2016-05-24,v3
2016 JAN,-12491,2016-05-24,v3
2016 MAR,6718,2016-05-24,v3
2016 Q1,1455,2016-05-24,v3
1998,-544,2016-06-21,v4
1998 APR,1588,2016-06-21,v4
1998 AUG,1716,2016-06-21,v4
1998 DEC,619,2016-06-21,v4
1998 JUL,-2993,2016-06-21,v4
1998 JUN,3039,2016-06-21,v4
1998 MAY,3533,2016-06-21,v4
1998 NOV,2658,2016-06-21,v4
1998 OCT,-6729,2016-06-21,v4
1998 Q2,8160,2016-06-21,v4
1998 Q3,-63,2016-06-21,v4
1998 Q4,-3452,2016-06-21,v4
1998 SEP,1214,2016-06-21,v4
1999,-11024,2016-06-21,v4
1999 APR,166,2016-06-21,v4
1999 AUG,1253,2016-06-21,v4
1999 DEC,1172,2016-06-21,v4
1999 FEB,-2387,2016-06-21,v4
1999 JAN,-7088,2016-06-21,v4
1999 JUL,-3659,2016-06-21,v4
1999 JUN,2218,2016-06-21,v4
1999 MAR,442,2016-06-21,v4
1999 MAY,3218,2016-06-21,v4
1999 NOV,2274,2016-06-21,v4
1999 OCT,-7581,2016-06-21,v4
1999 Q1,-9033,2016-06-21,v4
1999 Q2,5602,2016-06-21,v4
1999 Q3,-3458,2016-06-21,v4
1999 Q4,-4135,2016-06-21,v4
1999 SEP,-1052,2016-06-21,v4
2000,-15652,2016-06-21,v4
2000 AUG,5692,2016-06-21,v4
2000 DEC,1964,2016-06-21,v4
2000 JUL,-5670,2016-06-21,v4
2000 JUN,5447,2016-06-21,v4
2000 MAR,-1596,2016-06-21,v4
2000 Q1,-12427,2016-06-21,v4
2000 Q2,2135,2016-06-21,v4
2000 Q3,-4280,2016-06-21,v4
2000 Q4,-1080,2016-06-21,v4
2000 SEP,-4302,2016-06-21,v4
2001,-7457,2016-06-21,v4
2001 APR,-1608,2016-06-21,v4
2001 AUG,1107,2016-06-21,v4
2001 DEC,3437,2016-06-21,v4
2001 FEB,-2307,2016-06-21,v4
2001 JAN,-11515,2016-06-21,v4
2001 JUL,-4780,2016-06-21,v4
2001 JUN,2341,2016-06-21,v4
2001 MAR,-102,2016-06-21,v4
2001 MAY,4149,2016-06-21,v4
2001 NOV,5694,2016-06-21,v4
2001 OCT,-4896,2016-06-21,v4
2001 Q1,-13924,2016-06-21,v4
2001 Q2,4882,2016-06-21,v4
2001 Q3,-2650,2016-06-21,v4
2001 Q4,4235,2016-06-21,v4
2001 SEP,1023,2016-06-21,v4
2002,20166,2016-06-21,v4
2002 DEC,5251,2016-06-21,v4
2002 FEB,-87,2016-06-21,v4
2002 JAN,-8034,2016-06-21,v4
2002 MAR,2205,2016-06-21,v4
2002 NOV,7450,2016-06-21,v4
2002 OCT,-1617,2016-06-21,v4
2002 Q1,-5916,2016-06-21,v4
2002 Q3,3698,2016-06-21,v4
2002 Q4,11084,2016-06-21,v4
2002 SEP,3699,2016-06-21,v4
2003,33282,2016-06-21,v4
2003 AUG,5124,2016-06-21,v4
2003 DEC,4997,2016-06-21,v4
2003 JUL,-2385,2016-06-21,v4
2003 JUN,5860,2016-06-21,v4
2003 MAR,2209,2016-06-21,v4
2003 NOV,7724,2016-06-21,v4
2003 OCT,-611,2016-06-21,v4
2003 Q1,632,2016-06-21,v4
2003 Q2,13716,2016-06-21,v4
2003 Q3,6824,2016-06-21,v4
2003 Q4,12110,2016-06-21,v4
2004,39492,2016-06-21,v4
2004 APR,4464,2016-06-21,v4
2004 MAR,1507,2016-06-21,v4
2004 MAY,7784,2016-06-21,v4
2004 Q1,-1135,2016-06-21,v4
2004 Q2,15679,2016-06-21,v4
2005,46331,2016-06-21,v4
2005 APR,-8478,2016-06-21,v4
2005 DEC,6819,2016-06-21,v4
2005 MAR,4296,2016-06-21,v4
2005 MAY,12233,2016-06-21,v4
2005 NOV,12363,2016-06-21,v4
2005 OCT,-375,2016-06-21,v4
2005 Q1,3108,2016-06-21,v4
2005 Q2,15560,2016-06-21,v4
2005 Q4,18807,2016-06-21,v4
2006,36403,2016-06-21,v4
2006 APR,3009,2016-06-21,v4
2006 DEC,5184,2016-06-21,v4
2006 FEB,4776,2016-06-21,v4
2006 JAN,-10381,2016-06-21,v4
2006 JUN,6632,2016-06-21,v4
2006 MAY,7797,2016-06-21,v4
2006 NOV,10843,2016-06-21,v4
2006 OCT,-2348,2016-06-21,v4
2006 Q1,-1586,2016-06-21,v4
2006 Q2,17438,2016-06-21,v4
2006 Q4,13679,2016-06-21,v4
2007,40688,2016-06-21,v4
2007 AUG,8225,2016-06-21,v4
2007 DEC,6488,2016-06-21,v4
2007 FEB,2283,2016-06-21,v4
2007 JAN,-9823,2016-06-21,v4
2007 JUL,-5266,2016-06-21,v4
2007 JUN,6742,2016-06-21,v4
2007 MAR,6634,2016-06-21,v4
2007 NOV,10673,2016-06-21,v4
2007 OCT,93,2016-06-21,v4
2007 Q1,-906,2016-06-21,v4
2007 Q2,16232,2016-06-21,v4
2007 Q3,8108,2016-06-21,v4
2007 Q4,17254,2016-06-21,v4
2007 SEP,5149,2016-06-21,v4
2008,75561,2016-06-21,v4
2008 APR,3666,2016-06-21,v4
2008 AUG,10571,2016-06-21,v4
2008 DEC,15502,2016-06-21,v4
2008 FEB,5003,2016-06-21,v4
2008 JAN,-13024,2016-06-21,v4
2008 JUL,-3770,2016-06-21,v4
2008 JUN,8863,2016-06-21,v4
2008 MAR,7310,2016-06-21,v4
2008 MAY,10306,2016-06-21,v4
2008 NOV,16863,2016-06-21,v4
2008 OCT,3553,2016-06-21,v4
2008 Q1,-711,2016-06-21,v4
2008 Q2,22835,2016-06-21,v4
2008 Q3,17519,2016-06-21,v4
2008 Q4,35918,2016-06-21,v4
2008 SEP,10718,2016-06-21,v4
2009,154213,2016-06-21,v4
2009 APR,8348,2016-06-21,v4
2009 AUG,14401,2016-06-21,v4
2009 DEC,20844,2016-06-21,v4
2009 FEB,11736,2016-06-21,v4
2009 JAN,625,2016-06-21,v4
2009 JUL,5929,2016-06-21,v4
2009 JUN,18352,2016-06-21,v4
2009 MAR,15246,2016-06-21,v4
2009 MAY,15711,2016-06-21,v4
2009 NOV,18112,2016-06-21,v4
2009 OCT,10191,2016-06-21,v4
2009 Q1,27607,2016-06-21,v4
2009 Q2,42411,2016-06-21,v4
2009 Q3,35048,2016-06-21,v4
2009 Q4,49147,2016-06-21,v4
2009 SEP,14718,2016-06-21,v4
2010,144135,2016-06-21,v4
2010 AUG,13684,2016-06-21,v4
2010 DEC,17573,2016-06-21,v4
2010 FEB,10808,2016-06-21,v4
2010 JAN,2465,2016-06-21,v4
2010 JUL,3964,2016-06-21,v4
2010 JUN,14739,2016-06-21,v4
2010 MAR,14937,2016-06-21,v4
2010 NOV,19519,2016-06-21,v4
2010 OCT,8150,2016-06-21,v4
2010 Q1,28210,2016-06-21,v4
2010 Q2,38741,2016-06-21,v4
2010 Q3,31942,2016-06-21,v4
2010 Q4,45242,2016-06-21,v4
2010 SEP,14294,2016-06-21,v4
2011,116483,2016-06-21,v4
2011 DEC,14111,2016-06-21,v4
2011 FEB,11013,2016-06-21,v4
2011 JAN,-4940,2016-06-21,v4
2011 JUN,13184,2016-06-21,v4
2011 MAR,14900,2016-06-21,v4
2011 NOV,15329,2016-06-21,v4
2011 OCT,7083,2016-06-21,v4
2011 Q1,20973,2016-06-21,v4
2011 Q2,35432,2016-06-21,v4
2011 Q3,23555,2016-06-21,v4
2011 Q4,36523,2016-06-21,v4
2011 SEP,12796,2016-06-21,v4
2012,129447,2016-06-21,v4
2012 APR,19944,2016-06-21,v4
2012 AUG,12570,2016-06-21,v4
2012 DEC,14186,2016-06-21,v4
2012 FEB,11542,2016-06-21,v4
2012 JAN,-6473,2016-06-21,v4
2012 JUL,-762,2016-06-21,v4
2012 JUN,11947,2016-06-21,v4
2012 MAR,14967,2016-06-21,v4
2012 MAY,15796,2016-06-21,v4
2012 NOV,16101,2016-06-21,v4
2012 OCT,7460,2016-06-21,v4
2012 Q1,20036,2016-06-21,v4
2012 Q2,47687,2016-06-21,v4
2012 Q3,23977,2016-06-21,v4
2012 Q4,37747,2016-06-21,v4
2012 SEP,12169,2016-06-21,v4
2013,104165,2016-06-21,v4
2013 APR,9447,2016-06-21,v4
2013 AUG,11167,2016-06-21,v4
2013 DEC,11282,2016-06-21,v4
2013 FEB,8848,2016-06-21,v4
2013 JAN,-6161,2016-06-21,v4
2013 JUL,546,2016-06-21,v4
2013 JUN,11217,2016-06-21,v4
2013 MAR,11118,2016-06-21,v4
2013 MAY,12177,2016-06-21,v4
2013 NOV,15931,2016-06-21,v4
2013 OCT,8059,2016-06-21,v4
2013 Q1,13805,2016-06-21,v4
2013 Q2,32841,2016-06-21,v4
2013 Q3,22247,2016-06-21,v4
2013 Q4,35272,2016-06-21,v4
2013 SEP,10534,2016-06-21,v4
2014,100441,2016-06-21,v4
2014 APR,9358,2016-06-21,v4
2014 AUG,10828,2016-06-21,v4
2014 DEC,11932,2016-06-21,v4
2014 FEB,10828,2016-06-21,v4
2014 JAN,-5487,2016-06-21,v4
2014 JUL,553,2016-06-21,v4
2014 JUN,10319,2016-06-21,v4
2014 MAR,8232,2016-06-21,v4
2014 MAY,12527,2016-06-21,v4
2014 NOV,13076,2016-06-21,v4
2014 OCT,7215,2016-06-21,v4
2014 Q1,13573,2016-06-21,v4
2014 Q2,32204,2016-06-21,v4
2014 Q3,22441,2016-06-21,v4
2014 Q4,32223,2016-06-21,v4
2014 SEP,11060,2016-06-21,v4
2015,79187,2016-06-21,v4
2015 APR,7642,2016-06-21,v4
2015 AUG,11162,2016-06-21,v4
2015 DEC,7393,2016-06-21,v4
2015 FEB,7545,2016-06-21,v4
2015 JAN,-10146,2016-06-21,v4
2015 JUL,-1011,2016-06-21,v4
2015 JUN,9901,2016-06-21,v4
2015 MAR,7404,2016-06-21,v4
2015 MAY,10129,2016-06-21,v4
2015 NOV,13408,2016-06-21,v4
2015 OCT,6763,2016-06-21,v4
2015 Q1,4803,2016-06-21,v4
2015 Q2,27672,2016-06-21,v4
2015 Q3,19148,2016-06-21,v4
2015 Q4,27564,2016-06-21,v4
2015 SEP,8997,2016-06-21,v4
2016 APR,8176,2016-06-21,v4
2016 FEB,6825,2016-06-21,v4
2016 JAN,-12568,2016-06-21,v4
2016 MAR,6302,2016-06-21,v4
2016 MAY,9745,2016-06-21,v4
2016 Q1,559,2016-06-21,v4
2015,79127,2016-07-20,v5
2015 APR,7715,2016-07-20,v5
2015 AUG,11063,2016-07-20,v5
2015 DEC,7411,2016-07-20,v5
2015 FEB,7546,2016-07-20,v5
2015 JAN,-10147,2016-07-20,v5
2015 JUL,-1169,2016-07-20,v5
2015 JUN,9979,2016-07-20,v5
2015 MAR,7401,2016-07-20,v5
2015 MAY,10206,2016-07-20,v5
2015 NOV,13431,2016-07-20,v5
2015 OCT,6786,2016-07-20,v5
2015 Q1,4800,2016-07-20,v5
2015 Q2,27900,2016-07-20,v5
2015 Q3,18799,2016-07-20,v5
2015 Q4,27628,2016-07-20,v5
2015 SEP,8905,2016-07-20,v5
2016 APR,7869,2016-07-20,v5
2016 FEB,6888,2016-07-20,v5
2016 JAN,-12576,2016-07-20,v5
2016 JUN,7805,2016-07-20,v5
2016 MAR,6681,2016-07-20,v5
2016 MAY,9907,2016-07-20,v5
2016 Q1,993,2016-07-20,v5
2016 Q2,25581,2016-07-20,v5
2012,129421,2016-08-18,v6
2012 APR,19934,2016-08-18,v6
2012 AUG,12572,2016-08-18,v6
2012 DEC,14189,2016-08-18,v6
2012 FEB,11541,2016-08-18,v6
2012 JAN,-6474,2016-08-18,v6
2012 JUL,-760,2016-08-18,v6
2012 JUN,11937,2016-08-18,v6
2012 MAR,14960,2016-08-18,v6
2012 MAY,15786,2016-08-18,v6
2012 NOV,16103,2016-08-18,v6
2012 OCT,7462,2016-08-18,v6
2012 Q1,20027,2016-08-18,v6
2012 Q2,47657,2016-08-18,v6
2012 Q3,23983,2016-08-18,v6
2012 Q4,37754,2016-08-18,v6
2012 SEP,12171,2016-08-18,v6
2013,104142,2016-08-18,v6
2013 APR,9444,2016-08-18,v6
2013 AUG,11164,2016-08-18,v6
2013 DEC,11279,2016-08-18,v6
2013 FEB,8850,2016-08-18,v6
2013 JAN,-6159,2016-08-18,v6
2013 JUL,543,2016-08-18,v6
2013 JUN,11214,2016-08-18,v6
2013 MAR,11115,2016-08-18,v6
2013 MAY,12174,2016-08-18,v6
2013 NOV,15929,2016-08-18,v6
2013 OCT,8057,2016-08-18,v6
2013 Q1,13806,2016-08-18,v6
2013 Q2,32832,2016-08-18,v6
2013 Q3,22239,2016-08-18,v6
2013 Q4,35265,2016-08-18,v6
2013 SEP,10532,2016-08-18,v6
2014,100527,2016-08-18,v6
2014 APR,9367,2016-08-18,v6
2014 AUG,10838,2016-08-18,v6
2014 DEC,11943,2016-08-18,v6
2014 FEB,10826,2016-08-18,v6
2014 JAN,-5489,2016-08-18,v6
2014 JUL,563,2016-08-18,v6
2014 JUN,10328,2016-08-18,v6
2014 MAR,8235,2016-08-18,v6
2014 MAY,12536,2016-08-18,v6
2014 NOV,13086,2016-08-18,v6
2014 OCT,7225,2016-08-18,v6
2014 Q1,13572,2016-08-18,v6
2014 Q2,32231,2016-08-18,v6
2014 Q3,22470,2016-08-18,v6
2014 Q4,32254,2016-08-18,v6
2014 SEP,11069,2016-08-18,v6
2015,79151,2016-08-18,v6
2015 APR,7714,2016-08-18,v6
2015 AUG,11062,2016-08-18,v6
2015 DEC,7412,2016-08-18,v6
2015 FEB,7556,2016-08-18,v6
2015 JAN,-10137,2016-08-18,v6
2015 JUL,-1170,2016-08-18,v6
2015 JUN,9980,2016-08-18,v6
2015 MAR,7408,2016-08-18,v6
2015 MAY,10205,2016-08-18,v6
2015 NOV,13430,2016-08-18,v6
2015 OCT,6785,2016-08-18,v6
2015 Q1,4827,2016-08-18,v6
2015 Q2,27899,2016-08-18,v6
2015 Q3,18798,2016-08-18,v6
2015 Q4,27627,2016-08-18,v6
2015 SEP,8906,2016-08-18,v6
2016 APR,6920,2016-08-18,v6
2016 FEB,6887,2016-08-18,v6
2016 JAN,-12577,2016-08-18,v6
2016 JUL,-977,2016-08-18,v6
2016 JUN,8001,2016-08-18,v6
2016 MAR,6682,2016-08-18,v6
2016 MAY,9755,2016-08-18,v6
2016 Q1,992,2016-08-18,v6
2016 Q2,24676,2016-08-18,v6
1997 APR,2602,2016-09-20,v7
1997 AUG,2398,2016-09-20,v7
1997 DEC,576,2016-09-20,v7
1997 JUL,281,2016-09-20,v7
1997 JUN,4469,2016-09-20,v7
1997 MAY,2571,2016-09-20,v7
1997 NOV,-2170,2016-09-20,v7
1997 OCT,-1838,2016-09-20,v7
1997 SEP,2203,2016-09-20,v7
1999,-11038,2016-09-20,v7
1999 APR,165,2016-09-20,v7
1999 AUG,1252,2016-09-20,v7
1999 DEC,1169,2016-09-20,v7
1999 FEB,-2384,2016-09-20,v7
1999 JAN,-7094,2016-09-20,v7
1999 JUL,-3660,2016-09-20,v7
1999 JUN,2217,2016-09-20,v7
1999 MAR,443,2016-09-20,v7
1999 MAY,3217,2016-09-20,v7
1999 NOV,2273,2016-09-20,v7
1999 OCT,-7582,2016-09-20,v7
1999 Q1,-9035,2016-09-20,v7
1999 Q2,5599,2016-09-20,v7
1999 Q3,-3462,2016-09-20,v7
1999 Q4,-4140,2016-09-20,v7
1999 SEP,-1054,2016-09-20,v7
2000,-15675,2016-09-20,v7
2000 APR,2745,2016-09-20,v7
2000 AUG,5690,2016-09-20,v7
2000 DEC,1961,2016-09-20,v7
2000 FEB,-1140,2016-09-20,v7
2000 JAN,-9697,2016-09-20,v7
2000 JUL,-5672,2016-09-20,v7
2000 JUN,5445,2016-09-20,v7
2000 MAY,-6061,2016-09-20,v7
2000 NOV,3565,2016-09-20,v7
2000 OCT,-6611,2016-09-20,v7
2000 Q1,-12433,2016-09-20,v7
2000 Q2,2129,2016-09-20,v7
2000 Q3,-4286,2016-09-20,v7
2000 Q4,-1085,2016-09-20,v7
2000 SEP,-4304,2016-09-20,v7
2001,-7473,2016-09-20,v7
2001 APR,-1609,2016-09-20,v7
2001 AUG,1106,2016-09-20,v7
2001 DEC,3436,2016-09-20,v7
2001 FEB,-2312,2016-09-20,v7
2001 JAN,-11520,2016-09-20,v7
2001 JUL,-4781,2016-09-20,v7
2001 JUN,2340,2016-09-20,v7
2001 MAR,-97,2016-09-20,v7
2001 MAY,4148,2016-09-20,v7
2001 NOV,5693,2016-09-20,v7
2001 OCT,-4897,2016-09-20,v7
2001 Q1,-13929,2016-09-20,v7
2001 Q2,4879,2016-09-20,v7
2001 Q3,-2655,2016-09-20,v7
2001 Q4,4232,2016-09-20,v7
2001 SEP,1020,2016-09-20,v7
2002,20155,2016-09-20,v7
2002 APR,376,2016-09-20,v7
2002 AUG,3849,2016-09-20,v7
2002 DEC,5249,2016-09-20,v7
2002 FEB,-235,2016-09-20,v7
2002 JAN,-8182,2016-09-20,v7
2002 JUL,-3852,2016-09-20,v7
2002 MAR,2497,2016-09-20,v7
2002 MAY,5606,2016-09-20,v7
2002 Q1,-5920,2016-09-20,v7
2002 Q2,11298,2016-09-20,v7
2002 Q3,3695,2016-09-20,v7
2002 Q4,11082,2016-09-20,v7
2002 SEP,3698,2016-09-20,v7
2003,33274,2016-09-20,v7
2003 AUG,5123,2016-09-20,v7
2003 DEC,4999,2016-09-20,v7
2003 FEB,2800,2016-09-20,v7
2003 JAN,-4601,2016-09-20,v7
2003 JUL,-2386,2016-09-20,v7
2003 JUN,5859,2016-09-20,v7
2003 MAR,2430,2016-09-20,v7
2003 NOV,7722,2016-09-20,v7
2003 OCT,-613,2016-09-20,v7
2003 Q1,629,2016-09-20,v7
2003 Q2,13715,2016-09-20,v7
2003 Q3,6822,2016-09-20,v7
2003 Q4,12108,2016-09-20,v7
2004,39481,2016-09-20,v7
2004 APR,4463,2016-09-20,v7
2004 AUG,6213,2016-09-20,v7
2004 JUL,-1319,2016-09-20,v7
2004 JUN,3430,2016-09-20,v7
2004 MAR,1504,2016-09-20,v7
2004 NOV,8629,2016-09-20,v7
2004 OCT,723,2016-09-20,v7
2004 Q1,-1138,2016-09-20,v7
2004 Q2,15677,2016-09-20,v7
2004 Q3,10043,2016-09-20,v7
2004 Q4,14899,2016-09-20,v7
2005,45739,2016-09-20,v7
2005 APR,-8528,2016-09-20,v7
2005 AUG,6524,2016-09-20,v7
2005 DEC,6768,2016-09-20,v7
2005 FEB,3929,2016-09-20,v7
2005 JAN,-5214,2016-09-20,v7
2005 JUL,-3085,2016-09-20,v7
2005 JUN,11756,2016-09-20,v7
2005 MAR,4248,2016-09-20,v7
2005 MAY,12184,2016-09-20,v7
2005 NOV,12314,2016-09-20,v7
2005 OCT,-425,2016-09-20,v7
2005 Q1,2963,2016-09-20,v7
2005 Q2,15412,2016-09-20,v7
2005 Q3,8707,2016-09-20,v7
2005 Q4,18657,2016-09-20,v7
2005 SEP,5268,2016-09-20,v7
2006,35915,2016-09-20,v7
2006 APR,2969,2016-09-20,v7
2006 AUG,5812,2016-09-20,v7
2006 DEC,5146,2016-09-20,v7
2006 FEB,4734,2016-09-20,v7
2006 JAN,-10422,2016-09-20,v7
2006 JUL,-5269,2016-09-20,v7
2006 JUN,6589,2016-09-20,v7
2006 MAR,3978,2016-09-20,v7
2006 MAY,7757,2016-09-20,v7
2006 NOV,10802,2016-09-20,v7
2006 OCT,-2389,2016-09-20,v7
2006 Q1,-1710,2016-09-20,v7
2006 Q2,17315,2016-09-20,v7
2006 Q3,6751,2016-09-20,v7
2006 Q4,13559,2016-09-20,v7
2006 SEP,6208,2016-09-20,v7
2007,40110,2016-09-20,v7
2007 APR,1249,2016-09-20,v7
2007 AUG,8181,2016-09-20,v7
2007 DEC,6430,2016-09-20,v7
2007 FEB,2246,2016-09-20,v7
2007 JAN,-9860,2016-09-20,v7
2007 JUL,-5311,2016-09-20,v7
2007 JUN,6691,2016-09-20,v7
2007 MAR,6598,2016-09-20,v7
2007 MAY,8141,2016-09-20,v7
2007 NOV,10612,2016-09-20,v7
2007 OCT,31,2016-09-20,v7
2007 Q1,-1016,2016-09-20,v7
2007 Q2,16081,2016-09-20,v7
2007 Q3,7972,2016-09-20,v7
2007 Q4,17073,2016-09-20,v7
2007 SEP,5102,2016-09-20,v7
2008,75731,2016-09-20,v7
2008 APR,3681,2016-09-20,v7
2008 AUG,10587,2016-09-20,v7
2008 DEC,15514,2016-09-20,v7
2008 FEB,5017,2016-09-20,v7
2008 JAN,-13009,2016-09-20,v7
2008 JUL,-3754,2016-09-20,v7
2008 JUN,8880,2016-09-20,v7
2008 MAR,7324,2016-09-20,v7
2008 MAY,10321,2016-09-20,v7
2008 NOV,16876,2016-09-20,v7
2008 OCT,3565,2016-09-20,v7
2008 Q1,-668,2016-09-20,v7
2008 Q2,22882,2016-09-20,v7
2008 Q3,17562,2016-09-20,v7
2008 Q4,35955,2016-09-20,v7
2008 SEP,10729,2016-09-20,v7
2009,154271,2016-09-20,v7
2009 APR,8345,2016-09-20,v7
2009 AUG,14414,2016-09-20,v7
2009 DEC,20858,2016-09-20,v7
2009 FEB,11729,2016-09-20,v7
2009 JAN,617,2016-09-20,v7
2009 JUL,5943,2016-09-20,v7
2009 JUN,18350,2016-09-20,v7
2009 MAR,15240,2016-09-20,v7
2009 MAY,15708,2016-09-20,v7
2009 NOV,18127,2016-09-20,v7
2009 OCT,10207,2016-09-20,v7
2009 Q1,27586,2016-09-20,v7
2009 Q2,42403,2016-09-20,v7
2009 Q3,35090,2016-09-20,v7
2009 Q4,49192,2016-09-20,v7
2009 SEP,14733,2016-09-20,v7
2010,144078,2016-09-20,v7
2010 APR,7458,2016-09-20,v7
2010 AUG,13679,2016-09-20,v7
2010 DEC,17568,2016-09-20,v7
2010 FEB,10802,2016-09-20,v7
2010 JAN,2458,2016-09-20,v7
2010 JUL,3958,2016-09-20,v7
2010 JUN,14737,2016-09-20,v7
2010 MAR,14930,2016-09-20,v7
2010 MAY,16540,2016-09-20,v7
2010 NOV,19514,2016-09-20,v7
2010 OCT,8146,2016-09-20,v7
2010 Q1,28190,2016-09-20,v7
2010 Q2,38735,2016-09-20,v7
2010 Q3,31925,2016-09-20,v7
2010 Q4,45228,2016-09-20,v7
2010 SEP,14288,2016-09-20,v7
2011,116404,2016-09-20,v7
2011 APR,9776,2016-09-20,v7
2011 AUG,11631,2016-09-20,v7
2011 DEC,14105,2016-09-20,v7
2011 FEB,11002,2016-09-20,v7
2011 JAN,-4952,2016-09-20,v7
2011 JUL,-881,2016-09-20,v7
2011 JUN,13179,2016-09-20,v7
2011 MAR,14890,2016-09-20,v7
2011 MAY,12463,2016-09-20,v7
2011 NOV,15323,2016-09-20,v7
2011 OCT,7077,2016-09-20,v7
2011 Q1,20940,2016-09-20,v7
2011 Q2,35418,2016-09-20,v7
2011 Q3,23541,2016-09-20,v7
2011 Q4,36505,2016-09-20,v7
2011 SEP,12791,2016-09-20,v7
2012,129533,2016-09-20,v7
2012 APR,19956,2016-09-20,v7
2012 AUG,12581,2016-09-20,v7
2012 DEC,14200,2016-09-20,v7
2012 FEB,11535,2016-09-20,v7
2012 JAN,-6479,2016-09-20,v7
2012 JUL,-751,2016-09-20,v7
2012 JUN,11959,2016-09-20,v7
2012 MAR,14957,2016-09-20,v7
2012 MAY,15808,2016-09-20,v7
2012 NOV,16112,2016-09-20,v7
2012 OCT,7472,2016-09-20,v7
2012 Q1,20013,2016-09-20,v7
2012 Q2,47723,2016-09-20,v7
2012 Q3,24013,2016-09-20,v7
2012 Q4,37784,2016-09-20,v7
2012 SEP,12183,2016-09-20,v7
2013,104248,2016-09-20,v7
2013 APR,9452,2016-09-20,v7
2013 AUG,11172,2016-09-20,v7
2013 DEC,11289,2016-09-20,v7
2013 FEB,8857,2016-09-20,v7
2013 JAN,-6149,2016-09-20,v7
2013 JUL,551,2016-09-20,v7
2013 JUN,11225,2016-09-20,v7
2013 MAR,11126,2016-09-20,v7
2013 MAY,12182,2016-09-20,v7
2013 NOV,15937,2016-09-20,v7
2013 OCT,8066,2016-09-20,v7
2013 Q1,13834,2016-09-20,v7
2013 Q2,32859,2016-09-20,v7
2013 Q3,22263,2016-09-20,v7
2013 Q4,35292,2016-09-20,v7
2013 SEP,10540,2016-09-20,v7
2014,102954,2016-09-20,v7
2014 APR,9584,2016-09-20,v7
2014 AUG,11092,2016-09-20,v7
2014 DEC,12271,2016-09-20,v7
2014 FEB,10835,2016-09-20,v7
2014 JAN,-5479,2016-09-20,v7
2014 JUL,816,2016-09-20,v7
2014 JUN,10546,2016-09-20,v7
2014 MAR,8241,2016-09-20,v7
2014 MAY,12752,2016-09-20,v7
2014 NOV,13416,2016-09-20,v7
2014 OCT,7554,2016-09-20,v7
2014 Q1,13597,2016-09-20,v7
2014 Q2,32882,2016-09-20,v7
2014 Q3,23234,2016-09-20,v7
2014 Q4,33241,2016-09-20,v7
2014 SEP,11326,2016-09-20,v7
2015,80619,2016-09-20,v7
2015 APR,7729,2016-09-20,v7
2015 AUG,11470,2016-09-20,v7
2015 DEC,7085,2016-09-20,v7
2015 FEB,7951,2016-09-20,v7
2015 JAN,-9743,2016-09-20,v7
2015 JUL,-760,2016-09-20,v7
2015 JUN,9996,2016-09-20,v7
2015 MAR,7807,2016-09-20,v7
2015 MAY,10221,2016-09-20,v7
2015 NOV,13099,2016-09-20,v7
2015 OCT,6454,2016-09-20,v7
2015 Q1,6015,2016-09-20,v7
2015 Q2,27946,2016-09-20,v7
2015 Q3,20020,2016-09-20,v7
2015 Q4,26638,2016-09-20,v7
2015 SEP,9310,2016-09-20,v7
2016 APR,7460,2016-09-20,v7
2016 AUG,10546,2016-09-20,v7
2016 FEB,7182,2016-09-20,v7
2016 JAN,-12278,2016-09-20,v7
2016 JUL,-1932,2016-09-20,v7
2016 JUN,7813,2016-09-20,v7
2016 MAR,6966,2016-09-20,v7
2016 MAY,9875,2016-09-20,v7
2016 Q1,1870,2016-09-20,v7
2016 Q2,25148,2016-09-20,v7
2009,154257,2016-10-20,v8
2009 APR,8343,2016-10-20,v8
2009 AUG,14412,2016-10-20,v8
2009 DEC,20856,2016-10-20,v8
2009 JUL,5941,2016-10-20,v8
2009 JUN,18349,2016-10-20,v8
2009 MAY,15706,2016-10-20,v8
2009 NOV,18126,2016-10-20,v8
2009 OCT,10206,2016-10-20,v8
2009 Q2,42398,2016-10-20,v8
2009 Q3,35085,2016-10-20,v8
2009 Q4,49188,2016-10-20,v8
2009 SEP,14732,2016-10-20,v8
2010,144043,2016-10-20,v8
2010 APR,7454,2016-10-20,v8
2010 AUG,13675,2016-10-20,v8
2010 DEC,17565,2016-10-20,v8
2010 FEB,10801,2016-10-20,v8
2010 JAN,2457,2016-10-20,v8
2010 JUL,3954,2016-10-20,v8
2010 JUN,14733,2016-10-20,v8
2010 MAR,14931,2016-10-20,v8
2010 MAY,16536,2016-10-20,v8
2010 NOV,19510,2016-10-20,v8
2010 OCT,8142,2016-10-20,v8
2010 Q1,28189,2016-10-20,v8
2010 Q2,38723,2016-10-20,v8
2010 Q3,31914,2016-10-20,v8
2010 Q4,45217,2016-10-20,v8
2010 SEP,14285,2016-10-20,v8
2011,116377,2016-10-20,v8
2011 APR,9774,2016-10-20,v8
2011 AUG,11629,2016-10-20,v8
2011 DEC,14103,2016-10-20,v8
2011 FEB,10998,2016-10-20,v8
2011 JAN,-4956,2016-10-20,v8
2011 JUL,-883,2016-10-20,v8
2011 JUN,13178,2016-10-20,v8
2011 MAR,14884,2016-10-20,v8
2011 MAY,12461,2016-10-20,v8
2011 NOV,15322,2016-10-20,v8
2011 OCT,7076,2016-10-20,v8
2011 Q1,20926,2016-10-20,v8
2011 Q2,35413,2016-10-20,v8
2011 Q3,23537,2016-10-20,v8
2011 Q4,36501,2016-10-20,v8
2014,103629,2016-10-20,v8
2014 APR,9659,2016-10-20,v8
2014 AUG,11167,2016-10-20,v8
2014 DEC,12346,2016-10-20,v8
2014 JUL,891,2016-10-20,v8
2014 JUN,10621,2016-10-20,v8
2014 MAY,12827,2016-10-20,v8
2014 NOV,13491,2016-10-20,v8
2014 OCT,7629,2016-10-20,v8
2014 Q2,33107,2016-10-20,v8
2014 Q3,23459,2016-10-20,v8
2014 Q4,33466,2016-10-20,v8
2014 SEP,11401,2016-10-20,v8
2015,80542,2016-10-20,v8
2015 APR,7693,2016-10-20,v8
2015 AUG,11433,2016-10-20,v8
2015 DEC,7058,2016-10-20,v8
2015 FEB,8026,2016-10-20,v8
2015 JAN,-9668,2016-10-20,v8
2015 JUL,-798,2016-10-20,v8
2015 JUN,9959,2016-10-20,v8
2015 MAR,7882,2016-10-20,v8
2015 MAY,10185,2016-10-20,v8
2015 NOV,13073,2016-10-20,v8
2015 OCT,6428,2016-10-20,v8
2015 Q1,6240,2016-10-20,v8
2015 Q2,27837,2016-10-20,v8
2015 Q3,19906,2016-10-20,v8
2015 Q4,26559,2016-10-20,v8
2015 SEP,9271,2016-10-20,v8
2016 APR,7602,2016-10-20,v8
2016 AUG,10822,2016-10-20,v8
2016 FEB,7136,2016-10-20,v8
2016 JAN,-12325,2016-10-20,v8
2016 JUL,-1799,2016-10-20,v8
2016 JUN,8256,2016-10-20,v8
2016 MAR,6918,2016-10-20,v8
2016 MAY,9973,2016-10-20,v8
2016 Q1,1729,2016-10-20,v8
2016 Q2,25831,2016-10-20,v8
2016 Q3,19636,2016-10-20,v8
2016 SEP,10613,2016-10-20,v8
2016 APR,7600,2016-11-22,v9
2016 AUG,10724,2016-11-22,v9
2016 JUL,-2109,2016-11-22,v9
2016 JUN,8155,2016-11-22,v9
2016 MAY,9680,2016-11-22,v9
2016 OCT,4796,2016-11-22,v9
2016 Q2,25435,2016-11-22,v9
2016 Q3,18350,2016-11-22,v9
2016 SEP,9735,2016-11-22,v9
2015,80693,2016-12-21,v10
2015 APR,7604,2016-12-21,v10
2015 AUG,11404,2016-12-21,v10
2015 DEC,7222,2016-12-21,v10
2015 FEB,8028,2016-12-21,v10
2015 JAN,-9666,2016-12-21,v10
2015 JUL,-827,2016-12-21,v10
2015 JUN,9876,2016-12-21,v10
2015 MAR,7881,2016-12-21,v10
2015 MAY,10096,2016-12-21,v10
2015 NOV,13235,2016-12-21,v10
2015 OCT,6590,2016-12-21,v10
2015 Q1,6243,2016-12-21,v10
2015 Q2,27576,2016-12-21,v10
2015 Q3,19827,2016-12-21,v10
2015 Q4,27047,2016-12-21,v10
2015 SEP,9250,2016-12-21,v10
2016 APR,7529,2016-12-21,v10
2016 AUG,10164,2016-12-21,v10
2016 FEB,6878,2016-12-21,v10
2016 JAN,-12584,2016-12-21,v10
2016 JUL,-2246,2016-12-21,v10
2016 JUN,7836,2016-12-21,v10
2016 MAR,6662,2016-12-21,v10
2016 MAY,9538,2016-12-21,v10
2016 NOV,12647,2016-12-21,v10
2016 OCT,4761,2016-12-21,v10
2016 Q1,956,2016-12-21,v10
2016 Q2,24903,2016-12-21,v10
2016 Q3,17217,2016-12-21,v10
2016 SEP,9299,2016-12-21,v10
2016,64758,2017-01-24,v11
2016 APR,7802,2017-01-24,v11
2016 AUG,10304,2017-01-24,v11
2016 DEC,6858,2017-01-24,v11
2016 JUL,-2458,2017-01-24,v11
2016 JUN,8016,2017-01-24,v11
2016 MAY,9721,2017-01-24,v11
2016 NOV,11267,2017-01-24,v11
2016 OCT,3110,2017-01-24,v11
2016 Q2,25539,2017-01-24,v11
2016 Q3,17028,2017-01-24,v11
2016 Q4,21235,2017-01-24,v11
2016 SEP,9182,2017-01-24,v11
1997 APR,2447,2017-02-21,v12
1997 AUG,2579,2017-02-21,v12
1997 DEC,560,2017-02-21,v12
1997 JUL,368,2017-02-21,v12
1997 JUN,4563,2017-02-21,v12
1997 MAY,2632,2017-02-21,v12
1997 NOV,-2155,2017-02-21,v12
1997 OCT,-1837,2017-02-21,v12
1997 SEP,1935,2017-02-21,v12
1998,-560,2017-02-21,v12
1998 APR,1586,2017-02-21,v12
1998 AUG,1713,2017-02-21,v12
1998 FEB,49,2017-02-21,v12
1998 JAN,-7490,2017-02-21,v12
1998 JUL,-2996,2017-02-21,v12
1998 JUN,3038,2017-02-21,v12
1998 MAR,2252,2017-02-21,v12
1998 MAY,3531,2017-02-21,v12
1998 NOV,2657,2017-02-21,v12
1998 OCT,-6730,2017-02-21,v12
1998 Q2,8155,2017-02-21,v12
1998 Q3,-72,2017-02-21,v12
1998 Q4,-3454,2017-02-21,v12
1998 SEP,1211,2017-02-21,v12
1999,-11048,2017-02-21,v12
1999 FEB,-2423,2017-02-21,v12
1999 JAN,-7133,2017-02-21,v12
1999 MAR,511,2017-02-21,v12
1999 Q1,-9045,2017-02-21,v12
2000,-19281,2017-02-21,v12
2000 APR,2610,2017-02-21,v12
2000 AUG,3114,2017-02-21,v12
2000 DEC,1272,2017-02-21,v12
2000 FEB,-1179,2017-02-21,v12
2000 JAN,-9736,2017-02-21,v12
2000 JUL,-4054,2017-02-21,v12
2000 JUN,2428,2017-02-21,v12
2000 MAR,-1518,2017-02-21,v12
2000 MAY,-9539,2017-02-21,v12
2000 NOV,2205,2017-02-21,v12
2000 OCT,722,2017-02-21,v12
2000 Q2,-4501,2017-02-21,v12
2000 Q3,-6546,2017-02-21,v12
2000 Q4,4199,2017-02-21,v12
2000 SEP,-5606,2017-02-21,v12
2001,-6880,2017-02-21,v12
2001 APR,-504,2017-02-21,v12
2001 AUG,-1280,2017-02-21,v12
2001 DEC,2788,2017-02-21,v12
2001 FEB,-4059,2017-02-21,v12
2001 JAN,-7227,2017-02-21,v12
2001 JUL,-2264,2017-02-21,v12
2001 JUN,-590,2017-02-21,v12
2001 MAR,-1754,2017-02-21,v12
2001 MAY,1288,2017-02-21,v12
2001 NOV,4507,2017-02-21,v12
2001 OCT,2759,2017-02-21,v12
2001 Q1,-13040,2017-02-21,v12
2001 Q2,194,2017-02-21,v12
2001 Q3,-4088,2017-02-21,v12
2001 Q4,10054,2017-02-21,v12
2001 SEP,-544,2017-02-21,v12
2002,19227,2017-02-21,v12
2002 APR,2055,2017-02-21,v12
2002 AUG,1681,2017-02-21,v12
2002 DEC,4374,2017-02-21,v12
2002 FEB,-1961,2017-02-21,v12
2002 JAN,-5184,2017-02-21,v12
2002 JUL,-1163,2017-02-21,v12
2002 JUN,3154,2017-02-21,v12
2002 MAR,975,2017-02-21,v12
2002 MAY,3392,2017-02-21,v12
2002 NOV,6154,2017-02-21,v12
2002 OCT,3269,2017-02-21,v12
2002 Q1,-6170,2017-02-21,v12
2002 Q2,8601,2017-02-21,v12
2002 Q3,2999,2017-02-21,v12
2002 Q4,13797,2017-02-21,v12
2002 SEP,2481,2017-02-21,v12
2003,32226,2017-02-21,v12
2003 APR,2418,2017-02-21,v12
2003 AUG,3213,2017-02-21,v12
2003 DEC,3885,2017-02-21,v12
2003 FEB,1123,2017-02-21,v12
2003 JAN,-1214,2017-02-21,v12
2003 JUL,551,2017-02-21,v12
2003 JUN,3752,2017-02-21,v12
2003 MAR,763,2017-02-21,v12
2003 MAY,5564,2017-02-21,v12
2003 NOV,6129,2017-02-21,v12
2003 OCT,3295,2017-02-21,v12
2003 Q1,672,2017-02-21,v12
2003 Q2,11734,2017-02-21,v12
2003 Q3,6511,2017-02-21,v12
2003 Q4,13309,2017-02-21,v12
2003 SEP,2747,2017-02-21,v12
2004,35039,2017-02-21,v12
2004 APR,7023,2017-02-21,v12
2004 AUG,3531,2017-02-21,v12
2004 DEC,4451,2017-02-21,v12
2004 FEB,-919,2017-02-21,v12
2004 JAN,-921,2017-02-21,v12
2004 JUL,1462,2017-02-21,v12
2004 JUN,1413,2017-02-21,v12
2004 MAR,-480,2017-02-21,v12
2004 MAY,5427,2017-02-21,v12
2004 NOV,6419,2017-02-21,v12
2004 OCT,4223,2017-02-21,v12
2004 Q1,-2320,2017-02-21,v12
2004 Q2,13863,2017-02-21,v12
2004 Q3,8403,2017-02-21,v12
2004 Q4,15093,2017-02-21,v12
2004 SEP,3410,2017-02-21,v12
2005,39981,2017-02-21,v12
2005 APR,-6270,2017-02-21,v12
2005 AUG,3861,2017-02-21,v12
2005 DEC,4939,2017-02-21,v12
2005 FEB,1578,2017-02-21,v12
2005 JAN,-1582,2017-02-21,v12
2005 JUL,633,2017-02-21,v12
2005 JUN,9451,2017-02-21,v12
2005 MAR,1783,2017-02-21,v12
2005 MAY,9397,2017-02-21,v12
2005 NOV,9422,2017-02-21,v12
2005 OCT,4066,2017-02-21,v12
2005 Q1,1779,2017-02-21,v12
2005 Q2,12578,2017-02-21,v12
2005 Q3,7197,2017-02-21,v12
2005 Q4,18427,2017-02-21,v12
2005 SEP,2703,2017-02-21,v12
2006,37326,2017-02-21,v12
2006 APR,4286,2017-02-21,v12
2006 AUG,3287,2017-02-21,v12
2006 DEC,4196,2017-02-21,v12
2006 FEB,1772,2017-02-21,v12
2006 JAN,-3797,2017-02-21,v12
2006 JUL,765,2017-02-21,v12
2006 JUN,3662,2017-02-21,v12
2006 MAR,1178,2017-02-21,v12
2006 MAY,4894,2017-02-21,v12
2006 NOV,8782,2017-02-21,v12
2006 OCT,3767,2017-02-21,v12
2006 Q1,-847,2017-02-21,v12
2006 Q2,12842,2017-02-21,v12
2006 Q3,8586,2017-02-21,v12
2006 Q4,16745,2017-02-21,v12
2006 SEP,4534,2017-02-21,v12
2007,36970,2017-02-21,v12
2007 APR,3143,2017-02-21,v12
2007 AUG,5054,2017-02-21,v12
2007 DEC,5105,2017-02-21,v12
2007 FEB,-667,2017-02-21,v12
2007 JAN,-5730,2017-02-21,v12
2007 JUL,536,2017-02-21,v12
2007 JUN,4083,2017-02-21,v12
2007 MAR,3322,2017-02-21,v12
2007 MAY,5023,2017-02-21,v12
2007 NOV,8163,2017-02-21,v12
2007 OCT,5905,2017-02-21,v12
2007 Q1,-3075,2017-02-21,v12
2007 Q2,12249,2017-02-21,v12
2007 Q3,8623,2017-02-21,v12
2007 Q4,19173,2017-02-21,v12
2007 SEP,3033,2017-02-21,v12
2008,81693,2017-02-21,v12
2008 APR,6278,2017-02-21,v12
2008 AUG,8154,2017-02-21,v12
2008 DEC,14914,2017-02-21,v12
2008 FEB,2163,2017-02-21,v12
2008 JAN,-6817,2017-02-21,v12
2008 JUL,2869,2017-02-21,v12
2008 JUN,6750,2017-02-21,v12
2008 MAR,5006,2017-02-21,v12
2008 MAY,7676,2017-02-21,v12
2008 NOV,14669,2017-02-21,v12
2008 OCT,10354,2017-02-21,v12
2008 Q1,352,2017-02-21,v12
2008 Q2,20704,2017-02-21,v12
2008 Q3,20700,2017-02-21,v12
2008 Q4,39937,2017-02-21,v12
2008 SEP,9677,2017-02-21,v12
2009,153720,2017-02-21,v12
2009 APR,10187,2017-02-21,v12
2009 AUG,11556,2017-02-21,v12
2009 DEC,20728,2017-02-21,v12
2009 FEB,10156,2017-02-21,v12
2009 JAN,5733,2017-02-21,v12
2009 JUL,8822,2017-02-21,v12
2009 JUN,16127,2017-02-21,v12
2009 MAR,13478,2017-02-21,v12
2009 MAY,13314,2017-02-21,v12
2009 NOV,16457,2017-02-21,v12
2009 OCT,14216,2017-02-21,v12
2009 Q1,29367,2017-02-21,v12
2009 Q2,39628,2017-02-21,v12
2009 Q3,33324,2017-02-21,v12
2009 Q4,51401,2017-02-21,v12
2009 SEP,12946,2017-02-21,v12
2010,143516,2017-02-21,v12
2010 APR,8735,2017-02-21,v12
2010 AUG,11358,2017-02-21,v12
2010 DEC,17146,2017-02-21,v12
2010 FEB,8624,2017-02-21,v12
2010 JAN,6200,2017-02-21,v12
2010 JUL,9008,2017-02-21,v12
2010 JUN,12050,2017-02-21,v12
2010 MAR,12411,2017-02-21,v12
2010 MAY,13312,2017-02-21,v12
2010 NOV,17761,2017-02-21,v12
2010 OCT,14350,2017-02-21,v12
2010 Q1,27235,2017-02-21,v12
2010 Q2,34097,2017-02-21,v12
2010 Q3,32927,2017-02-21,v12
2010 Q4,49257,2017-02-21,v12
2010 SEP,12561,2017-02-21,v12
2011,115158,2017-02-21,v12
2011 APR,11094,2017-02-21,v12
2011 AUG,9353,2017-02-21,v12
2011 DEC,13532,2017-02-21,v12
2011 FEB,8260,2017-02-21,v12
2011 JAN,-486,2017-02-21,v12
2011 JUL,4513,2017-02-21,v12
2011 JUN,9796,2017-02-21,v12
2011 MAR,12294,2017-02-21,v12
2011 MAY,9518,2017-02-21,v12
2011 NOV,13302,2017-02-21,v12
2011 OCT,12840,2017-02-21,v12
2011 Q1,20068,2017-02-21,v12
2011 Q2,30408,2017-02-21,v12
2011 Q3,25008,2017-02-21,v12
2011 Q4,39674,2017-02-21,v12
2011 SEP,11142,2017-02-21,v12
2012,129214,2017-02-21,v12
2012 APR,21290,2017-02-21,v12
2012 AUG,10239,2017-02-21,v12
2012 DEC,13976,2017-02-21,v12
2012 FEB,9317,2017-02-21,v12
2012 JAN,-651,2017-02-21,v12
2012 JUL,2581,2017-02-21,v12
2012 JUN,9541,2017-02-21,v12
2012 MAR,12161,2017-02-21,v12
2012 MAY,13565,2017-02-21,v12
2012 NOV,14423,2017-02-21,v12
2012 OCT,12245,2017-02-21,v12
2012 Q1,20827,2017-02-21,v12
2012 Q2,44396,2017-02-21,v12
2012 Q3,23347,2017-02-21,v12
2012 Q4,40644,2017-02-21,v12
2012 SEP,10527,2017-02-21,v12
2013,102785,2017-02-21,v12
2013 APR,10516,2017-02-21,v12
2013 AUG,9013,2017-02-21,v12
2013 DEC,11133,2017-02-21,v12
2013 FEB,6694,2017-02-21,v12
2013 JAN,-1776,2017-02-21,v12
2013 JUL,4028,2017-02-21,v12
2013 JUN,9066,2017-02-21,v12
2013 MAR,8751,2017-02-21,v12
2013 MAY,9962,2017-02-21,v12
2013 NOV,14000,2017-02-21,v12
2013 OCT,12097,2017-02-21,v12
2013 Q1,13669,2017-02-21,v12
2013 Q2,29544,2017-02-21,v12
2013 Q3,22342,2017-02-21,v12
2013 Q4,37230,2017-02-21,v12
2013 SEP,9301,2017-02-21,v12
2014,101534,2017-02-21,v12
2014 APR,11004,2017-02-21,v12
2014 AUG,8963,2017-02-21,v12
2014 DEC,12233,2017-02-21,v12
2014 FEB,8825,2017-02-21,v12
2014 JAN,-1464,2017-02-21,v12
2014 JUL,3743,2017-02-21,v12
2014 JUN,8651,2017-02-21,v12
2014 MAR,6151,2017-02-21,v12
2014 MAY,10855,2017-02-21,v12
2014 NOV,11229,2017-02-21,v12
2014 OCT,11492,2017-02-21,v12
2014 Q1,13512,2017-02-21,v12
2014 Q2,30510,2017-02-21,v12
2014 Q3,22558,2017-02-21,v12
2014 Q4,34954,2017-02-21,v12
2014 SEP,9852,2017-02-21,v12
2015,78797,2017-02-21,v12
2015 APR,9654,2017-02-21,v12
2015 AUG,8654,2017-02-21,v12
2015 DEC,7126,2017-02-21,v12
2015 FEB,5918,2017-02-21,v12
2015 JAN,-5083,2017-02-21,v12
2015 JUL,1912,2017-02-21,v12
2015 JUN,7461,2017-02-21,v12
2015 MAR,5950,2017-02-21,v12
2015 MAY,7532,2017-02-21,v12
2015 NOV,11398,2017-02-21,v12
2015 OCT,10404,2017-02-21,v12
2015 Q1,6785,2017-02-21,v12
2015 Q2,24647,2017-02-21,v12
2015 Q3,18437,2017-02-21,v12
2015 Q4,28928,2017-02-21,v12
2015 SEP,7871,2017-02-21,v12
2016,58358,2017-02-21,v12
2016 APR,9227,2017-02-21,v12
2016 AUG,7238,2017-02-21,v12
2016 DEC,4674,2017-02-21,v12
2016 FEB,4518,2017-02-21,v12
2016 JAN,-9067,2017-02-21,v12
2016 JUL,188,2017-02-21,v12
2016 JUN,4908,2017-02-21,v12
2016 MAR,4194,2017-02-21,v12
2016 MAY,7363,2017-02-21,v12
2016 NOV,9699,2017-02-21,v12
2016 OCT,8493,2017-02-21,v12
2016 Q1,-355,2017-02-21,v12
2016 Q2,21498,2017-02-21,v12
2016 Q3,14349,2017-02-21,v12
2016 Q4,22866,2017-02-21,v12
2016 SEP,6923,2017-02-21,v12
2017 JAN,-9387,2017-02-21,v12
1998,-544,2017-03-21,v13
1998 APR,1588,2017-03-21,v13
1998 AUG,1716,2017-03-21,v13
1998 JUL,-2993,2017-03-21,v13
1998 JUN,3039,2017-03-21,v13
1998 MAY,3533,2017-03-21,v13
1998 NOV,2658,2017-03-21,v13
1998 OCT,-6729,2017-03-21,v13
1998 Q2,8160,2017-03-21,v13
1998 Q3,-63,2017-03-21,v13
1998 Q4,-3452,2017-03-21,v13
1998 SEP,1214,2017-03-21,v13
1999,-11038,2017-03-21,v13
1999 FEB,-2420,2017-03-21,v13
1999 JAN,-7130,2017-03-21,v13
1999 MAR,515,2017-03-21,v13
1999 Q1,-9035,2017-03-21,v13
2001,-6610,2017-03-21,v13
2001 MAR,-1484,2017-03-21,v13
2001 Q1,-12770,2017-03-21,v13
2005 APR,4118,2017-03-21,v13
2005 JUN,4255,2017-03-21,v13
2005 MAY,4205,2017-03-21,v13
2008,81776,2017-03-21,v13
2008 APR,6287,2017-03-21,v13
2008 AUG,8163,2017-03-21,v13
2008 DEC,14925,2017-03-21,v13
2008 FEB,2164,2017-03-21,v13
2008 JAN,-6816,2017-03-21,v13
2008 JUL,2878,2017-03-21,v13
2008 JUN,6759,2017-03-21,v13
2008 MAY,7685,2017-03-21,v13
2008 NOV,14677,2017-03-21,v13
2008 OCT,10362,2017-03-21,v13
2008 Q1,354,2017-03-21,v13
2008 Q2,20731,2017-03-21,v13
2008 Q3,20727,2017-03-21,v13
2008 Q4,39964,2017-03-21,v13
2008 SEP,9686,2017-03-21,v13
2009,153828,2017-03-21,v13
2009 APR,10195,2017-03-21,v13
2009 AUG,11564,2017-03-21,v13
2009 DEC,20739,2017-03-21,v13
2009 FEB,10165,2017-03-21,v13
2009 JAN,5742,2017-03-21,v13
2009 JUL,8830,2017-03-21,v13
2009 JUN,16138,2017-03-21,v13
2009 MAR,13487,2017-03-21,v13
2009 MAY,13322,2017-03-21,v13
2009 NOV,16465,2017-03-21,v13
2009 OCT,14224,2017-03-21,v13
2009 Q1,29394,2017-03-21,v13
2009 Q2,39655,2017-03-21,v13
2009 Q3,33351,2017-03-21,v13
2009 Q4,51428,2017-03-21,v13
2009 SEP,12957,2017-03-21,v13
2010,143625,2017-03-21,v13
2010 APR,8743,2017-03-21,v13
2010 AUG,11367,2017-03-21,v13
2010 DEC,17154,2017-03-21,v13
2010 FEB,8634,2017-03-21,v13
2010 JAN,6210,2017-03-21,v13
2010 JUL,9017,2017-03-21,v13
2010 JUN,12060,2017-03-21,v13
2010 MAR,12422,2017-03-21,v13
2010 MAY,13320,2017-03-21,v13
2010 NOV,17770,2017-03-21,v13
2010 OCT,14359,2017-03-21,v13
2010 Q1,27266,2017-03-21,v13
2010 Q2,34123,2017-03-21,v13
2010 Q3,32953,2017-03-21,v13
2010 Q4,49283,2017-03-21,v13
2010 SEP,12569,2017-03-21,v13
2011,115260,2017-03-21,v13
2011 APR,11102,2017-03-21,v13
2011 AUG,9361,2017-03-21,v13
2011 DEC,13542,2017-03-21,v13
2011 FEB,8269,2017-03-21,v13
2011 JAN,-477,2017-03-21,v13
2011 JUL,4521,2017-03-21,v13
2011 JUN,9804,2017-03-21,v13
2011 MAR,12302,2017-03-21,v13
2011 MAY,9526,2017-03-21,v13
2011 NOV,13311,2017-03-21,v13
2011 OCT,12849,2017-03-21,v13
2011 Q1,20094,2017-03-21,v13
2011 Q2,30432,2017-03-21,v13
2011 Q3,25032,2017-03-21,v13
2011 Q4,39702,2017-03-21,v13
2011 SEP,11150,2017-03-21,v13
2012,129346,2017-03-21,v13
2012 APR,21302,2017-03-21,v13
2012 AUG,10249,2017-03-21,v13
2012 DEC,13986,2017-03-21,v13
2012 FEB,9329,2017-03-21,v13
2012 JAN,-639,2017-03-21,v13
2012 JUL,2591,2017-03-21,v13
2012 JUN,9551,2017-03-21,v13
2012 MAR,12171,2017-03-21,v13
2012 MAY,13577,2017-03-21,v13
2012 NOV,14434,2017-03-21,v13
2012 OCT,12256,2017-03-21,v13
2012 Q1,20861,2017-03-21,v13
2012 Q2,44430,2017-03-21,v13
2012 Q3,23379,2017-03-21,v13
2012 Q4,40676,2017-03-21,v13
2012 SEP,10539,2017-03-21,v13
2013,102902,2017-03-21,v13
2013 APR,10526,2017-03-21,v13
2013 AUG,9023,2017-03-21,v13
2013 DEC,11143,2017-03-21,v13
2013 FEB,6704,2017-03-21,v13
2013 JAN,-1766,2017-03-21,v13
2013 JUL,4038,2017-03-21,v13
2013 JUN,9075,2017-03-21,v13
2013 MAR,8760,2017-03-21,v13
2013 MAY,9972,2017-03-21,v13
2013 NOV,14010,2017-03-21,v13
2013 OCT,12107,2017-03-21,v13
2013 Q1,13698,2017-03-21,v13
2013 Q2,29573,2017-03-21,v13
2013 Q3,22371,2017-03-21,v13
2013 Q4,37260,2017-03-21,v13
2013 SEP,9310,2017-03-21,v13
2014,101637,2017-03-21,v13
2014 APR,11012,2017-03-21,v13
2014 AUG,8971,2017-03-21,v13
2014 DEC,12241,2017-03-21,v13
2014 FEB,8834,2017-03-21,v13
2014 JAN,-1455,2017-03-21,v13
2014 JUL,3751,2017-03-21,v13
2014 JUN,8661,2017-03-21,v13
2014 MAR,6160,2017-03-21,v13
2014 MAY,10863,2017-03-21,v13
2014 NOV,11237,2017-03-21,v13
2014 OCT,11500,2017-03-21,v13
2014 Q1,13539,2017-03-21,v13
2014 Q2,30536,2017-03-21,v13
2014 Q3,22584,2017-03-21,v13
2014 Q4,34978,2017-03-21,v13
2014 SEP,9862,2017-03-21,v13
2015,79005,2017-03-21,v13
2015 APR,9663,2017-03-21,v13
2015 AUG,8674,2017-03-21,v13
2015 DEC,7160,2017-03-21,v13
2015 FEB,5925,2017-03-21,v13
2015 JAN,-5076,2017-03-21,v13
2015 JUL,1931,2017-03-21,v13
2015 JUN,7473,2017-03-21,v13
2015 MAR,5955,2017-03-21,v13
2015 MAY,7547,2017-03-21,v13
2015 NOV,11427,2017-03-21,v13
2015 OCT,10431,2017-03-21,v13
2015 Q1,6804,2017-03-21,v13
2015 Q2,24683,2017-03-21,v13
2015 Q3,18500,2017-03-21,v13
2015 Q4,29018,2017-03-21,v13
2015 SEP,7895,2017-03-21,v13
2016,56801,2017-03-21,v13
2016 APR,9121,2017-03-21,v13
2016 AUG,6873,2017-03-21,v13
2016 DEC,4920,2017-03-21,v13
2016 FEB,4560,2017-03-21,v13
2016 JAN,-9028,2017-03-21,v13
2016 JUL,389,2017-03-21,v13
2016 JUN,4851,2017-03-21,v13
2016 MAR,4249,2017-03-21,v13
2016 MAY,7091,2017-03-21,v13
2016 NOV,9426,2017-03-21,v13
2016 OCT,7738,2017-03-21,v13
2016 Q1,-219,2017-03-21,v13
2016 Q2,21063,2017-03-21,v13
2016 Q3,13873,2017-03-21,v13
2016 Q4,22084,2017-03-21,v13
2016 SEP,6611,2017-03-21,v13
2017 FEB,1803,2017-03-21,v13
2017 JAN,-11009,2017-03-21,v13
2015,79017,2017-04-24,v14
2015 AUG,8676,2017-04-24,v14
2015 DEC,7162,2017-04-24,v14
2015 JUL,1932,2017-04-24,v14
2015 JUN,7474,2017-04-24,v14
2015 NOV,11429,2017-04-24,v14
2015 OCT,10433,2017-04-24,v14
2015 Q2,24684,2017-04-24,v14
2015 Q3,18505,2017-04-24,v14
2015 Q4,29024,2017-04-24,v14
2015 SEP,7897,2017-04-24,v14
2016,57096,2017-04-24,v14
2016 APR,9122,2017-04-24,v14
2016 AUG,6895,2017-04-24,v14
2016 DEC,5414,2017-04-24,v14
2016 FEB,4561,2017-04-24,v14
2016 JAN,-9026,2017-04-24,v14
2016 JUL,400,2017-04-24,v14
2016 JUN,4849,2017-04-24,v14
2016 MAR,4251,2017-04-24,v14
2016 MAY,7099,2017-04-24,v14
2016 NOV,9209,2017-04-24,v14
2016 OCT,7748,2017-04-24,v14
2016 Q1,-214,2017-04-24,v14
2016 Q2,21070,2017-04-24,v14
2016 Q3,13869,2017-04-24,v14
2016 Q4,22371,2017-04-24,v14
2016 SEP,6574,2017-04-24,v14
2017 FEB,64,2017-04-24,v14
2017 JAN,-10420,2017-04-24,v14
2017 MAR,5085,2017-04-24,v14
2017 Q1,-5271,2017-04-24,v14
1998,-560,2017-05-22,v15
1998 APR,1586,2017-05-22,v15
1998 AUG,1713,2017-05-22,v15
1998 JUL,-2996,2017-05-22,v15
1998 JUN,3038,2017-05-22,v15
1998 MAY,3531,2017-05-22,v15
1998 NOV,2657,2017-05-22,v15
1998 OCT,-6730,2017-05-22,v15
1998 Q2,8155,2017-05-22,v15
1998 Q3,-72,2017-05-22,v15
1998 Q4,-3454,2017-05-22,v15
1998 SEP,1211,2017-05-22,v15
1999,-11048,2017-05-22,v15
1999 FEB,-2423,2017-05-22,v15
1999 JAN,-7133,2017-05-22,v15
1999 MAR,511,2017-05-22,v15
1999 Q1,-9045,2017-05-22,v15
2006,37317,2017-05-22,v15
2006 APR,4285,2017-05-22,v15
2006 AUG,3286,2017-05-22,v15
2006 DEC,4195,2017-05-22,v15
2006 JUL,764,2017-05-22,v15
2006 JUN,3661,2017-05-22,v15
2006 MAY,4893,2017-05-22,v15
2006 NOV,8781,2017-05-22,v15
2006 OCT,3766,2017-05-22,v15
2006 Q2,12839,2017-05-22,v15
2006 Q3,8583,2017-05-22,v15
2006 Q4,16742,2017-05-22,v15
2006 SEP,4533,2017-05-22,v15
2007,36956,2017-05-22,v15
2007 APR,3142,2017-05-22,v15
2007 AUG,5053,2017-05-22,v15
2007 DEC,5103,2017-05-22,v15
2007 FEB,-668,2017-05-22,v15
2007 JAN,-5731,2017-05-22,v15
2007 JUL,535,2017-05-22,v15
2007 JUN,4081,2017-05-22,v15
2007 MAY,5022,2017-05-22,v15
2007 NOV,8162,2017-05-22,v15
2007 OCT,5904,2017-05-22,v15
2007 Q1,-3077,2017-05-22,v15
2007 Q2,12245,2017-05-22,v15
2007 Q3,8619,2017-05-22,v15
2007 Q4,19169,2017-05-22,v15
2007 SEP,3031,2017-05-22,v15
2008,81751,2017-05-22,v15
2008 APR,6285,2017-05-22,v15
2008 AUG,8161,2017-05-22,v15
2008 DEC,14923,2017-05-22,v15
2008 FEB,2161,2017-05-22,v15
2008 JAN,-6819,2017-05-22,v15
2008 JUL,2876,2017-05-22,v15
2008 JUN,6757,2017-05-22,v15
2008 MAR,5005,2017-05-22,v15
2008 MAY,7683,2017-05-22,v15
2008 NOV,14675,2017-05-22,v15
2008 OCT,10360,2017-05-22,v15
2008 Q1,347,2017-05-22,v15
2008 Q2,20725,2017-05-22,v15
2008 Q3,20721,2017-05-22,v15
2008 Q4,39958,2017-05-22,v15
2008 SEP,9684,2017-05-22,v15
2009,153800,2017-05-22,v15
2009 APR,10192,2017-05-22,v15
2009 AUG,11562,2017-05-22,v15
2009 DEC,20738,2017-05-22,v15
2009 FEB,10163,2017-05-22,v15
2009 JAN,5740,2017-05-22,v15
2009 JUL,8828,2017-05-22,v15
2009 JUN,16137,2017-05-22,v15
2009 MAR,13484,2017-05-22,v15
2009 MAY,13319,2017-05-22,v15
2009 NOV,16462,2017-05-22,v15
2009 OCT,14221,2017-05-22,v15
2009 Q1,29387,2017-05-22,v15
2009 Q2,39648,2017-05-22,v15
2009 Q3,33344,2017-05-22,v15
2009 Q4,51421,2017-05-22,v15
2009 SEP,12954,2017-05-22,v15
2010,143530,2017-05-22,v15
2010 APR,8734,2017-05-22,v15
2010 AUG,11358,2017-05-22,v15
2010 DEC,17143,2017-05-22,v15
2010 FEB,8632,2017-05-22,v15
2010 JAN,6208,2017-05-22,v15
2010 JUL,9008,2017-05-22,v15
2010 JUN,12049,2017-05-22,v15
2010 MAR,12418,2017-05-22,v15
2010 MAY,13311,2017-05-22,v15
2010 NOV,17761,2017-05-22,v15
2010 OCT,14350,2017-05-22,v15
2010 Q1,27258,2017-05-22,v15
2010 Q2,34094,2017-05-22,v15
2010 Q3,32924,2017-05-22,v15
2010 Q4,49254,2017-05-22,v15
2010 SEP,12558,2017-05-22,v15
2011,115136,2017-05-22,v15
2011 APR,11092,2017-05-22,v15
2011 AUG,9350,2017-05-22,v15
2011 DEC,13531,2017-05-22,v15
2011 FEB,8259,2017-05-22,v15
2011 JAN,-487,2017-05-22,v15
2011 JUL,4510,2017-05-22,v15
2011 JUN,9795,2017-05-22,v15
2011 MAR,12293,2017-05-22,v15
2011 MAY,9516,2017-05-22,v15
2011 NOV,13300,2017-05-22,v15
2011 OCT,12838,2017-05-22,v15
2011 Q1,20065,2017-05-22,v15
2011 Q2,30403,2017-05-22,v15
2011 Q3,24999,2017-05-22,v15
2011 Q4,39669,2017-05-22,v15
2011 SEP,11139,2017-05-22,v15
2012,129118,2017-05-22,v15
2012 APR,21280,2017-05-22,v15
2012 AUG,10226,2017-05-22,v15
2012 DEC,13963,2017-05-22,v15
2012 FEB,9320,2017-05-22,v15
2012 JAN,-648,2017-05-22,v15
2012 JUL,2568,2017-05-22,v15
2012 JUN,9531,2017-05-22,v15
2012 MAR,12162,2017-05-22,v15
2012 MAY,13555,2017-05-22,v15
2012 NOV,14411,2017-05-22,v15
2012 OCT,12233,2017-05-22,v15
2012 Q1,20834,2017-05-22,v15
2012 Q2,44366,2017-05-22,v15
2012 Q3,23311,2017-05-22,v15
2012 Q4,40607,2017-05-22,v15
2012 SEP,10517,2017-05-22,v15
2013,102620,2017-05-22,v15
2013 APR,10504,2017-05-22,v15
2013 AUG,8998,2017-05-22,v15
2013 DEC,11115,2017-05-22,v15
2013 FEB,6685,2017-05-22,v15
2013 JAN,-1785,2017-05-22,v15
2013 JUL,4013,2017-05-22,v15
2013 JUN,9050,2017-05-22,v15
2013 MAR,8740,2017-05-22,v15
2013 MAY,9950,2017-05-22,v15
2013 NOV,13985,2017-05-22,v15
2013 OCT,12082,2017-05-22,v15
2013 Q1,13640,2017-05-22,v15
2013 Q2,29504,2017-05-22,v15
2013 Q3,22294,2017-05-22,v15
2013 Q4,37182,2017-05-22,v15
2013 SEP,9283,2017-05-22,v15
2014,101228,2017-05-22,v15
2014 APR,10975,2017-05-22,v15
2014 AUG,8934,2017-05-22,v15
2014 DEC,12202,2017-05-22,v15
2014 FEB,8812,2017-05-22,v15
2014 JAN,-1477,2017-05-22,v15
2014 JUL,3714,2017-05-22,v15
2014 JUN,8622,2017-05-22,v15
2014 MAR,6137,2017-05-22,v15
2014 MAY,10826,2017-05-22,v15
2014 NOV,11199,2017-05-22,v15
2014 OCT,11462,2017-05-22,v15
2014 Q1,13472,2017-05-22,v15
2014 Q2,30423,2017-05-22,v15
2014 Q3,22470,2017-05-22,v15
2014 Q4,34863,2017-05-22,v15
2014 SEP,9822,2017-05-22,v15
2015,79005,2017-05-22,v15
2015 APR,9366,2017-05-22,v15
2015 AUG,8685,2017-05-22,v15
2015 DEC,7246,2017-05-22,v15
2015 FEB,5891,2017-05-22,v15
2015 JAN,-5110,2017-05-22,v15
2015 JUL,1989,2017-05-22,v15
2015 JUN,7772,2017-05-22,v15
2015 MAR,5918,2017-05-22,v15
2015 MAY,7506,2017-05-22,v15
2015 NOV,11374,2017-05-22,v15
2015 OCT,10453,2017-05-22,v15
2015 Q1,6699,2017-05-22,v15
2015 Q2,24644,2017-05-22,v15
2015 Q3,18589,2017-05-22,v15
2015 Q4,29073,2017-05-22,v15
2015 SEP,7915,2017-05-22,v15
2016,56882,2017-05-22,v15
2016 APR,9166,2017-05-22,v15
2016 AUG,7115,2017-05-22,v15
2016 DEC,4848,2017-05-22,v15
2016 FEB,4560,2017-05-22,v15
2016 JAN,-9002,2017-05-22,v15
2016 JUL,588,2017-05-22,v15
2016 JUN,4997,2017-05-22,v15
2016 MAR,4269,2017-05-22,v15
2016 MAY,6981,2017-05-22,v15
2016 NOV,9023,2017-05-22,v15
2016 OCT,7672,2017-05-22,v15
2016 Q1,-173,2017-05-22,v15
2016 Q2,21144,2017-05-22,v15
2016 Q3,14368,2017-05-22,v15
2016 Q4,21543,2017-05-22,v15
2016 SEP,6665,2017-05-22,v15
2017 APR,10368,2017-05-22,v15
2017 FEB,-379,2017-05-22,v15
2017 JAN,-11030,2017-05-22,v15
2017 MAR,3055,2017-05-22,v15
2017 Q1,-8354,2017-05-22,v15
1997 APR,2446,2017-06-20,v16
1997 JUN,4565,2017-06-20,v16
1997 MAY,2631,2017-06-20,v16
1998,-544,2017-06-20,v16
1998 APR,1588,2017-06-20,v16
1998 AUG,1716,2017-06-20,v16
1998 JUL,-2993,2017-06-20,v16
1998 JUN,3039,2017-06-20,v16
1998 MAY,3533,2017-06-20,v16
1998 NOV,2658,2017-06-20,v16
1998 OCT,-6729,2017-06-20,v16
1998 Q2,8160,2017-06-20,v16
1998 Q3,-63,2017-06-20,v16
1998 Q4,-3452,2017-06-20,v16
1998 SEP,1214,2017-06-20,v16
1999,-11038,2017-06-20,v16
1999 FEB,-2420,2017-06-20,v16
1999 JAN,-7130,2017-06-20,v16
1999 MAR,515,2017-06-20,v16
1999 Q1,-9035,2017-06-20,v16
2007 APR,3141,2017-06-20,v16
2007 DEC,5102,2017-06-20,v16
2007 MAY,5023,2017-06-20,v16
2007 OCT,5905,2017-06-20,v16
2008,81739,2017-06-20,v16
2008 APR,6284,2017-06-20,v16
2008 AUG,8160,2017-06-20,v16
2008 DEC,14921,2017-06-20,v16
2008 FEB,2162,2017-06-20,v16
2008 JAN,-6818,2017-06-20,v16
2008 JUL,2875,2017-06-20,v16
2008 JUN,6756,2017-06-20,v16
2008 MAR,5003,2017-06-20,v16
2008 MAY,7682,2017-06-20,v16
2008 NOV,14674,2017-06-20,v16
2008 OCT,10359,2017-06-20,v16
2008 Q2,20722,2017-06-20,v16
2008 Q3,20716,2017-06-20,v16
2008 Q4,39954,2017-06-20,v16
2008 SEP,9681,2017-06-20,v16
2009,153785,2017-06-20,v16
2009 AUG,11561,2017-06-20,v16
2009 DEC,20736,2017-06-20,v16
2009 FEB,10161,2017-06-20,v16
2009 JAN,5738,2017-06-20,v16
2009 JUL,8827,2017-06-20,v16
2009 JUN,16135,2017-06-20,v16
2009 MAR,13483,2017-06-20,v16
2009 NOV,16461,2017-06-20,v16
2009 OCT,14220,2017-06-20,v16
2009 Q1,29382,2017-06-20,v16
2009 Q2,39646,2017-06-20,v16
2009 Q3,33340,2017-06-20,v16
2009 Q4,51417,2017-06-20,v16
2009 SEP,12952,2017-06-20,v16
2010,143523,2017-06-20,v16
2010 AUG,11359,2017-06-20,v16
2010 DEC,17141,2017-06-20,v16
2010 FEB,8630,2017-06-20,v16
2010 JAN,6206,2017-06-20,v16
2010 JUL,9009,2017-06-20,v16
2010 JUN,12048,2017-06-20,v16
2010 MAR,12419,2017-06-20,v16
2010 Q1,27255,2017-06-20,v16
2010 Q2,34093,2017-06-20,v16
2010 Q3,32923,2017-06-20,v16
2010 Q4,49252,2017-06-20,v16
2010 SEP,12555,2017-06-20,v16
2011,115126,2017-06-20,v16
2011 AUG,9349,2017-06-20,v16
2011 FEB,8258,2017-06-20,v16
2011 JAN,-488,2017-06-20,v16
2011 JUL,4509,2017-06-20,v16
2011 JUN,9794,2017-06-20,v16
2011 NOV,13298,2017-06-20,v16
2011 OCT,12836,2017-06-20,v16
2011 Q1,20063,2017-06-20,v16
2011 Q2,30402,2017-06-20,v16
2011 Q3,24996,2017-06-20,v16
2011 Q4,39665,2017-06-20,v16
2011 SEP,11138,2017-06-20,v16
2012,129101,2017-06-20,v16
2012 APR,21279,2017-06-20,v16
2012 AUG,10224,2017-06-20,v16
2012 DEC,13961,2017-06-20,v16
2012 FEB,9319,2017-06-20,v16
2012 JAN,-649,2017-06-20,v16
2012 JUL,2566,2017-06-20,v16
2012 JUN,9530,2017-06-20,v16
2012 MAR,12161,2017-06-20,v16
2012 MAY,13554,2017-06-20,v16
2012 NOV,14409,2017-06-20,v16
2012 OCT,12231,2017-06-20,v16
2012 Q1,20831,2017-06-20,v16
2012 Q2,44363,2017-06-20,v16
2012 Q3,23306,2017-06-20,v16
2012 Q4,40601,2017-06-20,v16
2012 SEP,10516,2017-06-20,v16
2013,102574,2017-06-20,v16
2013 APR,10498,2017-06-20,v16
2013 AUG,8996,2017-06-20,v16
2013 DEC,11111,2017-06-20,v16
2013 FEB,6683,2017-06-20,v16
2013 JAN,-1787,2017-06-20,v16
2013 JUL,4011,2017-06-20,v16
2013 JUN,9040,2017-06-20,v16
2013 MAR,8738,2017-06-20,v16
2013 MAY,9944,2017-06-20,v16
2013 NOV,13982,2017-06-20,v16
2013 OCT,12079,2017-06-20,v16
2013 Q1,13634,2017-06-20,v16
2013 Q2,29482,2017-06-20,v16
2013 Q3,22286,2017-06-20,v16
2013 Q4,37172,2017-06-20,v16
2013 SEP,9279,2017-06-20,v16
2014,101167,2017-06-20,v16
2014 APR,10968,2017-06-20,v16
2014 AUG,8929,2017-06-20,v16
2014 DEC,12198,2017-06-20,v16
2014 FEB,8809,2017-06-20,v16
2014 JAN,-1480,2017-06-20,v16
2014 JUL,3709,2017-06-20,v16
2014 JUN,8612,2017-06-20,v16
2014 MAR,6136,2017-06-20,v16
2014 MAY,10819,2017-06-20,v16
2014 NOV,11194,2017-06-20,v16
2014 OCT,11457,2017-06-20,v16
2014 Q1,13465,2017-06-20,v16
2014 Q2,30399,2017-06-20,v16
2014 Q3,22454,2017-06-20,v16
2014 Q4,34849,2017-06-20,v16
2014 SEP,9816,2017-06-20,v16
2015,79025,2017-06-20,v16
2015 APR,9369,2017-06-20,v16
2015 AUG,8688,2017-06-20,v16
2015 DEC,7251,2017-06-20,v16
2015 FEB,5886,2017-06-20,v16
2015 JAN,-5115,2017-06-20,v16
2015 JUL,1992,2017-06-20,v16
2015 JUN,7777,2017-06-20,v16
2015 MAR,5915,2017-06-20,v16
2015 MAY,7509,2017-06-20,v16
2015 NOV,11377,2017-06-20,v16
2015 OCT,10456,2017-06-20,v16
2015 Q1,6686,2017-06-20,v16
2015 Q2,24655,2017-06-20,v16
2015 Q3,18600,2017-06-20,v16
2015 Q4,29084,2017-06-20,v16
2015 SEP,7920,2017-06-20,v16
2016,56777,2017-06-20,v16
2016 APR,9114,2017-06-20,v16
2016 AUG,6881,2017-06-20,v16
2016 DEC,5409,2017-06-20,v16
2016 FEB,4564,2017-06-20,v16
2016 JAN,-8998,2017-06-20,v16
2016 JUL,388,2017-06-20,v16
2016 JUN,4818,2017-06-20,v16
2016 MAR,4276,2017-06-20,v16
2016 MAY,7056,2017-06-20,v16
2016 NOV,9049,2017-06-20,v16
2016 Q1,-158,2017-06-20,v16
2016 Q2,20988,2017-06-20,v16
2016 Q3,13817,2017-06-20,v16
2016 Q4,22130,2017-06-20,v16
2016 SEP,6548,2017-06-20,v16
2017 APR,9395,2017-06-20,v16
2017 FEB,-925,2017-06-20,v16
2017 JAN,-11577,2017-06-20,v16
2017 MAR,2188,2017-06-20,v16
2017 MAY,6713,2017-06-20,v16
2017 Q1,-10314,2017-06-20,v16
2013,102243,2017-07-20,v17
2013 OCT,11748,2017-07-20,v17
2013 Q4,36841,2017-07-20,v17
2015,78949,2017-07-20,v17
2015 APR,9347,2017-07-20,v17
2015 AUG,8681,2017-07-20,v17
2015 DEC,7247,2017-07-20,v17
2015 JUL,1989,2017-07-20,v17
2015 JUN,7762,2017-07-20,v17
2015 MAY,7494,2017-07-20,v17
2015 NOV,11374,2017-07-20,v17
2015 OCT,10453,2017-07-20,v17
2015 Q2,24603,2017-07-20,v17
2015 Q3,18586,2017-07-20,v17
2015 Q4,29074,2017-07-20,v17
2015 SEP,7916,2017-07-20,v17
2016,56585,2017-07-20,v17
2016 APR,9100,2017-07-20,v17
2016 AUG,6870,2017-07-20,v17
2016 DEC,5286,2017-07-20,v17
2016 FEB,4565,2017-07-20,v17
2016 JAN,-8997,2017-07-20,v17
2016 JUL,375,2017-07-20,v17
2016 JUN,4805,2017-07-20,v17
2016 MAR,4288,2017-07-20,v17
2016 MAY,7045,2017-07-20,v17
2016 NOV,9043,2017-07-20,v17
2016 OCT,7664,2017-07-20,v17
2016 Q1,-144,2017-07-20,v17
2016 Q2,20950,2017-07-20,v17
2016 Q3,13786,2017-07-20,v17
2016 Q4,21993,2017-07-20,v17
2016 SEP,6541,2017-07-20,v17
2017 APR,9006,2017-07-20,v17
2017 FEB,-1084,2017-07-20,v17
2017 JAN,-11736,2017-07-20,v17
2017 JUN,6854,2017-07-20,v17
2017 MAR,2306,2017-07-20,v17
2017 MAY,6964,2017-07-20,v17
2017 Q1,-10514,2017-07-20,v17
2017 Q2,22824,2017-07-20,v17
1993,WITHDRAWN,2017-08-21,v18
1993 APR,WITHDRAWN,2017-08-21,v18
1993 AUG,WITHDRAWN,2017-08-21,v18
1993 DEC,WITHDRAWN,2017-08-21,v18
1993 FEB,WITHDRAWN,2017-08-21,v18
1993 JAN,WITHDRAWN,2017-08-21,v18
1993 JUL,WITHDRAWN,2017-08-21,v18
1993 JUN,WITHDRAWN,2017-08-21,v18
1993 MAR,WITHDRAWN,2017-08-21,v18
1993 MAY,WITHDRAWN,2017-08-21,v18
1993 NOV,WITHDRAWN,2017-08-21,v18
1993 OCT,WITHDRAWN,2017-08-21,v18
1993 Q1,WITHDRAWN,2017-08-21,v18
1993 Q2,WITHDRAWN,2017-08-21,v18
1993 Q3,WITHDRAWN,2017-08-21,v18
1993 Q4,WITHDRAWN,2017-08-21,v18
1993 SEP,WITHDRAWN,2017-08-21,v18
1994,WITHDRAWN,2017-08-21,v18
1994 APR,WITHDRAWN,2017-08-21,v18
1994 AUG,WITHDRAWN,2017-08-21,v18
1994 DEC,WITHDRAWN,2017-08-21,v18
1994 FEB,WITHDRAWN,2017-08-21,v18
1994 JAN,WITHDRAWN,2017-08-21,v18
1994 JUL,WITHDRAWN,2017-08-21,v18
1994 JUN,WITHDRAWN,2017-08-21,v18
1994 MAR,WITHDRAWN,2017-08-21,v18
1994 MAY,WITHDRAWN,2017-08-21,v18
1994 NOV,WITHDRAWN,2017-08-21,v18
1994 OCT,WITHDRAWN,2017-08-21,v18
1994 Q1,WITHDRAWN,2017-08-21,v18
1994 Q2,WITHDRAWN,2017-08-21,v18
1994 Q3,WITHDRAWN,2017-08-21,v18
1994 Q4,WITHDRAWN,2017-08-21,v18
1994 SEP,WITHDRAWN,2017-08-21,v18
1995,WITHDRAWN,2017-08-21,v18
1995 APR,WITHDRAWN,2017-08-21,v18
1995 AUG,WITHDRAWN,2017-08-21,v18
1995 DEC,WITHDRAWN,2017-08-21,v18
1995 FEB,WITHDRAWN,2017-08-21,v18
1995 JAN,WITHDRAWN,2017-08-21,v18
1995 JUL,WITHDRAWN,2017-08-21,v18
1995 JUN,WITHDRAWN,2017-08-21,v18
1995 MAR,WITHDRAWN,2017-08-21,v18
1995 MAY,WITHDRAWN,2017-08-21,v18
1995 NOV,WITHDRAWN,2017-08-21,v18
1995 OCT,WITHDRAWN,2017-08-21,v18
1995 Q1,WITHDRAWN,2017-08-21,v18
1995 Q2,WITHDRAWN,2017-08-21,v18
1995 Q3,WITHDRAWN,2017-08-21,v18
1995 Q4,WITHDRAWN,2017-08-21,v18
1995 SEP,WITHDRAWN,2017-08-21,v18
1996,WITHDRAWN,2017-08-21,v18
1996 APR,WITHDRAWN,2017-08-21,v18
1996 AUG,WITHDRAWN,2017-08-21,v18
1996 DEC,WITHDRAWN,2017-08-21,v18
1996 FEB,WITHDRAWN,2017-08-21,v18
1996 JAN,WITHDRAWN,2017-08-21,v18
1996 JUL,WITHDRAWN,2017-08-21,v18
1996 JUN,WITHDRAWN,2017-08-21,v18
1996 MAR,WITHDRAWN,2017-08-21,v18
1996 MAY,WITHDRAWN,2017-08-21,v18
1996 NOV,WITHDRAWN,2017-08-21,v18
1996 OCT,WITHDRAWN,2017-08-21,v18
1996 Q1,WITHDRAWN,2017-08-21,v18
1996 Q2,WITHDRAWN,2017-08-21,v18
1996 Q3,WITHDRAWN,2017-08-21,v18
1996 Q4,WITHDRAWN,2017-08-21,v18
1996 SEP,WITHDRAWN,2017-08-21,v18
1997 FEB,WITHDRAWN,2017-08-21,v18
1997 JAN,WITHDRAWN,2017-08-21,v18
1997 MAR,WITHDRAWN,2017-08-21,v18
1997 Q1,WITHDRAWN,2017-08-21,v18
2015,78965,2017-08-21,v18
2015 DEC,7257,2017-08-21,v18
2015 NOV,11378,2017-08-21,v18
2015 OCT,10455,2017-08-21,v18
2015 Q4,29090,2017-08-21,v18
2016,55565,2017-08-21,v18
2016 APR,8978,2017-08-21,v18
2016 AUG,6771,2017-08-21,v18
2016 DEC,5077,2017-08-21,v18
2016 FEB,4574,2017-08-21,v18
2016 JAN,-8986,2017-08-21,v18
2016 JUL,308,2017-08-21,v18
2016 JUN,4687,2017-08-21,v18
2016 MAR,4298,2017-08-21,v18
2016 MAY,6928,2017-08-21,v18
2016 NOV,8937,2017-08-21,v18
2016 OCT,7561,2017-08-21,v18
2016 Q1,-114,2017-08-21,v18
2016 Q2,20593,2017-08-21,v18
2016 Q3,13511,2017-08-21,v18
2016 Q4,21575,2017-08-21,v18
2016 SEP,6432,2017-08-21,v18
2017 APR,9264,2017-08-21,v18
2017 FEB,-1246,2017-08-21,v18
2017 JAN,-11674,2017-08-21,v18
2017 JUL,-184,2017-08-21,v18
2017 JUN,6249,2017-08-21,v18
2017 MAR,2387,2017-08-21,v18
2017 MAY,7446,2017-08-21,v18
2017 Q1,-10533,2017-08-21,v18
2017 Q2,22959,2017-08-21,v18
1997,17741,2017-09-20,v19
1997 APR,2707,2017-09-20,v19
1997 AUG,2828,2017-09-20,v19
1997 DEC,815,2017-09-20,v19
1997 JUL,617,2017-09-20,v19
1997 JUN,4829,2017-09-20,v19
1997 MAY,2892,2017-09-20,v19
1997 NOV,-1901,2017-09-20,v19
1997 OCT,-1583,2017-09-20,v19
1997 Q2,10428,2017-09-20,v19
1997 Q3,5630,2017-09-20,v19
1997 Q4,-2669,2017-09-20,v19
1997 SEP,2185,2017-09-20,v19
1998,2426,2017-09-20,v19
1998 APR,1829,2017-09-20,v19
1998 AUG,1998,2017-09-20,v19
1998 DEC,857,2017-09-20,v19
1998 FEB,277,2017-09-20,v19
1998 JAN,-7263,2017-09-20,v19
1998 JUL,-2711,2017-09-20,v19
1998 JUN,3279,2017-09-20,v19
1998 MAR,2479,2017-09-20,v19
1998 MAY,3774,2017-09-20,v19
1998 NOV,2898,2017-09-20,v19
1998 OCT,-6488,2017-09-20,v19
1998 Q1,-4507,2017-09-20,v19
1998 Q2,8882,2017-09-20,v19
1998 Q3,784,2017-09-20,v19
1998 Q4,-2733,2017-09-20,v19
1998 SEP,1497,2017-09-20,v19
1999,-7812,2017-09-20,v19
1999 APR,401,2017-09-20,v19
1999 AUG,1544,2017-09-20,v19
1999 DEC,1454,2017-09-20,v19
1999 FEB,-2158,2017-09-20,v19
1999 JAN,-6869,2017-09-20,v19
1999 JUL,-3368,2017-09-20,v19
1999 JUN,2454,2017-09-20,v19
1999 MAR,777,2017-09-20,v19
1999 MAY,3454,2017-09-20,v19
1999 NOV,2558,2017-09-20,v19
1999 OCT,-7297,2017-09-20,v19
1999 Q1,-8250,2017-09-20,v19
1999 Q2,6309,2017-09-20,v19
1999 Q3,-2586,2017-09-20,v19
1999 Q4,-3285,2017-09-20,v19
1999 SEP,-762,2017-09-20,v19
2000,-16126,2017-09-20,v19
2000 APR,2868,2017-09-20,v19
2000 AUG,3372,2017-09-20,v19
2000 DEC,1539,2017-09-20,v19
2000 FEB,-911,2017-09-20,v19
2000 JAN,-9467,2017-09-20,v19
2000 JUL,-3796,2017-09-20,v19
2000 JUN,2686,2017-09-20,v19
2000 MAR,-1250,2017-09-20,v19
2000 MAY,-9281,2017-09-20,v19
2000 NOV,2473,2017-09-20,v19
2000 OCT,990,2017-09-20,v19
2000 Q1,-11628,2017-09-20,v19
2000 Q2,-3727,2017-09-20,v19
2000 Q3,-5773,2017-09-20,v19
2000 Q4,5002,2017-09-20,v19
2000 SEP,-5349,2017-09-20,v19
2001,-2396,2017-09-20,v19
2001 APR,-178,2017-09-20,v19
2001 AUG,-872,2017-09-20,v19
2001 DEC,3147,2017-09-20,v19
2001 FEB,-3747,2017-09-20,v19
2001 JAN,-6915,2017-09-20,v19
2001 JUL,-1856,2017-09-20,v19
2001 JUN,-264,2017-09-20,v19
2001 MAR,-1172,2017-09-20,v19
2001 MAY,1614,2017-09-20,v19
2001 NOV,4865,2017-09-20,v19
2001 OCT,3117,2017-09-20,v19
2001 Q1,-11834,2017-09-20,v19
2001 Q2,1172,2017-09-20,v19
2001 Q3,-2863,2017-09-20,v19
2001 Q4,11129,2017-09-20,v19
2001 SEP,-135,2017-09-20,v19
2002,23675,2017-09-20,v19
2002 APR,2416,2017-09-20,v19
2002 AUG,2075,2017-09-20,v19
2002 DEC,4769,2017-09-20,v19
2002 FEB,-1628,2017-09-20,v19
2002 JAN,-4851,2017-09-20,v19
2002 JUL,-769,2017-09-20,v19
2002 JUN,3516,2017-09-20,v19
2002 MAR,1312,2017-09-20,v19
2002 MAY,3753,2017-09-20,v19
2002 NOV,6547,2017-09-20,v19
2002 OCT,3662,2017-09-20,v19
2002 Q1,-5167,2017-09-20,v19
2002 Q2,9685,2017-09-20,v19
2002 Q3,4179,2017-09-20,v19
2002 Q4,14978,2017-09-20,v19
2002 SEP,2873,2017-09-20,v19
2003,42068,2017-09-20,v19
2003 APR,3089,2017-09-20,v19
2003 AUG,4119,2017-09-20,v19
2003 DEC,4792,2017-09-20,v19
2003 FEB,1919,2017-09-20,v19
2003 JAN,-418,2017-09-20,v19
2003 JUL,1457,2017-09-20,v19
2003 JUN,4425,2017-09-20,v19
2003 MAR,1558,2017-09-20,v19
2003 MAY,6235,2017-09-20,v19
2003 NOV,7036,2017-09-20,v19
2003 OCT,4202,2017-09-20,v19
2003 Q1,3059,2017-09-20,v19
2003 Q2,13749,2017-09-20,v19
2003 Q3,9230,2017-09-20,v19
2003 Q4,16030,2017-09-20,v19
2003 SEP,3654,2017-09-20,v19
2004,43416,2017-09-20,v19
2004 APR,7688,2017-09-20,v19
2004 AUG,4315,2017-09-20,v19
2004 DEC,5109,2017-09-20,v19
2004 FEB,-232,2017-09-20,v19
2004 JAN,-234,2017-09-20,v19
2004 JUL,2246,2017-09-20,v19
2004 JUN,2079,2017-09-20,v19
2004 MAR,207,2017-09-20,v19
2004 MAY,6092,2017-09-20,v19
2004 NOV,7074,2017-09-20,v19
2004 OCT,4878,2017-09-20,v19
2004 Q1,-259,2017-09-20,v19
2004 Q2,15859,2017-09-20,v19
2004 Q3,10755,2017-09-20,v19
2004 Q4,17061,2017-09-20,v19
2004 SEP,4194,2017-09-20,v19
2005,44190,2017-09-20,v19
2005 APR,4404,2017-09-20,v19
2005 AUG,4265,2017-09-20,v19
2005 DEC,5359,2017-09-20,v19
2005 FEB,1871,2017-09-20,v19
2005 JAN,-1289,2017-09-20,v19
2005 JUL,1037,2017-09-20,v19
2005 JUN,4539,2017-09-20,v19
2005 MAR,2078,2017-09-20,v19
2005 MAY,4491,2017-09-20,v19
2005 NOV,9841,2017-09-20,v19
2005 OCT,4485,2017-09-20,v19
2005 Q1,2660,2017-09-20,v19
2005 Q2,13434,2017-09-20,v19
2005 Q3,8411,2017-09-20,v19
2005 Q4,19685,2017-09-20,v19
2005 SEP,3109,2017-09-20,v19
2006,40415,2017-09-20,v19
2006 APR,4493,2017-09-20,v19
2006 AUG,3554,2017-09-20,v19
2006 DEC,4464,2017-09-20,v19
2006 FEB,2058,2017-09-20,v19
2006 JAN,-3511,2017-09-20,v19
2006 JUL,1032,2017-09-20,v19
2006 JUN,3868,2017-09-20,v19
2006 MAR,1464,2017-09-20,v19
2006 MAY,5101,2017-09-20,v19
2006 NOV,9054,2017-09-20,v19
2006 OCT,4039,2017-09-20,v19
2006 Q1,11,2017-09-20,v19
2006 Q2,13462,2017-09-20,v19
2006 Q3,9385,2017-09-20,v19
2006 Q4,17557,2017-09-20,v19
2006 SEP,4799,2017-09-20,v19
2007,39511,2017-09-20,v19
2007 APR,3346,2017-09-20,v19
2007 AUG,5286,2017-09-20,v19
2007 DEC,5324,2017-09-20,v19
2007 FEB,-481,2017-09-20,v19
2007 JAN,-5544,2017-09-20,v19
2007 JUL,768,2017-09-20,v19
2007 JUN,4286,2017-09-20,v19
2007 MAR,3510,2017-09-20,v19
2007 MAY,5228,2017-09-20,v19
2007 NOV,8389,2017-09-20,v19
2007 OCT,6132,2017-09-20,v19
2007 Q1,-2515,2017-09-20,v19
2007 Q2,12860,2017-09-20,v19
2007 Q3,9321,2017-09-20,v19
2007 Q4,19845,2017-09-20,v19
2007 SEP,3267,2017-09-20,v19
2008,84893,2017-09-20,v19
2008 APR,6462,2017-09-20,v19
2008 AUG,8629,2017-09-20,v19
2008 DEC,15199,2017-09-20,v19
2008 FEB,2290,2017-09-20,v19
2008 JAN,-6690,2017-09-20,v19
2008 JUL,3344,2017-09-20,v19
2008 JUN,6932,2017-09-20,v19
2008 MAR,5125,2017-09-20,v19
2008 MAY,7860,2017-09-20,v19
2008 NOV,14957,2017-09-20,v19
2008 OCT,10642,2017-09-20,v19
2008 Q1,725,2017-09-20,v19
2008 Q2,21254,2017-09-20,v19
2008 Q3,22116,2017-09-20,v19
2008 Q4,40798,2017-09-20,v19
2008 SEP,10143,2017-09-20,v19
2009,154756,2017-09-20,v19
2009 APR,10392,2017-09-20,v19
2009 AUG,11738,2017-09-20,v19
2009 DEC,20871,2017-09-20,v19
2009 FEB,9976,2017-09-20,v19
2009 JAN,5553,2017-09-20,v19
2009 JUL,9004,2017-09-20,v19
2009 JUN,16325,2017-09-20,v19
2009 MAR,13295,2017-09-20,v19
2009 MAY,13519,2017-09-20,v19
2009 NOV,16597,2017-09-20,v19
2009 OCT,14356,2017-09-20,v19
2009 Q1,28824,2017-09-20,v19
2009 Q2,40236,2017-09-20,v19
2009 Q3,33872,2017-09-20,v19
2009 Q4,51824,2017-09-20,v19
2009 SEP,13130,2017-09-20,v19
2010,143985,2017-09-20,v19
2010 APR,8863,2017-09-20,v19
2010 AUG,11486,2017-09-20,v19
2010 DEC,17255,2017-09-20,v19
2010 FEB,8411,2017-09-20,v19
2010 JAN,5987,2017-09-20,v19
2010 JUL,9136,2017-09-20,v19
2010 JUN,12179,2017-09-20,v19
2010 MAR,12197,2017-09-20,v19
2010 MAY,13440,2017-09-20,v19
2010 NOV,17878,2017-09-20,v19
2010 OCT,14467,2017-09-20,v19
2010 Q1,26595,2017-09-20,v19
2010 Q2,34482,2017-09-20,v19
2010 Q3,33308,2017-09-20,v19
2010 Q4,49600,2017-09-20,v19
2010 SEP,12686,2017-09-20,v19
2011,115420,2017-09-20,v19
2011 APR,11177,2017-09-20,v19
2011 AUG,9445,2017-09-20,v19
2011 DEC,13595,2017-09-20,v19
2011 FEB,8116,2017-09-20,v19
2011 JAN,-630,2017-09-20,v19
2011 JUL,4605,2017-09-20,v19
2011 JUN,9871,2017-09-20,v19
2011 MAR,12140,2017-09-20,v19
2011 MAY,9601,2017-09-20,v19
2011 NOV,13364,2017-09-20,v19
2011 OCT,12902,2017-09-20,v19
2011 Q1,19626,2017-09-20,v19
2011 Q2,30649,2017-09-20,v19
2011 Q3,25284,2017-09-20,v19
2011 Q4,39861,2017-09-20,v19
2011 SEP,11234,2017-09-20,v19
2012,128381,2017-09-20,v19
2012 APR,21247,2017-09-20,v19
2012 AUG,10211,2017-09-20,v19
2012 DEC,13903,2017-09-20,v19
2012 FEB,9182,2017-09-20,v19
2012 JAN,-793,2017-09-20,v19
2012 JUL,2553,2017-09-20,v19
2012 JUN,9505,2017-09-20,v19
2012 MAR,12023,2017-09-20,v19
2012 MAY,13522,2017-09-20,v19
2012 NOV,14349,2017-09-20,v19
2012 OCT,12171,2017-09-20,v19
2012 Q1,20412,2017-09-20,v19
2012 Q2,44274,2017-09-20,v19
2012 Q3,23272,2017-09-20,v19
2012 Q4,40423,2017-09-20,v19
2012 SEP,10508,2017-09-20,v19
2013,99355,2017-09-20,v19
2013 APR,10266,2017-09-20,v19
2013 AUG,8770,2017-09-20,v19
2013 DEC,10845,2017-09-20,v19
2013 FEB,6445,2017-09-20,v19
2013 JAN,-2025,2017-09-20,v19
2013 JUL,3785,2017-09-20,v19
2013 JUN,8813,2017-09-20,v19
2013 MAR,8510,2017-09-20,v19
2013 MAY,9712,2017-09-20,v19
2013 NOV,13708,2017-09-20,v19
2013 OCT,11474,2017-09-20,v19
2013 Q1,12930,2017-09-20,v19
2013 Q2,28791,2017-09-20,v19
2013 Q3,21607,2017-09-20,v19
2013 Q4,36027,2017-09-20,v19
2013 SEP,9052,2017-09-20,v19
2014,98054,2017-09-20,v19
2014 APR,10782,2017-09-20,v19
2014 AUG,8773,2017-09-20,v19
2014 DEC,12020,2017-09-20,v19
2014 FEB,8290,2017-09-20,v19
2014 JAN,-1999,2017-09-20,v19
2014 JUL,3553,2017-09-20,v19
2014 JUN,8428,2017-09-20,v19
2014 MAR,5618,2017-09-20,v19
2014 MAY,10633,2017-09-20,v19
2014 NOV,11019,2017-09-20,v19
2014 OCT,11282,2017-09-20,v19
2014 Q1,11909,2017-09-20,v19
2014 Q2,29843,2017-09-20,v19
2014 Q3,21981,2017-09-20,v19
2014 Q4,34321,2017-09-20,v19
2014 SEP,9655,2017-09-20,v19
2015,77919,2017-09-20,v19
2015 APR,9417,2017-09-20,v19
2015 AUG,8718,2017-09-20,v19
2015 DEC,7217,2017-09-20,v19
2015 FEB,5466,2017-09-20,v19
2015 JAN,-5535,2017-09-20,v19
2015 JUL,2026,2017-09-20,v19
2015 JUN,7823,2017-09-20,v19
2015 MAR,5503,2017-09-20,v19
2015 MAY,7564,2017-09-20,v19
2015 NOV,11349,2017-09-20,v19
2015 OCT,10425,2017-09-20,v19
2015 Q1,5434,2017-09-20,v19
2015 Q2,24804,2017-09-20,v19
2015 Q3,18690,2017-09-20,v19
2015 Q4,28991,2017-09-20,v19
2015 SEP,7946,2017-09-20,v19
2016,57241,2017-09-20,v19
2016 APR,9145,2017-09-20,v19
2016 AUG,6920,2017-09-20,v19
2016 DEC,5028,2017-09-20,v19
2016 FEB,4852,2017-09-20,v19
2016 JAN,-8709,2017-09-20,v19
2016 JUL,469,2017-09-20,v19
2016 JUN,4853,2017-09-20,v19
2016 MAR,4577,2017-09-20,v19
2016 MAY,7095,2017-09-20,v19
2016 NOV,8867,2017-09-20,v19
2016 OCT,7523,2017-09-20,v19
2016 Q1,720,2017-09-20,v19
2016 Q2,21093,2017-09-20,v19
2016 Q3,14010,2017-09-20,v19
2016 Q4,21418,2017-09-20,v19
2016 SEP,6621,2017-09-20,v19
2017 APR,9427,2017-09-20,v19
2017 AUG,5669,2017-09-20,v19
2017 FEB,-1343,2017-09-20,v19
2017 JAN,-11731,2017-09-20,v19
2017 JUL,-716,2017-09-20,v19
2017 JUN,6573,2017-09-20,v19
2017 MAR,2166,2017-09-20,v19
2017 MAY,7340,2017-09-20,v19
2017 Q1,-10908,2017-09-20,v19
2017 Q2,23340,2017-09-20,v19
2014,98114,2017-10-19,v20
2014 APR,10790,2017-10-19,v20
2014 AUG,8780,2017-10-19,v20
2014 DEC,12024,2017-10-19,v20
2014 JUL,3560,2017-10-19,v20
2014 JUN,8432,2017-10-19,v20
2014 MAY,10641,2017-10-19,v20
2014 NOV,11027,2017-10-19,v20
2014 OCT,11290,2017-10-19,v20
2014 Q2,29863,2017-10-19,v20
2014 Q3,22001,2017-10-19,v20
2014 Q4,34341,2017-10-19,v20
2014 SEP,9661,2017-10-19,v20
2015,77948,2017-10-19,v20
2015 DEC,7231,2017-10-19,v20
2015 FEB,5471,2017-10-19,v20
2015 JAN,-5530,2017-10-19,v20
2015 MAR,5508,2017-10-19,v20
2015 Q1,5449,2017-10-19,v20
2015 Q4,29005,2017-10-19,v20
2016,57085,2017-10-19,v20
2016 APR,9133,2017-10-19,v20
2016 AUG,6906,2017-10-19,v20
2016 DEC,5007,2017-10-19,v20
2016 FEB,4836,2017-10-19,v20
2016 JAN,-8724,2017-10-19,v20
2016 JUL,455,2017-10-19,v20
2016 JUN,4843,2017-10-19,v20
2016 MAR,4562,2017-10-19,v20
2016 MAY,7083,2017-10-19,v20
2016 NOV,8861,2017-10-19,v20
2016 OCT,7517,2017-10-19,v20
2016 Q1,674,2017-10-19,v20
2016 Q2,21059,2017-10-19,v20
2016 Q3,13967,2017-10-19,v20
2016 Q4,21385,2017-10-19,v20
2016 SEP,6606,2017-10-19,v20
2017 APR,9282,2017-10-19,v20
2017 AUG,4716,2017-10-19,v20
2017 FEB,-1234,2017-10-19,v20
2017 JAN,-11622,2017-10-19,v20
2017 JUL,-918,2017-10-19,v20
2017 JUN,6437,2017-10-19,v20
2017 MAR,2126,2017-10-19,v20
2017 MAY,7086,2017-10-19,v20
2017 Q1,-10730,2017-10-19,v20
2017 Q2,22805,2017-10-19,v20
2017 Q3,9700,2017-10-19,v20
2017 SEP,5902,2017-10-19,v20
2013,99354,2017-11-21,v21
2013 JUN,8812,2017-11-21,v21
2013 Q2,28790,2017-11-21,v21
2014,98113,2017-11-21,v21
2014 JUN,8431,2017-11-21,v21
2014 Q2,29862,2017-11-21,v21
2015,77947,2017-11-21,v21
2015 JUN,7822,2017-11-21,v21
2015 Q2,24803,2017-11-21,v21
2016,57166,2017-11-21,v21
2016 APR,9140,2017-11-21,v21
2016 AUG,6913,2017-11-21,v21
2016 DEC,5014,2017-11-21,v21
2016 FEB,4843,2017-11-21,v21
2016 JAN,-8718,2017-11-21,v21
2016 JUL,462,2017-11-21,v21
2016 JUN,4849,2017-11-21,v21
2016 MAR,4569,2017-11-21,v21
2016 MAY,7090,2017-11-21,v21
2016 NOV,8868,2017-11-21,v21
2016 OCT,7524,2017-11-21,v21
2016 Q1,694,2017-11-21,v21
2016 Q2,21079,2017-11-21,v21
2016 Q3,13987,2017-11-21,v21
2016 Q4,21406,2017-11-21,v21
2016 SEP,6612,2017-11-21,v21
2017 APR,9084,2017-11-21,v21
2017 AUG,4622,2017-11-21,v21
2017 FEB,-1242,2017-11-21,v21
2017 JAN,-11630,2017-11-21,v21
2017 JUL,-1299,2017-11-21,v21
2017 JUN,6209,2017-11-21,v21
2017 MAR,2119,2017-11-21,v21
2017 MAY,6842,2017-11-21,v21
2017 OCT,8040,2017-11-21,v21
2017 Q1,-10753,2017-11-21,v21
2017 Q2,22135,2017-11-21,v21
2017 Q3,8331,2017-11-21,v21
2017 SEP,5008,2017-11-21,v21
1997,17789,2017-12-21,v22
1997 APR,2715,2017-12-21,v22
1997 DEC,823,2017-12-21,v22
1997 JUN,4837,2017-12-21,v22
1997 MAY,2900,2017-12-21,v22
1997 NOV,-1893,2017-12-21,v22
1997 OCT,-1575,2017-12-21,v22
1997 Q2,10452,2017-12-21,v22
1997 Q4,-2645,2017-12-21,v22
1998,2496,2017-12-21,v22
1998 APR,1841,2017-12-21,v22
1998 DEC,868,2017-12-21,v22
1998 JUN,3290,2017-12-21,v22
1998 MAY,3786,2017-12-21,v22
1998 NOV,2910,2017-12-21,v22
1998 OCT,-6476,2017-12-21,v22
1998 Q2,8917,2017-12-21,v22
1998 Q4,-2698,2017-12-21,v22
1999,-7744,2017-12-21,v22
1999 APR,411,2017-12-21,v22
1999 DEC,1466,2017-12-21,v22
1999 JUN,2464,2017-12-21,v22
1999 MAY,3464,2017-12-21,v22
1999 NOV,2571,2017-12-21,v22
1999 OCT,-7284,2017-12-21,v22
1999 Q2,6339,2017-12-21,v22
1999 Q4,-3247,2017-12-21,v22
2000,-16086,2017-12-21,v22
2000 APR,2875,2017-12-21,v22
2000 DEC,1545,2017-12-21,v22
2000 JUN,2692,2017-12-21,v22
2000 MAY,-9274,2017-12-21,v22
2000 NOV,2480,2017-12-21,v22
2000 OCT,997,2017-12-21,v22
2000 Q2,-3707,2017-12-21,v22
2000 Q4,5022,2017-12-21,v22
2001,-2438,2017-12-21,v22
2001 APR,-180,2017-12-21,v22
2001 AUG,-884,2017-12-21,v22
2001 DEC,3146,2017-12-21,v22
2001 JUL,-1868,2017-12-21,v22
2001 MAY,1612,2017-12-21,v22
2001 Q2,1168,2017-12-21,v22
2001 Q3,-2900,2017-12-21,v22
2001 Q4,11128,2017-12-21,v22
2001 SEP,-148,2017-12-21,v22
2002,23640,2017-12-21,v22
2002 APR,2418,2017-12-21,v22
2002 AUG,2070,2017-12-21,v22
2002 DEC,4770,2017-12-21,v22
2002 FEB,-1640,2017-12-21,v22
2002 JAN,-4863,2017-12-21,v22
2002 JUL,-774,2017-12-21,v22
2002 JUN,3519,2017-12-21,v22
2002 MAR,1301,2017-12-21,v22
2002 MAY,3755,2017-12-21,v22
2002 NOV,6550,2017-12-21,v22
2002 OCT,3665,2017-12-21,v22
2002 Q1,-5202,2017-12-21,v22
2002 Q2,9692,2017-12-21,v22
2002 Q3,4165,2017-12-21,v22
2002 Q4,14985,2017-12-21,v22
2002 SEP,2869,2017-12-21,v22
2003,42025,2017-12-21,v22
2003 APR,3087,2017-12-21,v22
2003 AUG,4111,2017-12-21,v22
2003 DEC,4791,2017-12-21,v22
2003 FEB,1915,2017-12-21,v22
2003 JAN,-422,2017-12-21,v22
2003 JUL,1449,2017-12-21,v22
2003 MAR,1552,2017-12-21,v22
2003 MAY,6233,2017-12-21,v22
2003 NOV,7035,2017-12-21,v22
2003 OCT,4201,2017-12-21,v22
2003 Q1,3045,2017-12-21,v22
2003 Q2,13745,2017-12-21,v22
2003 Q3,9208,2017-12-21,v22
2003 Q4,16027,2017-12-21,v22
2003 SEP,3648,2017-12-21,v22
2004,43244,2017-12-21,v22
2004 APR,7673,2017-12-21,v22
2004 AUG,4295,2017-12-21,v22
2004 DEC,5094,2017-12-21,v22
2004 FEB,-239,2017-12-21,v22
2004 JAN,-241,2017-12-21,v22
2004 JUL,2226,2017-12-21,v22
2004 JUN,2064,2017-12-21,v22
2004 MAR,199,2017-12-21,v22
2004 MAY,6077,2017-12-21,v22
2004 NOV,7059,2017-12-21,v22
2004 OCT,4863,2017-12-21,v22
2004 Q1,-281,2017-12-21,v22
2004 Q2,15814,2017-12-21,v22
2004 Q3,10695,2017-12-21,v22
2004 Q4,17016,2017-12-21,v22
2004 SEP,4174,2017-12-21,v22
2005,44068,2017-12-21,v22
2005 APR,4400,2017-12-21,v22
2005 AUG,4254,2017-12-21,v22
2005 DEC,5353,2017-12-21,v22
2005 FEB,1851,2017-12-21,v22
2005 JAN,-1309,2017-12-21,v22
2005 JUL,1026,2017-12-21,v22
2005 JUN,4533,2017-12-21,v22
2005 MAR,2060,2017-12-21,v22
2005 MAY,4487,2017-12-21,v22
2005 NOV,9836,2017-12-21,v22
2005 OCT,4480,2017-12-21,v22
2005 Q1,2602,2017-12-21,v22
2005 Q2,13420,2017-12-21,v22
2005 Q3,8377,2017-12-21,v22
2005 Q4,19669,2017-12-21,v22
2005 SEP,3097,2017-12-21,v22
2006,40373,2017-12-21,v22
2006 APR,4495,2017-12-21,v22
2006 AUG,3548,2017-12-21,v22
2006 DEC,4466,2017-12-21,v22
2006 FEB,2047,2017-12-21,v22
2006 JAN,-3522,2017-12-21,v22
2006 JUL,1026,2017-12-21,v22
2006 JUN,3869,2017-12-21,v22
2006 MAR,1451,2017-12-21,v22
2006 MAY,5103,2017-12-21,v22
2006 NOV,9056,2017-12-21,v22
2006 OCT,4041,2017-12-21,v22
2006 Q1,-24,2017-12-21,v22
2006 Q2,13467,2017-12-21,v22
2006 Q3,9367,2017-12-21,v22
2006 Q4,17563,2017-12-21,v22
2006 SEP,4793,2017-12-21,v22
2007,39589,2017-12-21,v22
2007 APR,3364,2017-12-21,v22
2007 AUG,5287,2017-12-21,v22
2007 DEC,5338,2017-12-21,v22
2007 FEB,-487,2017-12-21,v22
2007 JAN,-5550,2017-12-21,v22
2007 JUL,767,2017-12-21,v22
2007 JUN,4299,2017-12-21,v22
2007 MAR,3503,2017-12-21,v22
2007 MAY,5244,2017-12-21,v22
2007 NOV,8405,2017-12-21,v22
2007 OCT,6150,2017-12-21,v22
2007 Q1,-2534,2017-12-21,v22
2007 Q2,12907,2017-12-21,v22
2007 Q3,9323,2017-12-21,v22
2007 Q4,19893,2017-12-21,v22
2007 SEP,3269,2017-12-21,v22
2008,85180,2017-12-21,v22
2008 APR,6476,2017-12-21,v22
2008 DEC,15280,2017-12-21,v22
2008 JUN,6945,2017-12-21,v22
2008 MAR,5127,2017-12-21,v22
2008 MAY,7874,2017-12-21,v22
2008 NOV,15040,2017-12-21,v22
2008 OCT,10724,2017-12-21,v22
2008 Q1,727,2017-12-21,v22
2008 Q2,21295,2017-12-21,v22
2008 Q3,22114,2017-12-21,v22
2008 Q4,41044,2017-12-21,v22
2008 SEP,10141,2017-12-21,v22
2009,155446,2017-12-21,v22
2009 APR,10467,2017-12-21,v22
2009 AUG,11744,2017-12-21,v22
2009 DEC,20949,2017-12-21,v22
2009 FEB,10049,2017-12-21,v22
2009 JAN,5626,2017-12-21,v22
2009 JUL,9010,2017-12-21,v22
2009 JUN,16398,2017-12-21,v22
2009 MAR,13367,2017-12-21,v22
2009 MAY,13594,2017-12-21,v22
2009 NOV,16673,2017-12-21,v22
2009 OCT,14433,2017-12-21,v22
2009 Q1,29042,2017-12-21,v22
2009 Q2,40459,2017-12-21,v22
2009 Q3,33890,2017-12-21,v22
2009 Q4,52055,2017-12-21,v22
2009 SEP,13136,2017-12-21,v22
2010,144065,2017-12-21,v22
2010 APR,8876,2017-12-21,v22
2010 AUG,11480,2017-12-21,v22
2010 DEC,17265,2017-12-21,v22
2010 FEB,8418,2017-12-21,v22
2010 JAN,5995,2017-12-21,v22
2010 JUL,9131,2017-12-21,v22
2010 JUN,12191,2017-12-21,v22
2010 MAR,12209,2017-12-21,v22
2010 MAY,13452,2017-12-21,v22
2010 NOV,17889,2017-12-21,v22
2010 OCT,14479,2017-12-21,v22
2010 Q1,26622,2017-12-21,v22
2010 Q2,34519,2017-12-21,v22
2010 Q3,33291,2017-12-21,v22
2010 Q4,49633,2017-12-21,v22
2010 SEP,12680,2017-12-21,v22
2011,115444,2017-12-21,v22
2011 APR,11183,2017-12-21,v22
2011 AUG,9439,2017-12-21,v22
2011 DEC,13603,2017-12-21,v22
2011 JAN,-629,2017-12-21,v22
2011 JUL,4599,2017-12-21,v22
2011 JUN,9877,2017-12-21,v22
2011 MAR,12139,2017-12-21,v22
2011 MAY,9607,2017-12-21,v22
2011 NOV,13371,2017-12-21,v22
2011 OCT,12909,2017-12-21,v22
2011 Q2,30667,2017-12-21,v22
2011 Q3,25268,2017-12-21,v22
2011 Q4,39883,2017-12-21,v22
2011 SEP,11230,2017-12-21,v22
2012,128358,2017-12-21,v22
2012 APR,21249,2017-12-21,v22
2012 AUG,10204,2017-12-21,v22
2012 DEC,13902,2017-12-21,v22
2012 FEB,9181,2017-12-21,v22
2012 JAN,-794,2017-12-21,v22
2012 JUL,2546,2017-12-21,v22
2012 JUN,9504,2017-12-21,v22
2012 MAR,12024,2017-12-21,v22
2012 MAY,13524,2017-12-21,v22
2012 NOV,14348,2017-12-21,v22
2012 OCT,12170,2017-12-21,v22
2012 Q1,20411,2017-12-21,v22
2012 Q2,44277,2017-12-21,v22
2012 Q3,23250,2017-12-21,v22
2012 Q4,40420,2017-12-21,v22
2012 SEP,10500,2017-12-21,v22
2013,99207,2017-12-21,v22
2013 APR,10255,2017-12-21,v22
2013 AUG,8751,2017-12-21,v22
2013 DEC,10837,2017-12-21,v22
2013 FEB,6433,2017-12-21,v22
2013 JAN,-2037,2017-12-21,v22
2013 JUL,3766,2017-12-21,v22
2013 JUN,8804,2017-12-21,v22
2013 MAR,8499,2017-12-21,v22
2013 MAY,9701,2017-12-21,v22
2013 NOV,13699,2017-12-21,v22
2013 OCT,11465,2017-12-21,v22
2013 Q1,12895,2017-12-21,v22
2013 Q2,28760,2017-12-21,v22
2013 Q3,21551,2017-12-21,v22
2013 Q4,36001,2017-12-21,v22
2013 SEP,9034,2017-12-21,v22
2014,97876,2017-12-21,v22
2014 APR,10771,2017-12-21,v22
2014 AUG,8752,2017-12-21,v22
2014 DEC,12012,2017-12-21,v22
2014 FEB,8272,2017-12-21,v22
2014 JAN,-2017,2017-12-21,v22
2014 JUL,3532,2017-12-21,v22
2014 JUN,8416,2017-12-21,v22
2014 MAR,5600,2017-12-21,v22
2014 MAY,10622,2017-12-21,v22
2014 NOV,11012,2017-12-21,v22
2014 OCT,11275,2017-12-21,v22
2014 Q1,11855,2017-12-21,v22
2014 Q2,29809,2017-12-21,v22
2014 Q3,21913,2017-12-21,v22
2014 Q4,34299,2017-12-21,v22
2014 SEP,9629,2017-12-21,v22
2015,77949,2017-12-21,v22
2015 APR,9428,2017-12-21,v22
2015 AUG,8712,2017-12-21,v22
2015 DEC,7240,2017-12-21,v22
2015 FEB,5454,2017-12-21,v22
2015 JAN,-5547,2017-12-21,v22
2015 JUL,2020,2017-12-21,v22
2015 JUN,7839,2017-12-21,v22
2015 MAR,5491,2017-12-21,v22
2015 MAY,7575,2017-12-21,v22
2015 NOV,11359,2017-12-21,v22
2015 OCT,10435,2017-12-21,v22
2015 Q1,5398,2017-12-21,v22
2015 Q2,24842,2017-12-21,v22
2015 Q3,18675,2017-12-21,v22
2015 Q4,29034,2017-12-21,v22
2015 SEP,7943,2017-12-21,v22
2016,56791,2017-12-21,v22
2016 APR,9091,2017-12-21,v22
2016 AUG,6895,2017-12-21,v22
2016 DEC,5012,2017-12-21,v22
2016 FEB,4777,2017-12-21,v22
2016 JAN,-8782,2017-12-21,v22
2016 JUL,440,2017-12-21,v22
2016 JUN,4813,2017-12-21,v22
2016 MAR,4531,2017-12-21,v22
2016 MAY,7049,2017-12-21,v22
2016 NOV,8860,2017-12-21,v22
2016 OCT,7515,2017-12-21,v22
2016 Q1,526,2017-12-21,v22
2016 Q2,20953,2017-12-21,v22
2016 Q3,13925,2017-12-21,v22
2016 Q4,21387,2017-12-21,v22
2016 SEP,6590,2017-12-21,v22
2017 APR,9087,2017-12-21,v22
2017 AUG,4791,2017-12-21,v22
2017 FEB,-1221,2017-12-21,v22
2017 JAN,-11613,2017-12-21,v22
2017 JUL,-967,2017-12-21,v22
2017 JUN,6505,2017-12-21,v22
2017 MAR,2095,2017-12-21,v22
2017 MAY,7089,2017-12-21,v22
2017 NOV,8694,2017-12-21,v22
2017 OCT,7825,2017-12-21,v22
2017 Q1,-10739,2017-12-21,v22
2017 Q2,22681,2017-12-21,v22
2017 Q3,8943,2017-12-21,v22
2017 SEP,5119,2017-12-21,v22
2015,77948,2018-01-23,v23
2015 Q3,18674,2018-01-23,v23
2015 SEP,7942,2018-01-23,v23
2016,57233,2018-01-23,v23
2016 APR,9135,2018-01-23,v23
2016 AUG,6939,2018-01-23,v23
2016 DEC,5056,2018-01-23,v23
2016 JUL,484,2018-01-23,v23
2016 JUN,4857,2018-01-23,v23
2016 MAR,4575,2018-01-23,v23
2016 MAY,7093,2018-01-23,v23
2016 NOV,8905,2018-01-23,v23
2016 OCT,7560,2018-01-23,v23
2016 Q1,570,2018-01-23,v23
2016 Q2,21085,2018-01-23,v23
2016 Q3,14057,2018-01-23,v23
2016 Q4,21521,2018-01-23,v23
2016 SEP,6634,2018-01-23,v23
2017,39372,2018-01-23,v23
2017 APR,9186,2018-01-23,v23
2017 AUG,4647,2018-01-23,v23
2017 DEC,2591,2018-01-23,v23
2017 FEB,-1175,2018-01-23,v23
2017 JAN,-11567,2018-01-23,v23
2017 JUL,-930,2018-01-23,v23
2017 JUN,6146,2018-01-23,v23
2017 MAY,7120,2018-01-23,v23
2017 NOV,8257,2018-01-23,v23
2017 OCT,7610,2018-01-23,v23
2017 Q1,-10647,2018-01-23,v23
2017 Q2,22452,2018-01-23,v23
2017 Q3,9109,2018-01-23,v23
2017 Q4,18458,2018-01-23,v23
2017 SEP,5392,2018-01-23,v23
2015,77884,2018-02-21,v24
2015 APR,9410,2018-02-21,v24
2015 AUG,8711,2018-02-21,v24
2015 JUL,2000,2018-02-21,v24
2015 MAY,7574,2018-02-21,v24
2015 NOV,11357,2018-02-21,v24
2015 OCT,10413,2018-02-21,v24
2015 Q2,24823,2018-02-21,v24
2015 Q3,18653,2018-02-21,v24
2015 Q4,29010,2018-02-21,v24
2016,57015,2018-02-21,v24
2016 APR,9091,2018-02-21,v24
2016 AUG,6928,2018-02-21,v24
2016 DEC,5047,2018-02-21,v24
2016 FEB,4776,2018-02-21,v24
2016 JAN,-8811,2018-02-21,v24
2016 JUL,441,2018-02-21,v24
2016 JUN,4849,2018-02-21,v24
2016 MAY,7083,2018-02-21,v24
2016 NOV,8894,2018-02-21,v24
2016 OCT,7516,2018-02-21,v24
2016 Q1,540,2018-02-21,v24
2016 Q2,21023,2018-02-21,v24
2016 Q3,13995,2018-02-21,v24
2016 Q4,21457,2018-02-21,v24
2016 SEP,6626,2018-02-21,v24
2017,36973,2018-02-21,v24
2017 APR,9046,2018-02-21,v24
2017 AUG,4446,2018-02-21,v24
2017 DEC,1892,2018-02-21,v24
2017 FEB,-1184,2018-02-21,v24
2017 JAN,-11625,2018-02-21,v24
2017 JUL,-870,2018-02-21,v24
2017 JUN,5969,2018-02-21,v24
2017 MAR,2087,2018-02-21,v24
2017 MAY,6973,2018-02-21,v24
2017 NOV,7572,2018-02-21,v24
2017 OCT,7540,2018-02-21,v24
2017 Q1,-10722,2018-02-21,v24
2017 Q2,21988,2018-02-21,v24
2017 Q3,8703,2018-02-21,v24
2017 Q4,17004,2018-02-21,v24
2017 SEP,5127,2018-02-21,v24
2018 JAN,-10008,2018-02-21,v24
2013,99304,2018-03-21,v25
2013 APR,10263,2018-03-21,v25
2013 AUG,8760,2018-03-21,v25
2013 DEC,10846,2018-03-21,v25
2013 FEB,6438,2018-03-21,v25
2013 JAN,-2032,2018-03-21,v25
2013 JUL,3775,2018-03-21,v25
2013 JUN,8812,2018-03-21,v25
2013 MAR,8505,2018-03-21,v25
2013 MAY,9709,2018-03-21,v25
2013 NOV,13709,2018-03-21,v25
2013 OCT,11475,2018-03-21,v25
2013 Q1,12911,2018-03-21,v25
2013 Q2,28784,2018-03-21,v25
2013 Q3,21579,2018-03-21,v25
2013 Q4,36030,2018-03-21,v25
2013 SEP,9044,2018-03-21,v25
2014,97981,2018-03-21,v25
2014 APR,10780,2018-03-21,v25
2014 AUG,8762,2018-03-21,v25
2014 DEC,12023,2018-03-21,v25
2014 FEB,8278,2018-03-21,v25
2014 JAN,-2011,2018-03-21,v25
2014 JUL,3542,2018-03-21,v25
2014 JUN,8424,2018-03-21,v25
2014 MAR,5606,2018-03-21,v25
2014 MAY,10631,2018-03-21,v25
2014 NOV,11022,2018-03-21,v25
2014 OCT,11285,2018-03-21,v25
2014 Q1,11873,2018-03-21,v25
2014 Q2,29835,2018-03-21,v25
2014 Q3,21943,2018-03-21,v25
2014 Q4,34330,2018-03-21,v25
2014 SEP,9639,2018-03-21,v25
2015,77908,2018-03-21,v25
2015 FEB,5462,2018-03-21,v25
2015 JAN,-5539,2018-03-21,v25
2015 MAR,5499,2018-03-21,v25
2015 Q1,5422,2018-03-21,v25
2016,57165,2018-03-21,v25
2016 APR,9104,2018-03-21,v25
2016 AUG,6940,2018-03-21,v25
2016 DEC,5069,2018-03-21,v25
2016 FEB,4774,2018-03-21,v25
2016 JAN,-8813,2018-03-21,v25
2016 JUL,451,2018-03-21,v25
2016 JUN,4875,2018-03-21,v25
2016 MAR,4574,2018-03-21,v25
2016 MAY,7105,2018-03-21,v25
2016 NOV,8912,2018-03-21,v25
2016 OCT,7533,2018-03-21,v25
2016 Q1,535,2018-03-21,v25
2016 Q2,21084,2018-03-21,v25
2016 Q3,14032,2018-03-21,v25
2016 Q4,21514,2018-03-21,v25
2016 SEP,6641,2018-03-21,v25
2017,39480,2018-03-21,v25
2017 APR,9290,2018-03-21,v25
2017 AUG,4427,2018-03-21,v25
2017 DEC,2712,2018-03-21,v25
2017 FEB,-1158,2018-03-21,v25
2017 JAN,-11601,2018-03-21,v25
2017 JUL,-705,2018-03-21,v25
2017 JUN,6202,2018-03-21,v25
2017 MAR,2120,2018-03-21,v25
2017 MAY,7172,2018-03-21,v25
2017 NOV,8075,2018-03-21,v25
2017 OCT,7869,2018-03-21,v25
2017 Q1,-10639,2018-03-21,v25
2017 Q2,22664,2018-03-21,v25
2017 Q3,8799,2018-03-21,v25
2017 Q4,18656,2018-03-21,v25
2017 SEP,5077,2018-03-21,v25
2018 FEB,1340,2018-03-21,v25
2018 JAN,-10107,2018-03-21,v25
2016,57286,2018-04-23,v26
2016 AUG,6957,2018-04-23,v26
2016 DEC,5087,2018-04-23,v26
2016 JUL,468,2018-04-23,v26
2016 JUN,4892,2018-04-23,v26
2016 NOV,8930,2018-04-23,v26
2016 OCT,7550,2018-04-23,v26
2016 Q2,21101,2018-04-23,v26
2016 Q3,14083,2018-04-23,v26
2016 Q4,21567,2018-04-23,v26
2016 SEP,6658,2018-04-23,v26
2017,39144,2018-04-23,v26
2017 APR,9184,2018-04-23,v26
2017 AUG,4368,2018-04-23,v26
2017 DEC,2701,2018-04-23,v26
2017 FEB,-1144,2018-04-23,v26
2017 JAN,-11588,2018-04-23,v26
2017 JUL,-744,2018-04-23,v26
2017 JUN,6115,2018-04-23,v26
2017 MAR,2133,2018-04-23,v26
2017 MAY,7079,2018-04-23,v26
2017 NOV,8148,2018-04-23,v26
2017 OCT,7810,2018-04-23,v26
2017 Q1,-10599,2018-04-23,v26
2017 Q2,22378,2018-04-23,v26
2017 Q3,8706,2018-04-23,v26
2017 Q4,18659,2018-04-23,v26
2017 SEP,5082,2018-04-23,v26
2018 FEB,1203,2018-04-23,v26
2018 JAN,-9659,2018-04-23,v26
2018 MAR,1348,2018-04-23,v26
2018 Q1,-7108,2018-04-23,v26
2017,37582,2018-05-21,v27
2017 APR,8953,2018-05-21,v27
2017 AUG,4270,2018-05-21,v27
2017 DEC,2603,2018-05-21,v27
2017 FEB,-1143,2018-05-21,v27
2017 JAN,-11586,2018-05-21,v27
2017 JUL,-992,2018-05-21,v27
2017 JUN,6212,2018-05-21,v27
2017 MAR,2135,2018-05-21,v27
2017 MAY,6928,2018-05-21,v27
2017 NOV,7906,2018-05-21,v27
2017 OCT,7420,2018-05-21,v27
2017 Q1,-10594,2018-05-21,v27
2017 Q2,22093,2018-05-21,v27
2017 Q3,8154,2018-05-21,v27
2017 Q4,17929,2018-05-21,v27
2017 SEP,4876,2018-05-21,v27
2018 APR,7840,2018-05-21,v27
2018 FEB,1030,2018-05-21,v27
2018 JAN,-9518,2018-05-21,v27
2018 MAR,799,2018-05-21,v27
2018 Q1,-7689,2018-05-21,v27
1997,17911,2018-06-20,v28
1997 APR,2728,2018-06-20,v28
1997 AUG,2842,2018-06-20,v28
1997 DEC,836,2018-06-20,v28
1997 JUL,631,2018-06-20,v28
1997 JUN,4852,2018-06-20,v28
1997 MAY,2913,2018-06-20,v28
1997 NOV,-1879,2018-06-20,v28
1997 OCT,-1561,2018-06-20,v28
1997 Q2,10493,2018-06-20,v28
1997 Q3,5670,2018-06-20,v28
1997 Q4,-2604,2018-06-20,v28
1997 SEP,2197,2018-06-20,v28
1998,2653,2018-06-20,v28
1998 APR,1853,2018-06-20,v28
1998 AUG,2012,2018-06-20,v28
1998 DEC,881,2018-06-20,v28
1998 FEB,290,2018-06-20,v28
1998 JAN,-7250,2018-06-20,v28
1998 JUL,-2697,2018-06-20,v28
1998 JUN,3301,2018-06-20,v28
1998 MAR,2493,2018-06-20,v28
1998 MAY,3798,2018-06-20,v28
1998 NOV,2924,2018-06-20,v28
1998 OCT,-6462,2018-06-20,v28
1998 Q1,-4467,2018-06-20,v28
1998 Q2,8952,2018-06-20,v28
1998 Q3,825,2018-06-20,v28
1998 Q4,-2657,2018-06-20,v28
1998 SEP,1510,2018-06-20,v28
1999,-7591,2018-06-20,v28
1999 APR,425,2018-06-20,v28
1999 AUG,1556,2018-06-20,v28
1999 DEC,1479,2018-06-20,v28
1999 FEB,-2145,2018-06-20,v28
1999 JAN,-6856,2018-06-20,v28
1999 JUL,-3356,2018-06-20,v28
1999 JUN,2477,2018-06-20,v28
1999 MAR,791,2018-06-20,v28
1999 MAY,3478,2018-06-20,v28
1999 NOV,2583,2018-06-20,v28
1999 OCT,-7272,2018-06-20,v28
1999 Q1,-8210,2018-06-20,v28
1999 Q2,6380,2018-06-20,v28
1999 Q3,-2551,2018-06-20,v28
1999 Q4,-3210,2018-06-20,v28
1999 SEP,-751,2018-06-20,v28
2000,-15917,2018-06-20,v28
2000 APR,2889,2018-06-20,v28
2000 AUG,3389,2018-06-20,v28
2000 DEC,1555,2018-06-20,v28
2000 FEB,-895,2018-06-20,v28
2000 JAN,-9451,2018-06-20,v28
2000 JUL,-3779,2018-06-20,v28
2000 JUN,2703,2018-06-20,v28
2000 MAR,-1234,2018-06-20,v28
2000 MAY,-9260,2018-06-20,v28
2000 NOV,2491,2018-06-20,v28
2000 OCT,1008,2018-06-20,v28
2000 Q1,-11580,2018-06-20,v28
2000 Q2,-3668,2018-06-20,v28
2000 Q3,-5723,2018-06-20,v28
2000 Q4,5054,2018-06-20,v28
2000 SEP,-5333,2018-06-20,v28
2001,-2230,2018-06-20,v28
2001 APR,-159,2018-06-20,v28
2001 AUG,-866,2018-06-20,v28
2001 DEC,3161,2018-06-20,v28
2001 FEB,-3731,2018-06-20,v28
2001 JAN,-6899,2018-06-20,v28
2001 JUL,-1850,2018-06-20,v28
2001 JUN,-242,2018-06-20,v28
2001 MAR,-1156,2018-06-20,v28
2001 MAY,1633,2018-06-20,v28
2001 NOV,4879,2018-06-20,v28
2001 OCT,3131,2018-06-20,v28
2001 Q1,-11786,2018-06-20,v28
2001 Q2,1232,2018-06-20,v28
2001 Q3,-2847,2018-06-20,v28
2001 Q4,11171,2018-06-20,v28
2001 SEP,-131,2018-06-20,v28
2002,23811,2018-06-20,v28
2002 APR,2430,2018-06-20,v28
2002 AUG,2085,2018-06-20,v28
2002 DEC,4781,2018-06-20,v28
2002 FEB,-1624,2018-06-20,v28
2002 JAN,-4847,2018-06-20,v28
2002 JUL,-759,2018-06-20,v28
2002 JUN,3534,2018-06-20,v28
2002 MAR,1316,2018-06-20,v28
2002 MAY,3767,2018-06-20,v28
2002 NOV,6565,2018-06-20,v28
2002 OCT,3680,2018-06-20,v28
2002 Q1,-5155,2018-06-20,v28
2002 Q2,9731,2018-06-20,v28
2002 Q3,4209,2018-06-20,v28
2002 Q4,15026,2018-06-20,v28
2002 SEP,2883,2018-06-20,v28
2003,42183,2018-06-20,v28
2003 APR,3104,2018-06-20,v28
2003 AUG,4123,2018-06-20,v28
2003 DEC,4800,2018-06-20,v28
2003 FEB,1929,2018-06-20,v28
2003 JAN,-408,2018-06-20,v28
2003 JUL,1461,2018-06-20,v28
2003 JUN,4441,2018-06-20,v28
2003 MAR,1566,2018-06-20,v28
2003 MAY,6250,2018-06-20,v28
2003 NOV,7044,2018-06-20,v28
2003 OCT,4210,2018-06-20,v28
2003 Q1,3087,2018-06-20,v28
2003 Q2,13795,2018-06-20,v28
2003 Q3,9247,2018-06-20,v28
2003 Q4,16054,2018-06-20,v28
2003 SEP,3663,2018-06-20,v28
2004,43237,2018-06-20,v28
2004 APR,7668,2018-06-20,v28
2004 AUG,4291,2018-06-20,v28
2004 DEC,5093,2018-06-20,v28
2004 FEB,-234,2018-06-20,v28
2004 JAN,-236,2018-06-20,v28
2004 JUL,2222,2018-06-20,v28
2004 JUN,2060,2018-06-20,v28
2004 MAR,204,2018-06-20,v28
2004 MAY,6072,2018-06-20,v28
2004 NOV,7060,2018-06-20,v28
2004 OCT,4864,2018-06-20,v28
2004 Q1,-266,2018-06-20,v28
2004 Q2,15800,2018-06-20,v28
2004 Q3,10686,2018-06-20,v28
2004 Q4,17017,2018-06-20,v28
2004 SEP,4173,2018-06-20,v28
2005,44188,2018-06-20,v28
2005 APR,4411,2018-06-20,v28
2005 AUG,4266,2018-06-20,v28
2005 DEC,5364,2018-06-20,v28
2005 FEB,1857,2018-06-20,v28
2005 JAN,-1303,2018-06-20,v28
2005 JUL,1038,2018-06-20,v28
2005 JUN,4544,2018-06-20,v28
2005 MAR,2064,2018-06-20,v28
2005 MAY,4498,2018-06-20,v28
2005 NOV,9847,2018-06-20,v28
2005 OCT,4491,2018-06-20,v28
2005 Q1,2618,2018-06-20,v28
2005 Q2,13453,2018-06-20,v28
2005 Q3,8415,2018-06-20,v28
2005 Q4,19702,2018-06-20,v28
2005 SEP,3111,2018-06-20,v28
2006,40497,2018-06-20,v28
2006 APR,4511,2018-06-20,v28
2006 AUG,3556,2018-06-20,v28
2006 DEC,4471,2018-06-20,v28
2006 FEB,2061,2018-06-20,v28
2006 JAN,-3508,2018-06-20,v28
2006 JUL,1034,2018-06-20,v28
2006 JUN,3884,2018-06-20,v28
2006 MAR,1463,2018-06-20,v28
2006 MAY,5119,2018-06-20,v28
2006 NOV,9060,2018-06-20,v28
2006 OCT,4045,2018-06-20,v28
2006 Q1,16,2018-06-20,v28
2006 Q2,13514,2018-06-20,v28
2006 Q3,9391,2018-06-20,v28
2006 Q4,17576,2018-06-20,v28
2006 SEP,4801,2018-06-20,v28
2007,39699,2018-06-20,v28
2007 APR,3375,2018-06-20,v28
2007 AUG,5298,2018-06-20,v28
2007 DEC,5342,2018-06-20,v28
2007 FEB,-475,2018-06-20,v28
2007 JAN,-5538,2018-06-20,v28
2007 JUL,778,2018-06-20,v28
2007 JUN,4312,2018-06-20,v28
2007 MAR,3515,2018-06-20,v28
2007 MAY,5255,2018-06-20,v28
2007 NOV,8407,2018-06-20,v28
2007 OCT,6152,2018-06-20,v28
2007 Q1,-2498,2018-06-20,v28
2007 Q2,12942,2018-06-20,v28
2007 Q3,9354,2018-06-20,v28
2007 Q4,19901,2018-06-20,v28
2007 SEP,3278,2018-06-20,v28
2008,85422,2018-06-20,v28
2008 APR,6447,2018-06-20,v28
2008 AUG,8689,2018-06-20,v28
2008 DEC,15321,2018-06-20,v28
2008 FEB,2298,2018-06-20,v28
2008 JAN,-6682,2018-06-20,v28
2008 JUL,3404,2018-06-20,v28
2008 JUN,6915,2018-06-20,v28
2008 MAR,5133,2018-06-20,v28
2008 MAY,7845,2018-06-20,v28
2008 NOV,15082,2018-06-20,v28
2008 OCT,10766,2018-06-20,v28
2008 Q1,749,2018-06-20,v28
2008 Q2,21207,2018-06-20,v28
2008 Q3,22297,2018-06-20,v28
2008 Q4,41169,2018-06-20,v28
2008 SEP,10204,2018-06-20,v28
2009,155548,2018-06-20,v28
2009 APR,10517,2018-06-20,v28
2009 AUG,11779,2018-06-20,v28
2009 DEC,20966,2018-06-20,v28
2009 FEB,9981,2018-06-20,v28
2009 JAN,5558,2018-06-20,v28
2009 JUL,9045,2018-06-20,v28
2009 JUN,16445,2018-06-20,v28
2009 MAR,13300,2018-06-20,v28
2009 MAY,13644,2018-06-20,v28
2009 NOV,16690,2018-06-20,v28
2009 OCT,14450,2018-06-20,v28
2009 Q1,28839,2018-06-20,v28
2009 Q2,40606,2018-06-20,v28
2009 Q3,33997,2018-06-20,v28
2009 Q4,52106,2018-06-20,v28
2009 SEP,13173,2018-06-20,v28
2010,142798,2018-06-20,v28
2010 APR,8896,2018-06-20,v28
2010 AUG,11492,2018-06-20,v28
2010 DEC,16829,2018-06-20,v28
2010 FEB,8353,2018-06-20,v28
2010 JAN,5929,2018-06-20,v28
2010 JUL,9143,2018-06-20,v28
2010 JUN,12213,2018-06-20,v28
2010 MAR,12144,2018-06-20,v28
2010 MAY,13473,2018-06-20,v28
2010 NOV,17474,2018-06-20,v28
2010 OCT,14159,2018-06-20,v28
2010 Q1,26426,2018-06-20,v28
2010 Q2,34582,2018-06-20,v28
2010 Q3,33328,2018-06-20,v28
2010 Q4,48462,2018-06-20,v28
2010 SEP,12693,2018-06-20,v28
2011,116735,2018-06-20,v28
2011 APR,11348,2018-06-20,v28
2011 AUG,9503,2018-06-20,v28
2011 DEC,13629,2018-06-20,v28
2011 FEB,8432,2018-06-20,v28
2011 JAN,-334,2018-06-20,v28
2011 JUL,4681,2018-06-20,v28
2011 JUN,9924,2018-06-20,v28
2011 MAR,12348,2018-06-20,v28
2011 MAY,9715,2018-06-20,v28
2011 NOV,13304,2018-06-20,v28
2011 OCT,12746,2018-06-20,v28
2011 Q1,20446,2018-06-20,v28
2011 Q2,30987,2018-06-20,v28
2011 Q3,25623,2018-06-20,v28
2011 Q4,39679,2018-06-20,v28
2011 SEP,11439,2018-06-20,v28
2012,128220,2018-06-20,v28
2012 APR,21237,2018-06-20,v28
2012 AUG,10214,2018-06-20,v28
2012 DEC,13893,2018-06-20,v28
2012 FEB,9148,2018-06-20,v28
2012 JAN,-826,2018-06-20,v28
2012 JUL,2556,2018-06-20,v28
2012 JUN,9489,2018-06-20,v28
2012 MAR,11992,2018-06-20,v28
2012 MAY,13514,2018-06-20,v28
2012 NOV,14336,2018-06-20,v28
2012 OCT,12159,2018-06-20,v28
2012 Q1,20314,2018-06-20,v28
2012 Q2,44240,2018-06-20,v28
2012 Q3,23278,2018-06-20,v28
2012 Q4,40388,2018-06-20,v28
2012 SEP,10508,2018-06-20,v28
2013,99265,2018-06-20,v28
2013 APR,10269,2018-06-20,v28
2013 AUG,8766,2018-06-20,v28
2013 DEC,10839,2018-06-20,v28
2013 FEB,6418,2018-06-20,v28
2013 JAN,-2052,2018-06-20,v28
2013 JUL,3781,2018-06-20,v28
2013 JUN,8821,2018-06-20,v28
2013 MAR,8487,2018-06-20,v28
2013 MAY,9714,2018-06-20,v28
2013 NOV,13704,2018-06-20,v28
2013 OCT,11472,2018-06-20,v28
2013 Q1,12853,2018-06-20,v28
2013 Q2,28804,2018-06-20,v28
2013 Q3,21593,2018-06-20,v28
2013 Q4,36015,2018-06-20,v28
2013 SEP,9046,2018-06-20,v28
2014,97027,2018-06-20,v28
2014 APR,10661,2018-06-20,v28
2014 AUG,8603,2018-06-20,v28
2014 DEC,12010,2018-06-20,v28
2014 FEB,8256,2018-06-20,v28
2014 JAN,-2033,2018-06-20,v28
2014 JUL,3382,2018-06-20,v28
2014 JUN,8303,2018-06-20,v28
2014 MAR,5584,2018-06-20,v28
2014 MAY,10509,2018-06-20,v28
2014 NOV,11005,2018-06-20,v28
2014 OCT,11265,2018-06-20,v28
2014 Q1,11807,2018-06-20,v28
2014 Q2,29473,2018-06-20,v28
2014 Q3,21467,2018-06-20,v28
2014 Q4,34280,2018-06-20,v28
2014 SEP,9482,2018-06-20,v28
2015,77416,2018-06-20,v28
2015 APR,9388,2018-06-20,v28
2015 AUG,8669,2018-06-20,v28
2015 DEC,7191,2018-06-20,v28
2015 FEB,5412,2018-06-20,v28
2015 JAN,-5589,2018-06-20,v28
2015 JUL,1958,2018-06-20,v28
2015 JUN,7819,2018-06-20,v28
2015 MAR,5448,2018-06-20,v28
2015 MAY,7552,2018-06-20,v28
2015 NOV,11305,2018-06-20,v28
2015 OCT,10361,2018-06-20,v28
2015 Q1,5271,2018-06-20,v28
2015 Q2,24759,2018-06-20,v28
2015 Q3,18529,2018-06-20,v28
2015 Q4,28857,2018-06-20,v28
2015 SEP,7902,2018-06-20,v28
2016,56795,2018-06-20,v28
2016 APR,9089,2018-06-20,v28
2016 AUG,6924,2018-06-20,v28
2016 DEC,5044,2018-06-20,v28
2016 FEB,4702,2018-06-20,v28
2016 JAN,-8885,2018-06-20,v28
2016 JUL,434,2018-06-20,v28
2016 JUN,4875,2018-06-20,v28
2016 MAR,4497,2018-06-20,v28
2016 MAY,7090,2018-06-20,v28
2016 NOV,8888,2018-06-20,v28
2016 OCT,7509,2018-06-20,v28
2016 Q1,314,2018-06-20,v28
2016 Q2,21054,2018-06-20,v28
2016 Q3,13986,2018-06-20,v28
2016 Q4,21441,2018-06-20,v28
2016 SEP,6628,2018-06-20,v28
2017,37025,2018-06-20,v28
2017 APR,8991,2018-06-20,v28
2017 AUG,4239,2018-06-20,v28
2017 DEC,2488,2018-06-20,v28
2017 FEB,-1213,2018-06-20,v28
2017 JAN,-11656,2018-06-20,v28
2017 JUL,-1023,2018-06-20,v28
2017 JUN,6251,2018-06-20,v28
2017 MAR,2065,2018-06-20,v28
2017 MAY,6966,2018-06-20,v28
2017 NOV,7897,2018-06-20,v28
2017 OCT,7174,2018-06-20,v28
2017 Q1,-10804,2018-06-20,v28
2017 Q2,22208,2018-06-20,v28
2017 Q3,8062,2018-06-20,v28
2017 Q4,17559,2018-06-20,v28
2017 SEP,4846,2018-06-20,v28
2018 APR,6878,2018-06-20,v28
2018 FEB,871,2018-06-20,v28
2018 JAN,-9770,2018-06-20,v28
2018 MAR,521,2018-06-20,v28
2018 MAY,4966,2018-06-20,v28
2018 Q1,-8378,2018-06-20,v28
2016,56801,2018-07-19,v29
2016 DEC,5046,2018-07-19,v29
2016 NOV,8890,2018-07-19,v29
2016 OCT,7510,2018-07-19,v29
2016 Q3,13987,2018-07-19,v29
2016 Q4,21446,2018-07-19,v29
2016 SEP,6629,2018-07-19,v29
2017,36959,2018-07-19,v29
2017 APR,8981,2018-07-19,v29
2017 AUG,4224,2018-07-19,v29
2017 DEC,2533,2018-07-19,v29
2017 FEB,-1212,2018-07-19,v29
2017 JUL,-1033,2018-07-19,v29
2017 JUN,6239,2018-07-19,v29
2017 MAR,2067,2018-07-19,v29
2017 MAY,6954,2018-07-19,v29
2017 NOV,7878,2018-07-19,v29
2017 OCT,7156,2018-07-19,v29
2017 Q1,-10801,2018-07-19,v29
2017 Q2,22174,2018-07-19,v29
2017 Q3,8019,2018-07-19,v29
2017 Q4,17567,2018-07-19,v29
2017 SEP,4828,2018-07-19,v29
2018 APR,6648,2018-07-19,v29
2018 FEB,958,2018-07-19,v29
2018 JAN,-9689,2018-07-19,v29
2018 JUN,5394,2018-07-19,v29
2018 MAR,328,2018-07-19,v29
2018 MAY,4716,2018-07-19,v29
2018 Q1,-8403,2018-07-19,v29
2018 Q2,16758,2018-07-19,v29
2013,99267,2018-08-20,v30
2013 JUN,8822,2018-08-20,v30
2013 MAR,8488,2018-08-20,v30
2013 Q1,12854,2018-08-20,v30
2013 Q2,28805,2018-08-20,v30
2014,97026,2018-08-20,v30
2014 FEB,8255,2018-08-20,v30
2014 JAN,-2034,2018-08-20,v30
2014 MAR,5585,2018-08-20,v30
2014 Q1,11806,2018-08-20,v30
2015,77418,2018-08-20,v30
2015 JUN,7820,2018-08-20,v30
2015 MAR,5449,2018-08-20,v30
2015 Q1,5272,2018-08-20,v30
2015 Q2,24760,2018-08-20,v30
2016,56828,2018-08-20,v30
2016 DEC,5063,2018-08-20,v30
2016 NOV,8897,2018-08-20,v30
2016 OCT,7513,2018-08-20,v30
2016 Q4,21473,2018-08-20,v30
2017,37288,2018-08-20,v30
2017 APR,9006,2018-08-20,v30
2017 AUG,4269,2018-08-20,v30
2017 DEC,2536,2018-08-20,v30
2017 FEB,-1194,2018-08-20,v30
2017 JAN,-11640,2018-08-20,v30
2017 JUL,-981,2018-08-20,v30
2017 JUN,6263,2018-08-20,v30
2017 MAR,2086,2018-08-20,v30
2017 MAY,6984,2018-08-20,v30
2017 NOV,7928,2018-08-20,v30
2017 OCT,7158,2018-08-20,v30
2017 Q1,-10748,2018-08-20,v30
2017 Q2,22253,2018-08-20,v30
2017 Q3,8161,2018-08-20,v30
2017 Q4,17622,2018-08-20,v30
2017 SEP,4873,2018-08-20,v30
2018 APR,5963,2018-08-20,v30
2018 FEB,923,2018-08-20,v30
2018 JAN,-9716,2018-08-20,v30
2018 JUL,-2008,2018-08-20,v30
2018 JUN,4177,2018-08-20,v30
2018 MAR,169,2018-08-20,v30
2018 MAY,4641,2018-08-20,v30
2018 Q1,-8624,2018-08-20,v30
2018 Q2,14781,2018-08-20,v30
2011,117070,2018-09-20,v31
2011 APR,11509,2018-09-20,v31
2011 AUG,9461,2018-09-20,v31
2011 DEC,13621,2018-09-20,v31
2011 JUL,4639,2018-09-20,v31
2011 JUN,10082,2018-09-20,v31
2011 MAY,9876,2018-09-20,v31
2011 NOV,13298,2018-09-20,v31
2011 OCT,12740,2018-09-20,v31
2011 Q2,31467,2018-09-20,v31
2011 Q3,25498,2018-09-20,v31
2011 Q4,39659,2018-09-20,v31
2011 SEP,11398,2018-09-20,v31
2012,127479,2018-09-20,v31
2012 APR,21186,2018-09-20,v31
2012 AUG,10142,2018-09-20,v31
2012 DEC,13855,2018-09-20,v31
2012 FEB,9060,2018-09-20,v31
2012 JAN,-914,2018-09-20,v31
2012 JUL,2484,2018-09-20,v31
2012 JUN,9436,2018-09-20,v31
2012 MAR,11903,2018-09-20,v31
2012 MAY,13463,2018-09-20,v31
2012 NOV,14303,2018-09-20,v31
2012 OCT,12126,2018-09-20,v31
2012 Q1,20049,2018-09-20,v31
2012 Q2,44085,2018-09-20,v31
2012 Q3,23061,2018-09-20,v31
2012 Q4,40284,2018-09-20,v31
2012 SEP,10435,2018-09-20,v31
2013,99773,2018-09-20,v31
2013 APR,10271,2018-09-20,v31
2013 FEB,6587,2018-09-20,v31
2013 JAN,-1883,2018-09-20,v31
2013 JUN,8818,2018-09-20,v31
2013 MAR,8656,2018-09-20,v31
2013 MAY,9716,2018-09-20,v31
2013 Q1,13360,2018-09-20,v31
2014 AUG,8602,2018-09-20,v31
2014 FEB,8254,2018-09-20,v31
2014 JAN,-2035,2018-09-20,v31
2014 JUL,3381,2018-09-20,v31
2014 MAR,5587,2018-09-20,v31
2014 SEP,9484,2018-09-20,v31
2015 APR,9386,2018-09-20,v31
2015 AUG,8670,2018-09-20,v31
2015 JUL,1959,2018-09-20,v31
2015 JUN,7824,2018-09-20,v31
2015 MAY,7550,2018-09-20,v31
2015 SEP,7900,2018-09-20,v31
2016,56564,2018-09-20,v31
2016 APR,9063,2018-09-20,v31
2016 AUG,6900,2018-09-20,v31
2016 DEC,5020,2018-09-20,v31
2016 FEB,4701,2018-09-20,v31
2016 JAN,-8886,2018-09-20,v31
2016 JUL,410,2018-09-20,v31
2016 JUN,4851,2018-09-20,v31
2016 MAR,4499,2018-09-20,v31
2016 MAY,7064,2018-09-20,v31
2016 NOV,8854,2018-09-20,v31
2016 OCT,7487,2018-09-20,v31
2016 Q2,20978,2018-09-20,v31
2016 Q3,13911,2018-09-20,v31
2016 Q4,21361,2018-09-20,v31
2016 SEP,6601,2018-09-20,v31
2017,37489,2018-09-20,v31
2017 APR,8962,2018-09-20,v31
2017 AUG,4345,2018-09-20,v31
2017 DEC,2604,2018-09-20,v31
2017 FEB,-1219,2018-09-20,v31
2017 JAN,-11665,2018-09-20,v31
2017 JUL,-905,2018-09-20,v31
2017 JUN,6219,2018-09-20,v31
2017 MAR,2071,2018-09-20,v31
2017 MAY,6940,2018-09-20,v31
2017 NOV,7986,2018-09-20,v31
2017 OCT,7199,2018-09-20,v31
2017 Q1,-10813,2018-09-20,v31
2017 Q2,22121,2018-09-20,v31
2017 Q3,8392,2018-09-20,v31
2017 Q4,17789,2018-09-20,v31
2017 SEP,4952,2018-09-20,v31
2018 APR,6031,2018-09-20,v31
2018 AUG,6753,2018-09-20,v31
2018 FEB,990,2018-09-20,v31
2018 JAN,-9653,2018-09-20,v31
2018 JUL,-3072,2018-09-20,v31
2018 JUN,3635,2018-09-20,v31
2018 MAR,238,2018-09-20,v31
2018 MAY,4411,2018-09-20,v31
2018 Q1,-8425,2018-09-20,v31
2018 Q2,14077,2018-09-20,v31
2007 DEC,5340,2018-10-18,v32
2007 NOV,8408,2018-10-18,v32
2007 OCT,6153,2018-10-18,v32
2008 APR,6446,2018-10-18,v32
2008 JUN,6917,2018-10-18,v32
2008 MAY,7844,2018-10-18,v32
2009 APR,10516,2018-10-18,v32
2009 DEC,20964,2018-10-18,v32
2009 JUN,16447,2018-10-18,v32
2009 MAY,13643,2018-10-18,v32
2009 NOV,16691,2018-10-18,v32
2009 OCT,14451,2018-10-18,v32
2010 AUG,11491,2018-10-18,v32
2010 FEB,8354,2018-10-18,v32
2010 JAN,5930,2018-10-18,v32
2010 JUL,9142,2018-10-18,v32
2010 MAR,12142,2018-10-18,v32
2010 SEP,12695,2018-10-18,v32
2016,56585,2018-10-18,v32
2016 DEC,5041,2018-10-18,v32
2016 Q4,21382,2018-10-18,v32
2017,37618,2018-10-18,v32
2017 APR,8970,2018-10-18,v32
2017 AUG,4347,2018-10-18,v32
2017 DEC,2585,2018-10-18,v32
2017 FEB,-1197,2018-10-18,v32
2017 JAN,-11643,2018-10-18,v32
2017 JUL,-886,2018-10-18,v32
2017 JUN,6224,2018-10-18,v32
2017 MAR,2093,2018-10-18,v32
2017 MAY,6957,2018-10-18,v32
2017 NOV,8001,2018-10-18,v32
2017 OCT,7209,2018-10-18,v32
2017 Q1,-10747,2018-10-18,v32
2017 Q2,22151,2018-10-18,v32
2017 Q3,8419,2018-10-18,v32
2017 Q4,17795,2018-10-18,v32
2017 SEP,4958,2018-10-18,v32
2018 APR,5696,2018-10-18,v32
2018 AUG,5623,2018-10-18,v32
2018 FEB,1001,2018-10-18,v32
2018 JAN,-9648,2018-10-18,v32
2018 JUL,-3615,2018-10-18,v32
2018 JUN,3684,2018-10-18,v32
2018 MAR,91,2018-10-18,v32
2018 MAY,4373,2018-10-18,v32
2018 Q1,-8556,2018-10-18,v32
2018 Q2,13753,2018-10-18,v32
2018 Q3,6131,2018-10-18,v32
2018 SEP,4123,2018-10-18,v32
2017,37793,2018-11-21,v33
2017 APR,8971,2018-11-21,v33
2017 AUG,4369,2018-11-21,v33
2017 DEC,2614,2018-11-21,v33
2017 FEB,-1206,2018-11-21,v33
2017 JAN,-11651,2018-11-21,v33
2017 JUL,-866,2018-11-21,v33
2017 JUN,6241,2018-11-21,v33
2017 MAR,2112,2018-11-21,v33
2017 MAY,6965,2018-11-21,v33
2017 NOV,8028,2018-11-21,v33
2017 OCT,7235,2018-11-21,v33
2017 Q1,-10745,2018-11-21,v33
2017 Q2,22177,2018-11-21,v33
2017 Q3,8484,2018-11-21,v33
2017 Q4,17877,2018-11-21,v33
2017 SEP,4981,2018-11-21,v33
2018 APR,5838,2018-11-21,v33
2018 AUG,5272,2018-11-21,v33
2018 FEB,1033,2018-11-21,v33
2018 JAN,-9618,2018-11-21,v33
2018 JUL,-3879,2018-11-21,v33
2018 JUN,3448,2018-11-21,v33
2018 MAR,99,2018-11-21,v33
2018 MAY,4349,2018-11-21,v33
2018 OCT,8820,2018-11-21,v33
2018 Q1,-8486,2018-11-21,v33
2018 Q2,13635,2018-11-21,v33
2018 Q3,4238,2018-11-21,v33
2018 SEP,2845,2018-11-21,v33
2007 APR,3376,2018-12-21,v34
2007 DEC,5338,2018-12-21,v34
2007 JUN,4310,2018-12-21,v34
2007 MAY,5256,2018-12-21,v34
2007 NOV,8409,2018-12-21,v34
2007 OCT,6154,2018-12-21,v34
2008 APR,6447,2018-12-21,v34
2008 AUG,8688,2018-12-21,v34
2008 DEC,15319,2018-12-21,v34
2008 FEB,2297,2018-12-21,v34
2008 JAN,-6683,2018-12-21,v34
2008 JUL,3403,2018-12-21,v34
2008 JUN,6915,2018-12-21,v34
2008 MAR,5135,2018-12-21,v34
2008 MAY,7845,2018-12-21,v34
2008 NOV,15083,2018-12-21,v34
2008 OCT,10767,2018-12-21,v34
2008 SEP,10206,2018-12-21,v34
2009 APR,10514,2018-12-21,v34
2009 JUN,16451,2018-12-21,v34
2009 MAY,13641,2018-12-21,v34
2010 APR,8897,2018-12-21,v34
2010 AUG,11489,2018-12-21,v34
2010 DEC,16825,2018-12-21,v34
2010 JUL,9140,2018-12-21,v34
2010 JUN,12211,2018-12-21,v34
2010 MAY,13474,2018-12-21,v34
2010 NOV,17476,2018-12-21,v34
2010 OCT,14161,2018-12-21,v34
2010 SEP,12699,2018-12-21,v34
2011 APR,11508,2018-12-21,v34
2011 DEC,13623,2018-12-21,v34
2011 FEB,8431,2018-12-21,v34
2011 JAN,-335,2018-12-21,v34
2011 JUN,10084,2018-12-21,v34
2011 MAR,12350,2018-12-21,v34
2011 MAY,9875,2018-12-21,v34
2011 NOV,13297,2018-12-21,v34
2011 OCT,12739,2018-12-21,v34
2012 APR,21188,2018-12-21,v34
2012 AUG,10143,2018-12-21,v34
2012 DEC,13853,2018-12-21,v34
2012 FEB,9061,2018-12-21,v34
2012 JAN,-913,2018-12-21,v34
2012 JUL,2485,2018-12-21,v34
2012 JUN,9432,2018-12-21,v34
2012 MAR,11901,2018-12-21,v34
2012 MAY,13465,2018-12-21,v34
2012 NOV,14304,2018-12-21,v34
2012 OCT,12127,2018-12-21,v34
2012 SEP,10433,2018-12-21,v34
2013 APR,10272,2018-12-21,v34
2013 JUN,8816,2018-12-21,v34
2013 MAY,9717,2018-12-21,v34
2014 AUG,8601,2018-12-21,v34
2014 JUL,3380,2018-12-21,v34
2014 SEP,9486,2018-12-21,v34
2015 FEB,5414,2018-12-21,v34
2015 JAN,-5587,2018-12-21,v34
2015 MAR,5445,2018-12-21,v34
2016,56583,2018-12-21,v34
2016 FEB,4700,2018-12-21,v34
2016 JAN,-8887,2018-12-21,v34
2016 JUN,4850,2018-12-21,v34
2016 MAR,4501,2018-12-21,v34
2016 Q2,20977,2018-12-21,v34
2016 Q3,13910,2018-12-21,v34
2016 SEP,6600,2018-12-21,v34
2017,38393,2018-12-21,v34
2017 APR,9029,2018-12-21,v34
2017 AUG,4435,2018-12-21,v34
2017 DEC,2684,2018-12-21,v34
2017 FEB,-1201,2018-12-21,v34
2017 JAN,-11649,2018-12-21,v34
2017 JUL,-800,2018-12-21,v34
2017 JUN,6303,2018-12-21,v34
2017 MAR,2110,2018-12-21,v34
2017 MAY,7024,2018-12-21,v34
2017 NOV,8105,2018-12-21,v34
2017 OCT,7311,2018-12-21,v34
2017 Q1,-10740,2018-12-21,v34
2017 Q2,22356,2018-12-21,v34
2017 Q3,8677,2018-12-21,v34
2017 Q4,18100,2018-12-21,v34
2017 SEP,5042,2018-12-21,v34
2018 APR,5697,2018-12-21,v34
2018 AUG,6020,2018-12-21,v34
2018 FEB,1308,2018-12-21,v34
2018 JAN,-9340,2018-12-21,v34
2018 JUL,-3479,2018-12-21,v34
2018 JUN,3375,2018-12-21,v34
2018 MAR,372,2018-12-21,v34
2018 MAY,4319,2018-12-21,v34
2018 NOV,7209,2018-12-21,v34
2018 OCT,6433,2018-12-21,v34
2018 Q1,-7660,2018-12-21,v34
2018 Q2,13391,2018-12-21,v34
2018 Q3,5770,2018-12-21,v34
2018 SEP,3229,2018-12-21,v34
2010,142551,2019-01-22,v35
2010 APR,8871,2019-01-22,v35
2010 AUG,11461,2019-01-22,v35
2010 DEC,16803,2019-01-22,v35
2010 JUL,9110,2019-01-22,v35
2010 JUN,12179,2019-01-22,v35
2010 MAY,13452,2019-01-22,v35
2010 NOV,17448,2019-01-22,v35
2010 OCT,14130,2019-01-22,v35
2010 Q2,34502,2019-01-22,v35
2010 Q3,33242,2019-01-22,v35
2010 Q4,48381,2019-01-22,v35
2010 SEP,12671,2019-01-22,v35
2011,116703,2019-01-22,v35
2011 APR,11480,2019-01-22,v35
2011 AUG,9430,2019-01-22,v35
2011 DEC,13598,2019-01-22,v35
2011 FEB,8401,2019-01-22,v35
2011 JAN,-364,2019-01-22,v35
2011 JUL,4606,2019-01-22,v35
2011 JUN,10049,2019-01-22,v35
2011 MAR,12313,2019-01-22,v35
2011 MAY,9851,2019-01-22,v35
2011 NOV,13266,2019-01-22,v35
2011 OCT,12705,2019-01-22,v35
2011 Q1,20350,2019-01-22,v35
2011 Q2,31380,2019-01-22,v35
2011 Q3,25404,2019-01-22,v35
2011 Q4,39569,2019-01-22,v35
2011 SEP,11368,2019-01-22,v35
2012,127022,2019-01-22,v35
2012 APR,21151,2019-01-22,v35
2012 AUG,10103,2019-01-22,v35
2012 DEC,13821,2019-01-22,v35
2012 FEB,9028,2019-01-22,v35
2012 JAN,-944,2019-01-22,v35
2012 JUL,2442,2019-01-22,v35
2012 JUN,9387,2019-01-22,v35
2012 MAR,11861,2019-01-22,v35
2012 MAY,13433,2019-01-22,v35
2012 NOV,14264,2019-01-22,v35
2012 OCT,12083,2019-01-22,v35
2012 Q1,19945,2019-01-22,v35
2012 Q2,43971,2019-01-22,v35
2012 Q3,22938,2019-01-22,v35
2012 Q4,40168,2019-01-22,v35
2012 SEP,10393,2019-01-22,v35
2013,99272,2019-01-22,v35
2013 APR,10239,2019-01-22,v35
2013 AUG,8729,2019-01-22,v35
2013 DEC,10810,2019-01-22,v35
2013 FEB,6544,2019-01-22,v35
2013 JAN,-1924,2019-01-22,v35
2013 JUL,3733,2019-01-22,v35
2013 JUN,8776,2019-01-22,v35
2013 MAR,8603,2019-01-22,v35
2013 MAY,9673,2019-01-22,v35
2013 NOV,13647,2019-01-22,v35
2013 OCT,11452,2019-01-22,v35
2013 Q1,13223,2019-01-22,v35
2013 Q2,28688,2019-01-22,v35
2013 Q3,21452,2019-01-22,v35
2013 Q4,35909,2019-01-22,v35
2013 SEP,8990,2019-01-22,v35
2014,96407,2019-01-22,v35
2014 APR,10616,2019-01-22,v35
2014 AUG,8551,2019-01-22,v35
2014 DEC,11971,2019-01-22,v35
2014 FEB,8205,2019-01-22,v35
2014 JAN,-2082,2019-01-22,v35
2014 JUL,3333,2019-01-22,v35
2014 JUN,8239,2019-01-22,v35
2014 MAR,5496,2019-01-22,v35
2014 MAY,10477,2019-01-22,v35
2014 NOV,10966,2019-01-22,v35
2014 OCT,11179,2019-01-22,v35
2014 Q1,11619,2019-01-22,v35
2014 Q2,29332,2019-01-22,v35
2014 Q3,21340,2019-01-22,v35
2014 Q4,34116,2019-01-22,v35
2014 SEP,9456,2019-01-22,v35
2015,76795,2019-01-22,v35
2015 APR,9336,2019-01-22,v35
2015 AUG,8618,2019-01-22,v35
2015 DEC,7167,2019-01-22,v35
2015 FEB,5346,2019-01-22,v35
2015 JAN,-5628,2019-01-22,v35
2015 JUL,1909,2019-01-22,v35
2015 JUN,7782,2019-01-22,v35
2015 MAR,5364,2019-01-22,v35
2015 MAY,7507,2019-01-22,v35
2015 NOV,11258,2019-01-22,v35
2015 OCT,10298,2019-01-22,v35
2015 Q1,5082,2019-01-22,v35
2015 Q2,24625,2019-01-22,v35
2015 Q3,18365,2019-01-22,v35
2015 Q4,28723,2019-01-22,v35
2015 SEP,7838,2019-01-22,v35
2016,55877,2019-01-22,v35
2016 APR,9004,2019-01-22,v35
2016 AUG,6840,2019-01-22,v35
2016 DEC,4976,2019-01-22,v35
2016 FEB,4645,2019-01-22,v35
2016 JAN,-8963,2019-01-22,v35
2016 JUL,340,2019-01-22,v35
2016 JUN,4781,2019-01-22,v35
2016 MAR,4445,2019-01-22,v35
2016 MAY,7029,2019-01-22,v35
2016 NOV,8798,2019-01-22,v35
2016 OCT,7434,2019-01-22,v35
2016 Q1,127,2019-01-22,v35
2016 Q2,20814,2019-01-22,v35
2016 Q3,13728,2019-01-22,v35
2016 Q4,21208,2019-01-22,v35
2016 SEP,6548,2019-01-22,v35
2017,38129,2019-01-22,v35
2017 APR,9062,2019-01-22,v35
2017 AUG,4406,2019-01-22,v35
2017 DEC,2674,2019-01-22,v35
2017 FEB,-1242,2019-01-22,v35
2017 JAN,-11705,2019-01-22,v35
2017 JUL,-833,2019-01-22,v35
2017 JUN,6279,2019-01-22,v35
2017 MAR,2082,2019-01-22,v35
2017 MAY,7025,2019-01-22,v35
2017 NOV,8014,2019-01-22,v35
2017 OCT,7356,2019-01-22,v35
2017 Q1,-10865,2019-01-22,v35
2017 Q2,22366,2019-01-22,v35
2017 Q3,8584,2019-01-22,v35
2017 Q4,18044,2019-01-22,v35
2017 SEP,5011,2019-01-22,v35
2018,28847,2019-01-22,v35
2018 APR,5532,2019-01-22,v35
2018 AUG,5606,2019-01-22,v35
2018 DEC,2976,2019-01-22,v35
2018 FEB,1373,2019-01-22,v35
2018 JAN,-9307,2019-01-22,v35
2018 JUL,-3338,2019-01-22,v35
2018 JUN,3166,2019-01-22,v35
2018 MAR,844,2019-01-22,v35
2018 MAY,4156,2019-01-22,v35
2018 NOV,7116,2019-01-22,v35
2018 OCT,7656,2019-01-22,v35
2018 Q1,-7090,2019-01-22,v35
2018 Q2,12854,2019-01-22,v35
2018 Q3,5335,2019-01-22,v35
2018 Q4,17748,2019-01-22,v35
2018 SEP,3067,2019-01-22,v35
2018,28987,2019-02-21,v36
2018 APR,5584,2019-02-21,v36
2018 AUG,5728,2019-02-21,v36
2018 DEC,3006,2019-02-21,v36
2018 JUL,-3862,2019-02-21,v36
2018 JUN,3174,2019-02-21,v36
2018 MAY,4122,2019-02-21,v36
2018 NOV,7331,2019-02-21,v36
2018 OCT,7894,2019-02-21,v36
2018 Q2,12880,2019-02-21,v36
2018 Q3,4966,2019-02-21,v36
2018 Q4,18231,2019-02-21,v36
2018 SEP,3100,2019-02-21,v36
2019 JAN,-14895,2019-02-21,v36
2016,55879,2019-03-21,v37
2016 JUN,4782,2019-03-21,v37
2016 Q2,20815,2019-03-21,v37
2016 Q3,13729,2019-03-21,v37
2016 SEP,6549,2019-03-21,v37
2017,38340,2019-03-21,v37
2017 APR,9099,2019-03-21,v37
2017 AUG,4443,2019-03-21,v37
2017 DEC,2649,2019-03-21,v37
2017 JUL,-796,2019-03-21,v37
2017 JUN,6316,2019-03-21,v37
2017 MAY,7062,2019-03-21,v37
2017 NOV,8011,2019-03-21,v37
2017 OCT,7374,2019-03-21,v37
2017 Q2,22477,2019-03-21,v37
2017 Q3,8694,2019-03-21,v37
2017 Q4,18034,2019-03-21,v37
2017 SEP,5047,2019-03-21,v37
2018,28752,2019-03-21,v37
2018 APR,5767,2019-03-21,v37
2018 AUG,5834,2019-03-21,v37
2018 DEC,1759,2019-03-21,v37
2018 FEB,1228,2019-03-21,v37
2018 JAN,-9405,2019-03-21,v37
2018 JUL,-3545,2019-03-21,v37
2018 JUN,3186,2019-03-21,v37
2018 MAR,795,2019-03-21,v37
2018 MAY,4041,2019-03-21,v37
2018 NOV,7513,2019-03-21,v37
2018 OCT,8438,2019-03-21,v37
2018 Q1,-7382,2019-03-21,v37
2018 Q2,12994,2019-03-21,v37
2018 Q3,5430,2019-03-21,v37
2018 Q4,17710,2019-03-21,v37
2018 SEP,3141,2019-03-21,v37
2019 FEB,200,2019-03-21,v37
2019 JAN,-13284,2019-03-21,v37
2018,29788,2019-04-23,v38
2018 APR,5845,2019-04-23,v38
2018 AUG,5595,2019-04-23,v38
2018 DEC,3640,2019-04-23,v38
2018 JUL,-3753,2019-04-23,v38
2018 JUN,3166,2019-04-23,v38
2018 MAY,4032,2019-04-23,v38
2018 NOV,7461,2019-04-23,v38
2018 OCT,8287,2019-04-23,v38
2018 Q2,13043,2019-04-23,v38
2018 Q3,4739,2019-04-23,v38
2018 Q4,19388,2019-04-23,v38
2018 SEP,2897,2019-04-23,v38
2019 FEB,350,2019-04-23,v38
2019 JAN,-14566,2019-04-23,v38
2019 MAR,1704,2019-04-23,v38
2019 Q1,-12512,2019-04-23,v38
2017,38337,2019-05-21,v39
2017 AUG,4442,2019-05-21,v39
2017 DEC,2646,2019-05-21,v39
2017 Q4,18031,2019-05-21,v39
2017 SEP,5048,2019-05-21,v39
2018,30099,2019-05-21,v39
2018 APR,5864,2019-05-21,v39
2018 AUG,5674,2019-05-21,v39
2018 DEC,3580,2019-05-21,v39
2018 FEB,1223,2019-05-21,v39
2018 JAN,-9407,2019-05-21,v39
2018 JUL,-3667,2019-05-21,v39
2018 JUN,3202,2019-05-21,v39
2018 MAR,798,2019-05-21,v39
2018 MAY,4071,2019-05-21,v39
2018 NOV,7134,2019-05-21,v39
2018 OCT,8257,2019-05-21,v39
2018 Q1,-7386,2019-05-21,v39
2018 Q2,13137,2019-05-21,v39
2018 Q3,5377,2019-05-21,v39
2018 Q4,18971,2019-05-21,v39
2018 SEP,3370,2019-05-21,v39
2019 APR,5831,2019-05-21,v39
2019 FEB,440,2019-05-21,v39
2019 JAN,-14291,2019-05-21,v39
2019 MAR,-94,2019-05-21,v39
2019 Q1,-13945,2019-05-21,v39
2016,55871,2019-06-20,v40
2016 APR,9003,2019-06-20,v40
2016 DEC,4975,2019-06-20,v40
2016 JUL,339,2019-06-20,v40
2016 JUN,4781,2019-06-20,v40
2016 OCT,7433,2019-06-20,v40
2016 Q2,20813,2019-06-20,v40
2016 Q3,13725,2019-06-20,v40
2016 Q4,21206,2019-06-20,v40
2016 SEP,6546,2019-06-20,v40
2017,38338,2019-06-20,v40
2017 AUG,4444,2019-06-20,v40
2017 FEB,-1243,2019-06-20,v40
2017 JUL,-797,2019-06-20,v40
2017 NOV,8012,2019-06-20,v40
2017 OCT,7375,2019-06-20,v40
2017 Q1,-10866,2019-06-20,v40
2017 Q4,18033,2019-06-20,v40
2017 SEP,5047,2019-06-20,v40
2018,30076,2019-06-20,v40
2018 APR,5964,2019-06-20,v40
2018 AUG,5861,2019-06-20,v40
2018 DEC,3249,2019-06-20,v40
2018 FEB,1215,2019-06-20,v40
2018 JAN,-9414,2019-06-20,v40
2018 JUL,-3523,2019-06-20,v40
2018 JUN,3319,2019-06-20,v40
2018 MAR,790,2019-06-20,v40
2018 MAY,4154,2019-06-20,v40
2018 NOV,6845,2019-06-20,v40
2018 OCT,8044,2019-06-20,v40
2018 Q1,-7409,2019-06-20,v40
2018 Q2,13437,2019-06-20,v40
2018 Q3,5910,2019-06-20,v40
2018 Q4,18138,2019-06-20,v40
2018 SEP,3572,2019-06-20,v40
2019 APR,6802,2019-06-20,v40
2019 FEB,1022,2019-06-20,v40
2019 JAN,-13936,2019-06-20,v40
2019 MAR,-558,2019-06-20,v40
2019 MAY,5115,2019-06-20,v40
2019 Q1,-13472,2019-06-20,v40
2018,30005,2019-07-18,v41
2018 APR,5978,2019-07-18,v41
2018 AUG,5844,2019-07-18,v41
2018 DEC,3276,2019-07-18,v41
2018 JUL,-3545,2019-07-18,v41
2018 JUN,3332,2019-07-18,v41
2018 MAR,791,2019-07-18,v41
2018 MAY,4148,2019-07-18,v41
2018 NOV,6822,2019-07-18,v41
2018 OCT,8015,2019-07-18,v41
2018 Q1,-7408,2019-07-18,v41
2018 Q2,13458,2019-07-18,v41
2018 Q3,5842,2019-07-18,v41
2018 Q4,18113,2019-07-18,v41
2018 SEP,3543,2019-07-18,v41
2019 APR,6303,2019-07-18,v41
2019 FEB,863,2019-07-18,v41
2019 JAN,-13880,2019-07-18,v41
2019 JUN,7152,2019-07-18,v41
2019 MAR,-863,2019-07-18,v41
2019 MAY,4474,2019-07-18,v41
2019 Q1,-13880,2019-07-18,v41
2019 Q2,17929,2019-07-18,v41
2018,30191,2019-08-20,v42
2018 AUG,5863,2019-08-20,v42
2018 DEC,3190,2019-08-20,v42
2018 FEB,1228,2019-08-20,v42
2018 JAN,-9400,2019-08-20,v42
2018 JUL,-3562,2019-08-20,v42
2018 JUN,3502,2019-08-20,v42
2018 MAR,803,2019-08-20,v42
2018 MAY,4098,2019-08-20,v42
2018 NOV,6848,2019-08-20,v42
2018 OCT,8067,2019-08-20,v42
2018 Q1,-7369,2019-08-20,v42
2018 Q2,13578,2019-08-20,v42
2018 Q3,5877,2019-08-20,v42
2018 Q4,18105,2019-08-20,v42
2018 SEP,3576,2019-08-20,v42
2019 APR,6484,2019-08-20,v42
2019 FEB,779,2019-08-20,v42
2019 JAN,-13976,2019-08-20,v42
2019 JUL,-1319,2019-08-20,v42
2019 JUN,6324,2019-08-20,v42
2019 MAR,-765,2019-08-20,v42
2019 MAY,4540,2019-08-20,v42
2019 Q1,-13962,2019-08-20,v42
2019 Q2,17348,2019-08-20,v42
1997,18062,2019-09-23,v43
1997 APR,2746,2019-09-23,v43
1997 AUG,2859,2019-09-23,v43
1997 DEC,850,2019-09-23,v43
1997 JUL,648,2019-09-23,v43
1997 JUN,4866,2019-09-23,v43
1997 MAY,2931,2019-09-23,v43
1997 NOV,-1861,2019-09-23,v43
1997 OCT,-1543,2019-09-23,v43
1997 Q2,10543,2019-09-23,v43
1997 Q3,5721,2019-09-23,v43
1997 Q4,-2554,2019-09-23,v43
1997 SEP,2214,2019-09-23,v43
1998,2728,2019-09-23,v43
1998 APR,1856,2019-09-23,v43
1998 AUG,2013,2019-09-23,v43
1998 DEC,876,2019-09-23,v43
1998 FEB,309,2019-09-23,v43
1998 JAN,-7228,2019-09-23,v43
1998 JUL,-2692,2019-09-23,v43
1998 JUN,3300,2019-09-23,v43
1998 MAR,2498,2019-09-23,v43
1998 MAY,3801,2019-09-23,v43
1998 NOV,2931,2019-09-23,v43
1998 OCT,-6463,2019-09-23,v43
1998 Q1,-4421,2019-09-23,v43
1998 Q2,8957,2019-09-23,v43
1998 Q3,848,2019-09-23,v43
1998 Q4,-2656,2019-09-23,v43
1998 SEP,1527,2019-09-23,v43
1999,-7938,2019-09-23,v43
1999 APR,423,2019-09-23,v43
1999 AUG,1508,2019-09-23,v43
1999 DEC,1428,2019-09-23,v43
1999 FEB,-2142,2019-09-23,v43
1999 JAN,-6828,2019-09-23,v43
1999 JUL,-3405,2019-09-23,v43
1999 JUN,2423,2019-09-23,v43
1999 MAR,779,2019-09-23,v43
1999 MAY,3430,2019-09-23,v43
1999 NOV,1709,2019-09-23,v43
1999 OCT,-7321,2019-09-23,v43
1999 Q1,-8191,2019-09-23,v43
1999 Q2,6276,2019-09-23,v43
1999 Q3,-1839,2019-09-23,v43
1999 Q4,-4184,2019-09-23,v43
1999 SEP,58,2019-09-23,v43
2000,-15901,2019-09-23,v43
2000 APR,2952,2019-09-23,v43
2000 AUG,3392,2019-09-23,v43
2000 FEB,-945,2019-09-23,v43
2000 JAN,-9459,2019-09-23,v43
2000 JUL,-3778,2019-09-23,v43
2000 JUN,2701,2019-09-23,v43
2000 MAR,-1284,2019-09-23,v43
2000 MAY,-9258,2019-09-23,v43
2000 NOV,1263,2019-09-23,v43
2000 OCT,1010,2019-09-23,v43
2000 Q1,-11688,2019-09-23,v43
2000 Q2,-3605,2019-09-23,v43
2000 Q3,-4436,2019-09-23,v43
2000 Q4,3828,2019-09-23,v43
2000 SEP,-4050,2019-09-23,v43
2001,-1261,2019-09-23,v43
2001 APR,-114,2019-09-23,v43
2001 AUG,-819,2019-09-23,v43
2001 DEC,3214,2019-09-23,v43
2001 FEB,-3699,2019-09-23,v43
2001 JAN,-6795,2019-09-23,v43
2001 JUL,-1803,2019-09-23,v43
2001 JUN,-126,2019-09-23,v43
2001 MAR,-981,2019-09-23,v43
2001 MAY,1749,2019-09-23,v43
2001 NOV,3448,2019-09-23,v43
2001 OCT,3188,2019-09-23,v43
2001 Q1,-11475,2019-09-23,v43
2001 Q2,1509,2019-09-23,v43
2001 Q3,-1145,2019-09-23,v43
2001 Q4,9850,2019-09-23,v43
2001 SEP,1477,2019-09-23,v43
2002,25646,2019-09-23,v43
2002 APR,2665,2019-09-23,v43
2002 AUG,2235,2019-09-23,v43
2002 DEC,4919,2019-09-23,v43
2002 FEB,-1528,2019-09-23,v43
2002 JAN,-4673,2019-09-23,v43
2002 JUL,-603,2019-09-23,v43
2002 JUN,3674,2019-09-23,v43
2002 MAR,1364,2019-09-23,v43
2002 MAY,3923,2019-09-23,v43
2002 NOV,5272,2019-09-23,v43
2002 OCT,3835,2019-09-23,v43
2002 Q1,-4837,2019-09-23,v43
2002 Q2,10262,2019-09-23,v43
2002 Q3,6195,2019-09-23,v43
2002 Q4,14026,2019-09-23,v43
2002 SEP,4563,2019-09-23,v43
2003,44814,2019-09-23,v43
2003 APR,3401,2019-09-23,v43
2003 AUG,4252,2019-09-23,v43
2003 DEC,5085,2019-09-23,v43
2003 FEB,2084,2019-09-23,v43
2003 JAN,-163,2019-09-23,v43
2003 JUL,1609,2019-09-23,v43
2003 JUN,4656,2019-09-23,v43
2003 MAR,1707,2019-09-23,v43
2003 MAY,6465,2019-09-23,v43
2003 NOV,5453,2019-09-23,v43
2003 OCT,4289,2019-09-23,v43
2003 Q1,3628,2019-09-23,v43
2003 Q2,14522,2019-09-23,v43
2003 Q3,11837,2019-09-23,v43
2003 Q4,14827,2019-09-23,v43
2003 SEP,5976,2019-09-23,v43
2004,46323,2019-09-23,v43
2004 APR,8009,2019-09-23,v43
2004 AUG,4531,2019-09-23,v43
2004 DEC,5321,2019-09-23,v43
2004 FEB,21,2019-09-23,v43
2004 JAN,103,2019-09-23,v43
2004 JUL,2447,2019-09-23,v43
2004 JUN,2310,2019-09-23,v43
2004 MAR,425,2019-09-23,v43
2004 MAY,6283,2019-09-23,v43
2004 NOV,5844,2019-09-23,v43
2004 OCT,5098,2019-09-23,v43
2004 Q1,549,2019-09-23,v43
2004 Q2,16602,2019-09-23,v43
2004 Q3,12909,2019-09-23,v43
2004 Q4,16263,2019-09-23,v43
2004 SEP,5931,2019-09-23,v43
2005,46939,2019-09-23,v43
2005 APR,4507,2019-09-23,v43
2005 AUG,4461,2019-09-23,v43
2005 DEC,5574,2019-09-23,v43
2005 FEB,2029,2019-09-23,v43
2005 JAN,-1054,2019-09-23,v43
2005 JUL,1238,2019-09-23,v43
2005 JUN,4844,2019-09-23,v43
2005 MAR,2416,2019-09-23,v43
2005 MAY,4767,2019-09-23,v43
2005 NOV,8056,2019-09-23,v43
2005 OCT,4697,2019-09-23,v43
2005 Q1,3391,2019-09-23,v43
2005 Q2,14118,2019-09-23,v43
2005 Q3,11103,2019-09-23,v43
2005 Q4,18327,2019-09-23,v43
2005 SEP,5404,2019-09-23,v43
2006,42707,2019-09-23,v43
2006 APR,4781,2019-09-23,v43
2006 AUG,3705,2019-09-23,v43
2006 DEC,4615,2019-09-23,v43
2006 FEB,2264,2019-09-23,v43
2006 JAN,-3207,2019-09-23,v43
2006 JUL,1172,2019-09-23,v43
2006 JUN,4053,2019-09-23,v43
2006 MAR,1663,2019-09-23,v43
2006 MAY,5249,2019-09-23,v43
2006 NOV,7212,2019-09-23,v43
2006 OCT,4173,2019-09-23,v43
2006 Q1,720,2019-09-23,v43
2006 Q2,14083,2019-09-23,v43
2006 Q3,11904,2019-09-23,v43
2006 Q4,16000,2019-09-23,v43
2006 SEP,7027,2019-09-23,v43
2007,42320,2019-09-23,v43
2007 APR,3830,2019-09-23,v43
2007 AUG,5459,2019-09-23,v43
2007 DEC,5536,2019-09-23,v43
2007 FEB,-328,2019-09-23,v43
2007 JAN,-5263,2019-09-23,v43
2007 JUL,903,2019-09-23,v43
2007 JUN,4474,2019-09-23,v43
2007 MAR,3636,2019-09-23,v43
2007 MAY,5452,2019-09-23,v43
2007 NOV,6538,2019-09-23,v43
2007 OCT,6345,2019-09-23,v43
2007 Q1,-1955,2019-09-23,v43
2007 Q2,13756,2019-09-23,v43
2007 Q3,12100,2019-09-23,v43
2007 Q4,18419,2019-09-23,v43
2007 SEP,5738,2019-09-23,v43
2008,89421,2019-09-23,v43
2008 APR,7015,2019-09-23,v43
2008 AUG,8999,2019-09-23,v43
2008 DEC,15619,2019-09-23,v43
2008 FEB,2468,2019-09-23,v43
2008 JAN,-6311,2019-09-23,v43
2008 JUL,3748,2019-09-23,v43
2008 JUN,7251,2019-09-23,v43
2008 MAR,5242,2019-09-23,v43
2008 MAY,8153,2019-09-23,v43
2008 NOV,12779,2019-09-23,v43
2008 OCT,11069,2019-09-23,v43
2008 Q1,1399,2019-09-23,v43
2008 Q2,22419,2019-09-23,v43
2008 Q3,26136,2019-09-23,v43
2008 Q4,39467,2019-09-23,v43
2008 SEP,13389,2019-09-23,v43
2009,160414,2019-09-23,v43
2009 APR,11254,2019-09-23,v43
2009 AUG,12145,2019-09-23,v43
2009 DEC,21308,2019-09-23,v43
2009 FEB,10237,2019-09-23,v43
2009 JAN,6073,2019-09-23,v43
2009 JUL,9442,2019-09-23,v43
2009 JUN,16872,2019-09-23,v43
2009 MAR,13517,2019-09-23,v43
2009 MAY,13976,2019-09-23,v43
2009 NOV,14283,2019-09-23,v43
2009 OCT,14770,2019-09-23,v43
2009 Q1,29827,2019-09-23,v43
2009 Q2,42102,2019-09-23,v43
2009 Q3,38124,2019-09-23,v43
2009 Q4,50361,2019-09-23,v43
2009 SEP,16537,2019-09-23,v43
2010,146760,2019-09-23,v43
2010 APR,9591,2019-09-23,v43
2010 AUG,11686,2019-09-23,v43
2010 DEC,17044,2019-09-23,v43
2010 FEB,8686,2019-09-23,v43
2010 JAN,6593,2019-09-23,v43
2010 JUL,9332,2019-09-23,v43
2010 JUN,12442,2019-09-23,v43
2010 MAR,12471,2019-09-23,v43
2010 MAY,13706,2019-09-23,v43
2010 NOV,14934,2019-09-23,v43
2010 OCT,14321,2019-09-23,v43
2010 Q1,27750,2019-09-23,v43
2010 Q2,35739,2019-09-23,v43
2010 Q3,36972,2019-09-23,v43
2010 Q4,46299,2019-09-23,v43
2010 SEP,15954,2019-09-23,v43
2011,122190,2019-09-23,v43
2011 APR,12398,2019-09-23,v43
2011 AUG,9862,2019-09-23,v43
2011 DEC,13975,2019-09-23,v43
2011 FEB,8642,2019-09-23,v43
2011 JAN,254,2019-09-23,v43
2011 JUL,5002,2019-09-23,v43
2011 JUN,10403,2019-09-23,v43
2011 MAR,12536,2019-09-23,v43
2011 MAY,10250,2019-09-23,v43
2011 NOV,11510,2019-09-23,v43
2011 OCT,13100,2019-09-23,v43
2011 Q1,21432,2019-09-23,v43
2011 Q2,33051,2019-09-23,v43
2011 Q3,29122,2019-09-23,v43
2011 Q4,38585,2019-09-23,v43
2011 SEP,14258,2019-09-23,v43
2012,132172,2019-09-23,v43
2012 APR,22248,2019-09-23,v43
2012 AUG,10360,2019-09-23,v43
2012 DEC,14117,2019-09-23,v43
2012 FEB,9402,2019-09-23,v43
2012 JAN,-192,2019-09-23,v43
2012 JUL,2699,2019-09-23,v43
2012 JUN,9621,2019-09-23,v43
2012 MAR,12215,2019-09-23,v43
2012 MAY,13634,2019-09-23,v43
2012 NOV,12402,2019-09-23,v43
2012 OCT,12321,2019-09-23,v43
2012 Q1,21425,2019-09-23,v43
2012 Q2,45503,2019-09-23,v43
2012 Q3,26404,2019-09-23,v43
2012 Q4,38840,2019-09-23,v43
2012 SEP,13345,2019-09-23,v43
2013,106555,2019-09-23,v43
2013 APR,12188,2019-09-23,v43
2013 AUG,9090,2019-09-23,v43
2013 DEC,11170,2019-09-23,v43
2013 FEB,6830,2019-09-23,v43
2013 JAN,-1023,2019-09-23,v43
2013 JUL,4118,2019-09-23,v43
2013 JUN,9122,2019-09-23,v43
2013 MAR,8853,2019-09-23,v43
2013 MAY,10079,2019-09-23,v43
2013 NOV,11872,2019-09-23,v43
2013 OCT,11765,2019-09-23,v43
2013 Q1,14660,2019-09-23,v43
2013 Q2,31389,2019-09-23,v43
2013 Q3,25699,2019-09-23,v43
2013 Q4,34807,2019-09-23,v43
2013 SEP,12491,2019-09-23,v43
2014,103418,2019-09-23,v43
2014 APR,12994,2019-09-23,v43
2014 AUG,8722,2019-09-23,v43
2014 DEC,12168,2019-09-23,v43
2014 FEB,8531,2019-09-23,v43
2014 JAN,-692,2019-09-23,v43
2014 JUL,3474,2019-09-23,v43
2014 JUN,8381,2019-09-23,v43
2014 MAR,5732,2019-09-23,v43
2014 MAY,10619,2019-09-23,v43
2014 NOV,9052,2019-09-23,v43
2014 OCT,11296,2019-09-23,v43
2014 Q1,13571,2019-09-23,v43
2014 Q2,31994,2019-09-23,v43
2014 Q3,25337,2019-09-23,v43
2014 Q4,32516,2019-09-23,v43
2014 SEP,13141,2019-09-23,v43
2015,86091,2019-09-23,v43
2015 APR,12282,2019-09-23,v43
2015 AUG,9157,2019-09-23,v43
2015 DEC,7296,2019-09-23,v43
2015 FEB,5601,2019-09-23,v43
2015 JAN,-3900,2019-09-23,v43
2015 JUL,2391,2019-09-23,v43
2015 JUN,8166,2019-09-23,v43
2015 MAR,5384,2019-09-23,v43
2015 MAY,7859,2019-09-23,v43
2015 NOV,9447,2019-09-23,v43
2015 OCT,10584,2019-09-23,v43
2015 Q1,7085,2019-09-23,v43
2015 Q2,28307,2019-09-23,v43
2015 Q3,23372,2019-09-23,v43
2015 Q4,27327,2019-09-23,v43
2015 SEP,11824,2019-09-23,v43
2016,66693,2019-09-23,v43
2016 APR,12383,2019-09-23,v43
2016 AUG,7514,2019-09-23,v43
2016 DEC,5254,2019-09-23,v43
2016 FEB,4815,2019-09-23,v43
2016 JAN,-7114,2019-09-23,v43
2016 JUL,918,2019-09-23,v43
2016 JUN,5255,2019-09-23,v43
2016 MAR,4467,2019-09-23,v43
2016 MAY,7499,2019-09-23,v43
2016 NOV,7012,2019-09-23,v43
2016 OCT,7842,2019-09-23,v43
2016 Q1,2168,2019-09-23,v43
2016 Q2,25137,2019-09-23,v43
2016 Q3,19280,2019-09-23,v43
2016 Q4,20108,2019-09-23,v43
2016 SEP,10848,2019-09-23,v43
2017,52318,2019-09-23,v43
2017 APR,12699,2019-09-23,v43
2017 AUG,5232,2019-09-23,v43
2017 DEC,4327,2019-09-23,v43
2017 FEB,-1024,2019-09-23,v43
2017 JAN,-9580,2019-09-23,v43
2017 JUL,-13,2019-09-23,v43
2017 JUN,6863,2019-09-23,v43
2017 MAR,2256,2019-09-23,v43
2017 MAY,7397,2019-09-23,v43
2017 NOV,6498,2019-09-23,v43
2017 OCT,7892,2019-09-23,v43
2017 Q1,-8348,2019-09-23,v43
2017 Q2,26959,2019-09-23,v43
2017 Q3,14990,2019-09-23,v43
2017 Q4,18717,2019-09-23,v43
2017 SEP,9771,2019-09-23,v43
2018,48726,2019-09-23,v43
2018 APR,10575,2019-09-23,v43
2018 AUG,6917,2019-09-23,v43
2018 DEC,5254,2019-09-23,v43
2018 FEB,1502,2019-09-23,v43
2018 JAN,-6954,2019-09-23,v43
2018 JUL,-2526,2019-09-23,v43
2018 JUN,4503,2019-09-23,v43
2018 MAR,1263,2019-09-23,v43
2018 MAY,4899,2019-09-23,v43
2018 NOV,5589,2019-09-23,v43
2018 OCT,8899,2019-09-23,v43
2018 Q1,-4189,2019-09-23,v43
2018 Q2,19977,2019-09-23,v43
2018 Q3,13196,2019-09-23,v43
2018 Q4,19742,2019-09-23,v43
2018 SEP,8805,2019-09-23,v43
2019 APR,12132,2019-09-23,v43
2019 AUG,6418,2019-09-23,v43
2019 FEB,775,2019-09-23,v43
2019 JAN,-11603,2019-09-23,v43
2019 JUL,-820,2019-09-23,v43
2019 JUN,7523,2019-09-23,v43
2019 MAR,-715,2019-09-23,v43
2019 MAY,5909,2019-09-23,v43
2019 Q1,-11543,2019-09-23,v43
2019 Q2,25564,2019-09-23,v43
1997,18059,2019-10-21,v44
1997 DEC,849,2019-10-21,v44
1997 JUN,4865,2019-10-21,v44
1997 Q2,10542,2019-10-21,v44
1997 Q3,5720,2019-10-21,v44
1997 Q4,-2555,2019-10-21,v44
1997 SEP,2213,2019-10-21,v44
1999,-7941,2019-10-21,v44
1999 DEC,1427,2019-10-21,v44
1999 JUN,2422,2019-10-21,v44
1999 Q2,6275,2019-10-21,v44
1999 Q3,-1840,2019-10-21,v44
1999 Q4,-4185,2019-10-21,v44
1999 SEP,57,2019-10-21,v44
2000,-15899,2019-10-21,v44
2000 FEB,-944,2019-10-21,v44
2000 JAN,-9458,2019-10-21,v44
2000 Q1,-11686,2019-10-21,v44
2001,-1262,2019-10-21,v44
2001 FEB,-3700,2019-10-21,v44
2001 JAN,-6796,2019-10-21,v44
2001 MAR,-980,2019-10-21,v44
2001 Q1,-11476,2019-10-21,v44
2004,46322,2019-10-21,v44
2004 FEB,20,2019-10-21,v44
2004 JAN,102,2019-10-21,v44
2004 MAR,426,2019-10-21,v44
2004 Q1,548,2019-10-21,v44
2006,42708,2019-10-21,v44
2006 APR,4782,2019-10-21,v44
2006 AUG,3706,2019-10-21,v44
2006 DEC,4613,2019-10-21,v44
2006 FEB,2265,2019-10-21,v44
2006 JAN,-3206,2019-10-21,v44
2006 JUL,1173,2019-10-21,v44
2006 JUN,4051,2019-10-21,v44
2006 MAR,1662,2019-10-21,v44
2006 MAY,5250,2019-10-21,v44
2006 NOV,7213,2019-10-21,v44
2006 OCT,4174,2019-10-21,v44
2006 Q1,721,2019-10-21,v44
2006 SEP,7025,2019-10-21,v44
2007,42325,2019-10-21,v44
2007 APR,3831,2019-10-21,v44
2007 AUG,5460,2019-10-21,v44
2007 DEC,5535,2019-10-21,v44
2007 FEB,-327,2019-10-21,v44
2007 JAN,-5262,2019-10-21,v44
2007 JUL,904,2019-10-21,v44
2007 JUN,4473,2019-10-21,v44
2007 MAY,5453,2019-10-21,v44
2007 NOV,6539,2019-10-21,v44
2007 OCT,6346,2019-10-21,v44
2007 Q1,-1953,2019-10-21,v44
2007 Q2,13757,2019-10-21,v44
2007 Q3,12101,2019-10-21,v44
2007 Q4,18420,2019-10-21,v44
2007 SEP,5737,2019-10-21,v44
2008,89418,2019-10-21,v44
2008 FEB,2467,2019-10-21,v44
2008 JAN,-6312,2019-10-21,v44
2008 MAR,5241,2019-10-21,v44
2008 Q1,1396,2019-10-21,v44
2011,122189,2019-10-21,v44
2011 APR,12399,2019-10-21,v44
2011 AUG,9863,2019-10-21,v44
2011 DEC,13973,2019-10-21,v44
2011 FEB,8641,2019-10-21,v44
2011 JAN,253,2019-10-21,v44
2011 JUL,5003,2019-10-21,v44
2011 JUN,10401,2019-10-21,v44
2011 MAR,12537,2019-10-21,v44
2011 MAY,10251,2019-10-21,v44
2011 NOV,11511,2019-10-21,v44
2011 OCT,13101,2019-10-21,v44
2011 Q1,21431,2019-10-21,v44
2011 SEP,14256,2019-10-21,v44
2012,132168,2019-10-21,v44
2012 APR,22249,2019-10-21,v44
2012 AUG,10361,2019-10-21,v44
2012 DEC,14114,2019-10-21,v44
2012 JUL,2700,2019-10-21,v44
2012 JUN,9618,2019-10-21,v44
2012 MAR,12214,2019-10-21,v44
2012 MAY,13635,2019-10-21,v44
2012 NOV,12403,2019-10-21,v44
2012 OCT,12322,2019-10-21,v44
2012 Q1,21424,2019-10-21,v44
2012 Q2,45502,2019-10-21,v44
2012 Q3,26403,2019-10-21,v44
2012 Q4,38839,2019-10-21,v44
2012 SEP,13342,2019-10-21,v44
2013,106557,2019-10-21,v44
2013 APR,12189,2019-10-21,v44
2013 AUG,9091,2019-10-21,v44
2013 DEC,11168,2019-10-21,v44
2013 FEB,6831,2019-10-21,v44
2013 JAN,-1022,2019-10-21,v44
2013 JUL,4119,2019-10-21,v44
2013 JUN,9120,2019-10-21,v44
2013 MAY,10080,2019-10-21,v44
2013 NOV,11873,2019-10-21,v44
2013 OCT,11766,2019-10-21,v44
2013 Q1,14662,2019-10-21,v44
2013 SEP,12489,2019-10-21,v44
2014 APR,12995,2019-10-21,v44
2014 AUG,8723,2019-10-21,v44
2014 DEC,12166,2019-10-21,v44
2014 JUL,3475,2019-10-21,v44
2014 JUN,8379,2019-10-21,v44
2014 MAY,10620,2019-10-21,v44
2014 NOV,9053,2019-10-21,v44
2014 OCT,11297,2019-10-21,v44
2014 SEP,13139,2019-10-21,v44
2015,86092,2019-10-21,v44
2015 DEC,7297,2019-10-21,v44
2015 FEB,5600,2019-10-21,v44
2015 JAN,-3901,2019-10-21,v44
2015 JUN,8167,2019-10-21,v44
2015 Q1,7083,2019-10-21,v44
2015 Q2,28308,2019-10-21,v44
2015 Q3,23373,2019-10-21,v44
2015 Q4,27328,2019-10-21,v44
2015 SEP,11825,2019-10-21,v44
2016,66690,2019-10-21,v44
2016 DEC,5252,2019-10-21,v44
2016 FEB,4816,2019-10-21,v44
2016 JAN,-7113,2019-10-21,v44
2016 JUN,5253,2019-10-21,v44
2016 MAR,4468,2019-10-21,v44
2016 Q1,2171,2019-10-21,v44
2016 Q2,25135,2019-10-21,v44
2016 Q3,19278,2019-10-21,v44
2016 Q4,20106,2019-10-21,v44
2016 SEP,10846,2019-10-21,v44
2017,52314,2019-10-21,v44
2017 DEC,4320,2019-10-21,v44
2017 FEB,-1023,2019-10-21,v44
2017 JAN,-9579,2019-10-21,v44
2017 JUN,6864,2019-10-21,v44
2017 MAR,2255,2019-10-21,v44
2017 Q1,-8347,2019-10-21,v44
2017 Q2,26960,2019-10-21,v44
2017 Q3,14991,2019-10-21,v44
2017 Q4,18710,2019-10-21,v44
2017 SEP,9772,2019-10-21,v44
2018,48689,2019-10-21,v44
2018 APR,10573,2019-10-21,v44
2018 AUG,6913,2019-10-21,v44
2018 DEC,5260,2019-10-21,v44
2018 FEB,1494,2019-10-21,v44
2018 JAN,-6962,2019-10-21,v44
2018 MAR,1253,2019-10-21,v44
2018 NOV,5582,2019-10-21,v44
2018 OCT,8897,2019-10-21,v44
2018 Q1,-4215,2019-10-21,v44
2018 Q2,19975,2019-10-21,v44
2018 Q3,13190,2019-10-21,v44
2018 Q4,19739,2019-10-21,v44
2018 SEP,8803,2019-10-21,v44
2019 APR,12337,2019-10-21,v44
2019 AUG,5570,2019-10-21,v44
2019 FEB,771,2019-10-21,v44
2019 JAN,-11618,2019-10-21,v44
2019 JUL,-721,2019-10-21,v44
2019 JUN,7571,2019-10-21,v44
2019 MAR,-617,2019-10-21,v44
2019 MAY,6193,2019-10-21,v44
2019 Q1,-11464,2019-10-21,v44
2019 Q2,26101,2019-10-21,v44
2019 Q3,14235,2019-10-21,v44
2019 SEP,9386,2019-10-21,v44
2019 APR,12122,2019-10-21,v45
2019 AUG,5355,2019-10-21,v45
2019 JUL,-936,2019-10-21,v45
2019 JUN,7356,2019-10-21,v45
2019 MAY,5978,2019-10-21,v45
2019 Q2,25456,2019-10-21,v45
2019 Q3,13590,2019-10-21,v45
2019 SEP,9171,2019-10-21,v45
1997,18062,2019-11-21,v46
1997 DEC,850,2019-11-21,v46
1997 JUN,4866,2019-11-21,v46
1997 Q2,10543,2019-11-21,v46
1997 Q3,5721,2019-11-21,v46
1997 Q4,-2554,2019-11-21,v46
1997 SEP,2214,2019-11-21,v46
1999,-7938,2019-11-21,v46
1999 DEC,1428,2019-11-21,v46
1999 JUN,2423,2019-11-21,v46
1999 Q2,6276,2019-11-21,v46
1999 Q3,-1839,2019-11-21,v46
1999 Q4,-4184,2019-11-21,v46
1999 SEP,58,2019-11-21,v46
2000,-15901,2019-11-21,v46
2000 FEB,-945,2019-11-21,v46
2000 JAN,-9459,2019-11-21,v46
2000 Q1,-11688,2019-11-21,v46
2001,-1261,2019-11-21,v46
2001 FEB,-3699,2019-11-21,v46
2001 JAN,-6795,2019-11-21,v46
2001 MAR,-981,2019-11-21,v46
2001 Q1,-11475,2019-11-21,v46
2004,46323,2019-11-21,v46
2004 FEB,21,2019-11-21,v46
2004 JAN,103,2019-11-21,v46
2004 MAR,425,2019-11-21,v46
2004 Q1,549,2019-11-21,v46
2006,42707,2019-11-21,v46
2006 FEB,2264,2019-11-21,v46
2006 JAN,-3207,2019-11-21,v46
2006 MAR,1663,2019-11-21,v46
2006 Q1,720,2019-11-21,v46
2007,42324,2019-11-21,v46
2007 MAR,3635,2019-11-21,v46
2007 Q1,-1954,2019-11-21,v46
2008,89419,2019-11-21,v46
2008 MAR,5242,2019-11-21,v46
2008 Q1,1397,2019-11-21,v46
2009,160415,2019-11-21,v46
2009 FEB,10238,2019-11-21,v46
2009 JAN,6074,2019-11-21,v46
2009 MAR,13516,2019-11-21,v46
2009 Q1,29828,2019-11-21,v46
2011,122190,2019-11-21,v46
2011 FEB,8642,2019-11-21,v46
2011 JAN,254,2019-11-21,v46
2011 MAR,12536,2019-11-21,v46
2011 Q1,21432,2019-11-21,v46
2012,132171,2019-11-21,v46
2012 DEC,14115,2019-11-21,v46
2012 JUN,9619,2019-11-21,v46
2012 Q2,45503,2019-11-21,v46
2012 Q3,26404,2019-11-21,v46
2012 Q4,38840,2019-11-21,v46
2012 SEP,13343,2019-11-21,v46
2013,106555,2019-11-21,v46
2013 FEB,6830,2019-11-21,v46
2013 JAN,-1023,2019-11-21,v46
2013 Q1,14660,2019-11-21,v46
2014,103417,2019-11-21,v46
2014 MAR,5731,2019-11-21,v46
2014 Q1,13570,2019-11-21,v46
2015,86090,2019-11-21,v46
2015 DEC,7296,2019-11-21,v46
2015 FEB,5601,2019-11-21,v46
2015 JAN,-3900,2019-11-21,v46
2015 JUN,8166,2019-11-21,v46
2015 MAR,5383,2019-11-21,v46
2015 Q1,7084,2019-11-21,v46
2015 Q2,28307,2019-11-21,v46
2015 Q3,23372,2019-11-21,v46
2015 Q4,27327,2019-11-21,v46
2015 SEP,11824,2019-11-21,v46
2016 DEC,5253,2019-11-21,v46
2016 FEB,4815,2019-11-21,v46
2016 JAN,-7114,2019-11-21,v46
2016 JUN,5254,2019-11-21,v46
2016 MAR,4467,2019-11-21,v46
2016 Q1,2168,2019-11-21,v46
2016 Q2,25136,2019-11-21,v46
2016 Q3,19279,2019-11-21,v46
2016 Q4,20107,2019-11-21,v46
2016 SEP,10847,2019-11-21,v46
2017,52313,2019-11-21,v46
2017 DEC,4319,2019-11-21,v46
2017 JUN,6863,2019-11-21,v46
2017 MAR,2257,2019-11-21,v46
2017 Q1,-8345,2019-11-21,v46
2017 Q2,26959,2019-11-21,v46
2017 Q3,14990,2019-11-21,v46
2017 Q4,18709,2019-11-21,v46
2017 SEP,9771,2019-11-21,v46
2018,48607,2019-11-21,v46
2018 APR,10566,2019-11-21,v46
2018 AUG,6907,2019-11-21,v46
2018 DEC,5248,2019-11-21,v46
2018 FEB,1489,2019-11-21,v46
2018 JAN,-6968,2019-11-21,v46
2018 JUL,-2533,2019-11-21,v46
2018 JUN,4496,2019-11-21,v46
2018 MAR,1248,2019-11-21,v46
2018 MAY,4892,2019-11-21,v46
2018 NOV,5575,2019-11-21,v46
2018 OCT,8891,2019-11-21,v46
2018 Q1,-4231,2019-11-21,v46
2018 Q2,19954,2019-11-21,v46
2018 Q3,13170,2019-11-21,v46
2018 Q4,19714,2019-11-21,v46
2018 SEP,8796,2019-11-21,v46
2019 APR,11111,2019-11-21,v46
2019 AUG,4903,2019-11-21,v46
2019 FEB,770,2019-11-21,v46
2019 JAN,-11619,2019-11-21,v46
2019 JUL,-1647,2019-11-21,v46
2019 JUN,7187,2019-11-21,v46
2019 MAR,-607,2019-11-21,v46
2019 MAY,5622,2019-11-21,v46
2019 OCT,11206,2019-11-21,v46
2019 Q1,-11456,2019-11-21,v46
2019 Q2,23920,2019-11-21,v46
2019 Q3,11209,2019-11-21,v46
2019 SEP,7953,2019-11-21,v46
2007 AUG,5459,2019-12-20,v47
2007 DEC,5537,2019-12-20,v47
2007 JUL,903,2019-12-20,v47
2007 NOV,6538,2019-12-20,v47
2007 OCT,6345,2019-12-20,v47
2007 SEP,5739,2019-12-20,v47
2008 APR,7014,2019-12-20,v47
2008 AUG,8998,2019-12-20,v47
2008 DEC,15618,2019-12-20,v47
2008 JUL,3747,2019-12-20,v47
2008 JUN,7252,2019-12-20,v47
2008 NOV,12780,2019-12-20,v47
2008 SEP,13391,2019-12-20,v47
2009 APR,11255,2019-12-20,v47
2009 AUG,12146,2019-12-20,v47
2009 DEC,21311,2019-12-20,v47
2009 FEB,10240,2019-12-20,v47
2009 JAN,6076,2019-12-20,v47
2009 JUL,9443,2019-12-20,v47
2009 JUN,16869,2019-12-20,v47
2009 MAR,13512,2019-12-20,v47
2009 MAY,13978,2019-12-20,v47
2009 NOV,14281,2019-12-20,v47
2009 OCT,14769,2019-12-20,v47
2009 SEP,16535,2019-12-20,v47
2010 AUG,11688,2019-12-20,v47
2010 DEC,17045,2019-12-20,v47
2010 JAN,6592,2019-12-20,v47
2010 JUL,9334,2019-12-20,v47
2010 MAR,12472,2019-12-20,v47
2010 OCT,14320,2019-12-20,v47
2010 SEP,15950,2019-12-20,v47
2011 DEC,13970,2019-12-20,v47
2011 NOV,11513,2019-12-20,v47
2011 OCT,13102,2019-12-20,v47
2012 APR,22247,2019-12-20,v47
2012 AUG,10362,2019-12-20,v47
2012 DEC,14122,2019-12-20,v47
2012 JUL,2699,2019-12-20,v47
2012 JUN,9623,2019-12-20,v47
2012 MAY,13633,2019-12-20,v47
2012 NOV,12400,2019-12-20,v47
2012 OCT,12318,2019-12-20,v47
2013 APR,12176,2019-12-20,v47
2013 AUG,9095,2019-12-20,v47
2013 FEB,6833,2019-12-20,v47
2013 JAN,-1016,2019-12-20,v47
2013 JUL,4112,2019-12-20,v47
2013 JUN,9130,2019-12-20,v47
2013 MAR,8843,2019-12-20,v47
2013 MAY,10083,2019-12-20,v47
2013 NOV,11879,2019-12-20,v47
2013 OCT,11760,2019-12-20,v47
2013 SEP,12492,2019-12-20,v47
2014,103405,2019-12-20,v47
2014 APR,13000,2019-12-20,v47
2014 AUG,8730,2019-12-20,v47
2014 DEC,12156,2019-12-20,v47
2014 FEB,8540,2019-12-20,v47
2014 JAN,-685,2019-12-20,v47
2014 JUN,8371,2019-12-20,v47
2014 MAR,5715,2019-12-20,v47
2014 MAY,10625,2019-12-20,v47
2014 NOV,9054,2019-12-20,v47
2014 OCT,11290,2019-12-20,v47
2014 Q2,31996,2019-12-20,v47
2014 Q3,25339,2019-12-20,v47
2014 Q4,32500,2019-12-20,v47
2014 SEP,13134,2019-12-20,v47
2015,86047,2019-12-20,v47
2015 APR,12283,2019-12-20,v47
2015 AUG,9163,2019-12-20,v47
2015 DEC,7286,2019-12-20,v47
2015 FEB,5619,2019-12-20,v47
2015 JAN,-3889,2019-12-20,v47
2015 JUL,2389,2019-12-20,v47
2015 JUN,8163,2019-12-20,v47
2015 MAR,5329,2019-12-20,v47
2015 MAY,7861,2019-12-20,v47
2015 NOV,9443,2019-12-20,v47
2015 OCT,10582,2019-12-20,v47
2015 Q1,7059,2019-12-20,v47
2015 Q3,23370,2019-12-20,v47
2015 Q4,27311,2019-12-20,v47
2015 SEP,11818,2019-12-20,v47
2016,66645,2019-12-20,v47
2016 APR,12384,2019-12-20,v47
2016 AUG,7513,2019-12-20,v47
2016 DEC,5223,2019-12-20,v47
2016 FEB,4823,2019-12-20,v47
2016 JAN,-7110,2019-12-20,v47
2016 JUL,921,2019-12-20,v47
2016 JUN,5255,2019-12-20,v47
2016 MAR,4431,2019-12-20,v47
2016 MAY,7508,2019-12-20,v47
2016 NOV,6999,2019-12-20,v47
2016 OCT,7847,2019-12-20,v47
2016 Q1,2144,2019-12-20,v47
2016 Q2,25147,2019-12-20,v47
2016 Q3,19285,2019-12-20,v47
2016 Q4,20069,2019-12-20,v47
2016 SEP,10851,2019-12-20,v47
2017,52126,2019-12-20,v47
2017 APR,12691,2019-12-20,v47
2017 AUG,5222,2019-12-20,v47
2017 DEC,4278,2019-12-20,v47
2017 FEB,-1024,2019-12-20,v47
2017 JAN,-9582,2019-12-20,v47
2017 JUL,-20,2019-12-20,v47
2017 JUN,6854,2019-12-20,v47
2017 MAR,2203,2019-12-20,v47
2017 MAY,7393,2019-12-20,v47
2017 NOV,6470,2019-12-20,v47
2017 OCT,7874,2019-12-20,v47
2017 Q1,-8403,2019-12-20,v47
2017 Q2,26938,2019-12-20,v47
2017 Q3,14969,2019-12-20,v47
2017 Q4,18622,2019-12-20,v47
2017 SEP,9767,2019-12-20,v47
2018,46351,2019-12-20,v47
2018 APR,10350,2019-12-20,v47
2018 AUG,6674,2019-12-20,v47
2018 DEC,5002,2019-12-20,v47
2018 FEB,1437,2019-12-20,v47
2018 JAN,-7025,2019-12-20,v47
2018 JUL,-2766,2019-12-20,v47
2018 JUN,4273,2019-12-20,v47
2018 MAR,1190,2019-12-20,v47
2018 MAY,4677,2019-12-20,v47
2018 NOV,5329,2019-12-20,v47
2018 OCT,8646,2019-12-20,v47
2018 Q1,-4398,2019-12-20,v47
2018 Q2,19300,2019-12-20,v47
2018 Q3,12472,2019-12-20,v47
2018 Q4,18977,2019-12-20,v47
2018 SEP,8564,2019-12-20,v47
2019 APR,11215,2019-12-20,v47
2019 AUG,5182,2019-12-20,v47
2019 FEB,423,2019-12-20,v47
2019 JAN,-11969,2019-12-20,v47
2019 JUL,-1034,2019-12-20,v47
2019 JUN,7233,2019-12-20,v47
2019 MAR,-1071,2019-12-20,v47
2019 MAY,5723,2019-12-20,v47
2019 NOV,5575,2019-12-20,v47
2019 OCT,8956,2019-12-20,v47
2019 Q1,-12617,2019-12-20,v47
2019 Q2,24171,2019-12-20,v47
2019 Q3,12194,2019-12-20,v47
2019 SEP,8046,2019-12-20,v47
2018,46234,2020-01-22,v48
2018 APR,10386,2020-01-22,v48
2018 AUG,6660,2020-01-22,v48
2018 DEC,4981,2020-01-22,v48
2018 JUL,-2777,2020-01-22,v48
2018 JUN,4207,2020-01-22,v48
2018 MAR,1183,2020-01-22,v48
2018 MAY,4669,2020-01-22,v48
2018 NOV,5318,2020-01-22,v48
2018 OCT,8642,2020-01-22,v48
2018 Q1,-4405,2020-01-22,v48
2018 Q2,19262,2020-01-22,v48
2018 Q3,12436,2020-01-22,v48
2018 Q4,18941,2020-01-22,v48
2018 SEP,8553,2020-01-22,v48
2019,41977,2020-01-22,v48
2019 APR,11039,2020-01-22,v48
2019 AUG,4736,2020-01-22,v48
2019 DEC,4765,2020-01-22,v48
2019 FEB,432,2020-01-22,v48
2019 JUL,-1666,2020-01-22,v48
2019 JUN,7074,2020-01-22,v48
2019 MAR,-1116,2020-01-22,v48
2019 MAY,5586,2020-01-22,v48
2019 NOV,4920,2020-01-22,v48
2019 OCT,10641,2020-01-22,v48
2019 Q1,-12653,2020-01-22,v48
2019 Q2,23699,2020-01-22,v48
2019 Q3,10605,2020-01-22,v48
2019 Q4,20326,2020-01-22,v48
2019 SEP,7535,2020-01-22,v48
2000 JAN,-9460,2020-02-21,v49
2000 MAR,-1283,2020-02-21,v49
2001 JAN,-6796,2020-02-21,v49
2001 JUL,-1804,2020-02-21,v49
2001 MAR,-980,2020-02-21,v49
2001 SEP,1478,2020-02-21,v49
2002 JAN,-4674,2020-02-21,v49
2002 MAR,1365,2020-02-21,v49
2003 JAN,-164,2020-02-21,v49
2003 MAR,1708,2020-02-21,v49
2004 FEB,22,2020-02-21,v49
2004 JAN,102,2020-02-21,v49
2005 FEB,2030,2020-02-21,v49
2005 JAN,-1055,2020-02-21,v49
2006 FEB,2265,2020-02-21,v49
2006 JAN,-3208,2020-02-21,v49
2007 FEB,-326,2020-02-21,v49
2007 JAN,-5263,2020-02-21,v49
2008 DEC,15617,2020-02-21,v49
2008 FEB,2468,2020-02-21,v49
2008 JAN,-6315,2020-02-21,v49
2008 MAR,5244,2020-02-21,v49
2008 OCT,11070,2020-02-21,v49
2009 FEB,10241,2020-02-21,v49
2009 JAN,6073,2020-02-21,v49
2009 MAR,13514,2020-02-21,v49
2010 JAN,6591,2020-02-21,v49
2010 MAR,12473,2020-02-21,v49
2011 JAN,253,2020-02-21,v49
2011 MAR,12537,2020-02-21,v49
2012 FEB,9403,2020-02-21,v49
2012 JAN,-193,2020-02-21,v49
2013 FEB,6834,2020-02-21,v49
2013 JAN,-1017,2020-02-21,v49
2013 JUL,4113,2020-02-21,v49
2013 SEP,12491,2020-02-21,v49
2014 FEB,8541,2020-02-21,v49
2014 JAN,-686,2020-02-21,v49
2015 FEB,5620,2020-02-21,v49
2015 JAN,-3891,2020-02-21,v49
2015 MAR,5330,2020-02-21,v49
2016 APR,12385,2020-02-21,v49
2016 FEB,4825,2020-02-21,v49
2016 JAN,-7112,2020-02-21,v49
2016 JUN,5254,2020-02-21,v49
2017,52540,2020-02-21,v49
2017 APR,12692,2020-02-21,v49
2017 AUG,5359,2020-02-21,v49
2017 FEB,-1023,2020-02-21,v49
2017 JAN,-9584,2020-02-21,v49
2017 JUL,117,2020-02-21,v49
2017 MAR,2204,2020-02-21,v49
2017 MAY,7394,2020-02-21,v49
2017 NOV,6471,2020-02-21,v49
2017 OCT,7875,2020-02-21,v49
2017 Q2,26940,2020-02-21,v49
2017 Q3,15379,2020-02-21,v49
2017 Q4,18624,2020-02-21,v49
2017 SEP,9903,2020-02-21,v49
2018,46556,2020-02-21,v49
2018 APR,10409,2020-02-21,v49
2018 AUG,6703,2020-02-21,v49
2018 DEC,5025,2020-02-21,v49
2018 FEB,1439,2020-02-21,v49
2018 JAN,-7029,2020-02-21,v49
2018 JUL,-2775,2020-02-21,v49
2018 JUN,4244,2020-02-21,v49
2018 MAR,1185,2020-02-21,v49
2018 MAY,4712,2020-02-21,v49
2018 NOV,5363,2020-02-21,v49
2018 OCT,8688,2020-02-21,v49
2018 Q2,19365,2020-02-21,v49
2018 Q3,12520,2020-02-21,v49
2018 Q4,19076,2020-02-21,v49
2018 SEP,8592,2020-02-21,v49
2019,42086,2020-02-21,v49
2019 APR,11071,2020-02-21,v49
2019 AUG,4940,2020-02-21,v49
2019 DEC,4184,2020-02-21,v49
2019 FEB,471,2020-02-21,v49
2019 JAN,-11939,2020-02-21,v49
2019 JUL,-1625,2020-02-21,v49
2019 JUN,7296,2020-02-21,v49
2019 MAR,-1084,2020-02-21,v49
2019 MAY,5619,2020-02-21,v49
2019 NOV,4791,2020-02-21,v49
2019 OCT,10784,2020-02-21,v49
2019 Q1,-12552,2020-02-21,v49
2019 Q2,23986,2020-02-21,v49
2019 Q3,10893,2020-02-21,v49
2019 Q4,19759,2020-02-21,v49
2019 SEP,7578,2020-02-21,v49
2020 JAN,-9813,2020-02-21,v49
1997 APR,2748,2020-03-20,v51
1997 AUG,2858,2020-03-20,v51
1997 JUL,647,2020-03-20,v51
1997 JUN,4862,2020-03-20,v51
1997 MAY,2933,2020-03-20,v51
1997 SEP,2216,2020-03-20,v51
1998 AUG,2012,2020-03-20,v51
1998 DEC,878,2020-03-20,v51
1998 FEB,311,2020-03-20,v51
1998 JAN,-7226,2020-03-20,v51
1998 JUL,-2693,2020-03-20,v51
1998 MAR,2494,2020-03-20,v51
1998 NOV,2930,2020-03-20,v51
1998 OCT,-6464,2020-03-20,v51
1998 SEP,1529,2020-03-20,v51
1999 APR,425,2020-03-20,v51
1999 AUG,1509,2020-03-20,v51
1999 DEC,1427,2020-03-20,v51
1999 FEB,-2140,2020-03-20,v51
1999 JAN,-6826,2020-03-20,v51
1999 JUN,2419,2020-03-20,v51
1999 MAR,775,2020-03-20,v51
1999 MAY,3432,2020-03-20,v51
1999 NOV,1710,2020-03-20,v51
1999 SEP,57,2020-03-20,v51
2000 APR,2950,2020-03-20,v51
2000 AUG,3391,2020-03-20,v51
2000 DEC,1551,2020-03-20,v51
2000 JUL,-3779,2020-03-20,v51
2000 JUN,2706,2020-03-20,v51
2000 MAY,-9261,2020-03-20,v51
2000 NOV,1265,2020-03-20,v51
2000 OCT,1012,2020-03-20,v51
2000 SEP,-4048,2020-03-20,v51
2001 AUG,-822,2020-03-20,v51
2001 DEC,3217,2020-03-20,v51
2001 FEB,-3697,2020-03-20,v51
2001 JAN,-6794,2020-03-20,v51
2001 JUL,-1806,2020-03-20,v51
2001 MAR,-984,2020-03-20,v51
2001 NOV,3446,2020-03-20,v51
2001 OCT,3187,2020-03-20,v51
2001 SEP,1483,2020-03-20,v51
2002 APR,2667,2020-03-20,v51
2002 AUG,2234,2020-03-20,v51
2002 DEC,4922,2020-03-20,v51
2002 FEB,-980,2020-03-20,v51
2002 JAN,-4125,2020-03-20,v51
2002 JUL,-604,2020-03-20,v51
2002 JUN,3671,2020-03-20,v51
2002 MAR,268,2020-03-20,v51
2002 MAY,3924,2020-03-20,v51
2002 NOV,5271,2020-03-20,v51
2002 OCT,3833,2020-03-20,v51
2002 SEP,4565,2020-03-20,v51
2003 APR,3405,2020-03-20,v51
2003 AUG,4254,2020-03-20,v51
2003 FEB,2087,2020-03-20,v51
2003 JAN,-162,2020-03-20,v51
2003 JUL,1610,2020-03-20,v51
2003 JUN,4652,2020-03-20,v51
2003 MAR,1703,2020-03-20,v51
2003 SEP,5973,2020-03-20,v51
2004 APR,8005,2020-03-20,v51
2004 AUG,4533,2020-03-20,v51
2004 DEC,5320,2020-03-20,v51
2004 JAN,104,2020-03-20,v51
2004 JUL,2450,2020-03-20,v51
2004 JUN,2317,2020-03-20,v51
2004 MAR,423,2020-03-20,v51
2004 MAY,6280,2020-03-20,v51
2004 OCT,5099,2020-03-20,v51
2004 SEP,5926,2020-03-20,v51
2005 APR,8794,2020-03-20,v51
2005 AUG,4463,2020-03-20,v51
2005 DEC,5581,2020-03-20,v51
2005 JAN,-1056,2020-03-20,v51
2005 JUL,1239,2020-03-20,v51
2005 JUN,2703,2020-03-20,v51
2005 MAR,2417,2020-03-20,v51
2005 MAY,2621,2020-03-20,v51
2005 NOV,8053,2020-03-20,v51
2005 OCT,4693,2020-03-20,v51
2005 SEP,5401,2020-03-20,v51
2006 APR,4781,2020-03-20,v51
2006 AUG,3704,2020-03-20,v51
2006 DEC,4611,2020-03-20,v51
2006 JUL,1171,2020-03-20,v51
2006 JUN,4053,2020-03-20,v51
2006 MAY,5249,2020-03-20,v51
2006 NOV,7214,2020-03-20,v51
2006 OCT,4175,2020-03-20,v51
2006 SEP,7029,2020-03-20,v51
2007 FEB,-327,2020-03-20,v51
2007 JAN,-5264,2020-03-20,v51
2007 MAR,3637,2020-03-20,v51
2018,46724,2020-03-20,v51
2018 APR,10414,2020-03-20,v51
2018 AUG,6724,2020-03-20,v51
2018 DEC,5045,2020-03-20,v51
2018 JUL,-2754,2020-03-20,v51
2018 JUN,4265,2020-03-20,v51
2018 MAY,4733,2020-03-20,v51
2018 NOV,5383,2020-03-20,v51
2018 OCT,8708,2020-03-20,v51
2018 Q2,19412,2020-03-20,v51
2018 Q3,12581,2020-03-20,v51
2018 Q4,19136,2020-03-20,v51
2018 SEP,8611,2020-03-20,v51
2019,43199,2020-03-20,v51
2019 APR,10956,2020-03-20,v51
2019 AUG,5197,2020-03-20,v51
2019 DEC,4282,2020-03-20,v51
2019 FEB,583,2020-03-20,v51
2019 JAN,-11827,2020-03-20,v51
2019 JUL,-1438,2020-03-20,v51
2019 JUN,7112,2020-03-20,v51
2019 MAR,-970,2020-03-20,v51
2019 MAY,5435,2020-03-20,v51
2019 NOV,4903,2020-03-20,v51
2019 OCT,11130,2020-03-20,v51
2019 Q1,-12214,2020-03-20,v51
2019 Q2,23503,2020-03-20,v51
2019 Q3,11595,2020-03-20,v51
2019 Q4,20315,2020-03-20,v51
2019 SEP,7836,2020-03-20,v51
2020 FEB,331,2020-03-20,v51
2020 JAN,-11708,2020-03-20,v51
2011,122188,2020-04-22,v52
2011 MAR,12536,2020-04-22,v52
2011 MAY,10250,2020-04-22,v52
2011 Q1,21431,2020-04-22,v52
2011 Q2,33050,2020-04-22,v52
2012,132170,2020-04-22,v52
2012 MAR,12213,2020-04-22,v52
2012 Q1,21423,2020-04-22,v52
2013,106560,2020-04-22,v52
2013 APR,12175,2020-04-22,v52
2013 DEC,11172,2020-04-22,v52
2013 JAN,-1016,2020-04-22,v52
2013 JUN,9129,2020-04-22,v52
2013 MAR,8842,2020-04-22,v52
2013 NOV,11881,2020-04-22,v52
2013 OCT,11761,2020-04-22,v52
2013 Q2,31387,2020-04-22,v52
2013 Q4,34814,2020-04-22,v52
2014,103419,2020-04-22,v52
2014 AUG,8732,2020-04-22,v52
2014 DEC,12150,2020-04-22,v52
2014 FEB,8546,2020-04-22,v52
2014 JAN,-682,2020-04-22,v52
2014 MAR,5719,2020-04-22,v52
2014 OCT,11294,2020-04-22,v52
2014 Q1,13583,2020-04-22,v52
2014 Q3,25342,2020-04-22,v52
2014 Q4,32498,2020-04-22,v52
2014 SEP,13135,2020-04-22,v52
2015,86068,2020-04-22,v52
2015 APR,12284,2020-04-22,v52
2015 AUG,9165,2020-04-22,v52
2015 DEC,7292,2020-04-22,v52
2015 FEB,5621,2020-04-22,v52
2015 JUN,8164,2020-04-22,v52
2015 MAR,5329,2020-04-22,v52
2015 NOV,9449,2020-04-22,v52
2015 OCT,10587,2020-04-22,v52
2015 Q2,28309,2020-04-22,v52
2015 Q3,23372,2020-04-22,v52
2015 Q4,27328,2020-04-22,v52
2016 AUG,7515,2020-04-22,v52
2016 DEC,5207,2020-04-22,v52
2016 FEB,4834,2020-04-22,v52
2016 JAN,-7102,2020-04-22,v52
2016 JUL,922,2020-04-22,v52
2016 JUN,5255,2020-04-22,v52
2016 MAR,4438,2020-04-22,v52
2016 MAY,7509,2020-04-22,v52
2016 NOV,6988,2020-04-22,v52
2016 OCT,7842,2020-04-22,v52
2016 Q1,2170,2020-04-22,v52
2016 Q2,25149,2020-04-22,v52
2016 Q3,19289,2020-04-22,v52
2016 Q4,20037,2020-04-22,v52
2016 SEP,10852,2020-04-22,v52
2017,52481,2020-04-22,v52
2017 AUG,5361,2020-04-22,v52
2017 DEC,4271,2020-04-22,v52
2017 FEB,-1040,2020-04-22,v52
2017 JAN,-9600,2020-04-22,v52
2017 JUL,118,2020-04-22,v52
2017 MAR,2187,2020-04-22,v52
2017 MAY,7395,2020-04-22,v52
2017 NOV,6466,2020-04-22,v52
2017 OCT,7873,2020-04-22,v52
2017 Q1,-8453,2020-04-22,v52
2017 Q2,26941,2020-04-22,v52
2017 Q3,15383,2020-04-22,v52
2017 Q4,18610,2020-04-22,v52
2017 SEP,9904,2020-04-22,v52
2018,46995,2020-04-22,v52
2018 APR,10408,2020-04-22,v52
2018 AUG,6772,2020-04-22,v52
2018 DEC,5057,2020-04-22,v52
2018 FEB,1431,2020-04-22,v52
2018 JAN,-7035,2020-04-22,v52
2018 JUL,-2706,2020-04-22,v52
2018 JUN,4303,2020-04-22,v52
2018 MAR,1177,2020-04-22,v52
2018 MAY,4727,2020-04-22,v52
2018 NOV,5402,2020-04-22,v52
2018 OCT,8797,2020-04-22,v52
2018 Q1,-4427,2020-04-22,v52
2018 Q2,19438,2020-04-22,v52
2018 Q3,12728,2020-04-22,v52
2018 Q4,19256,2020-04-22,v52
2018 SEP,8662,2020-04-22,v52
2019,42681,2020-04-22,v52
2019 APR,10912,2020-04-22,v52
2019 AUG,4901,2020-04-22,v52
2019 DEC,4729,2020-04-22,v52
2019 FEB,600,2020-04-22,v52
2019 JAN,-11810,2020-04-22,v52
2019 JUL,-1737,2020-04-22,v52
2019 JUN,7075,2020-04-22,v52
2019 MAR,-891,2020-04-22,v52
2019 MAY,5497,2020-04-22,v52
2019 NOV,4964,2020-04-22,v52
2019 OCT,10964,2020-04-22,v52
2019 Q1,-12101,2020-04-22,v52
2019 Q2,23484,2020-04-22,v52
2019 Q3,10641,2020-04-22,v52
2019 Q4,20657,2020-04-22,v52
2019 SEP,7477,2020-04-22,v52
2020 FEB,790,2020-04-22,v52
2020 JAN,-9963,2020-04-22,v52
2020 MAR,3050,2020-04-22,v52
2020 Q1,-6123,2020-04-22,v52
2018,47412,2020-05-21,v53
2018 AUG,6829,2020-05-21,v53
2018 DEC,5147,2020-05-21,v53
2018 JUL,-2659,2020-05-21,v53
2018 NOV,5478,2020-05-21,v53
2018 OCT,8876,2020-05-21,v53
2018 Q3,12900,2020-05-21,v53
2018 Q4,19501,2020-05-21,v53
2018 SEP,8730,2020-05-21,v53
2019,44160,2020-05-21,v53
2019 APR,10947,2020-05-21,v53
2019 AUG,4751,2020-05-21,v53
2019 DEC,5394,2020-05-21,v53
2019 FEB,728,2020-05-21,v53
2019 JAN,-11692,2020-05-21,v53
2019 JUL,-1963,2020-05-21,v53
2019 JUN,7045,2020-05-21,v53
2019 MAR,-738,2020-05-21,v53
2019 MAY,5547,2020-05-21,v53
2019 NOV,5323,2020-05-21,v53
2019 OCT,11470,2020-05-21,v53
2019 Q1,-11702,2020-05-21,v53
2019 Q2,23539,2020-05-21,v53
2019 Q3,10136,2020-05-21,v53
2019 Q4,22187,2020-05-21,v53
2019 SEP,7348,2020-05-21,v53
2020 APR,62082,2020-05-21,v53
2020 FEB,1503,2020-05-21,v53
2020 JAN,-9445,2020-05-21,v53
2020 MAR,14730,2020-05-21,v53
2020 Q1,6788,2020-05-21,v53
2013,106559,2020-06-18,v54
2013 MAR,8841,2020-06-18,v54
2013 Q1,14659,2020-06-18,v54
2014,103408,2020-06-18,v54
2014 AUG,8731,2020-06-18,v54
2014 DEC,12149,2020-06-18,v54
2014 FEB,8545,2020-06-18,v54
2014 JAN,-683,2020-06-18,v54
2014 JUL,3474,2020-06-18,v54
2014 JUN,8370,2020-06-18,v54
2014 MAR,5718,2020-06-18,v54
2014 NOV,9053,2020-06-18,v54
2014 OCT,11293,2020-06-18,v54
2014 Q1,13580,2020-06-18,v54
2014 Q2,31995,2020-06-18,v54
2014 Q3,25338,2020-06-18,v54
2014 Q4,32495,2020-06-18,v54
2014 SEP,13133,2020-06-18,v54
2015,86052,2020-06-18,v54
2015 APR,12283,2020-06-18,v54
2015 AUG,9164,2020-06-18,v54
2015 DEC,7291,2020-06-18,v54
2015 FEB,5619,2020-06-18,v54
2015 JAN,-3893,2020-06-18,v54
2015 JUL,2388,2020-06-18,v54
2015 JUN,8162,2020-06-18,v54
2015 MAR,5327,2020-06-18,v54
2015 MAY,7860,2020-06-18,v54
2015 NOV,9448,2020-06-18,v54
2015 OCT,10586,2020-06-18,v54
2015 Q1,7053,2020-06-18,v54
2015 Q2,28305,2020-06-18,v54
2015 Q3,23369,2020-06-18,v54
2015 Q4,27325,2020-06-18,v54
2015 SEP,11817,2020-06-18,v54
2016,66632,2020-06-18,v54
2016 APR,12384,2020-06-18,v54
2016 AUG,7514,2020-06-18,v54
2016 DEC,5205,2020-06-18,v54
2016 FEB,4833,2020-06-18,v54
2016 JAN,-7103,2020-06-18,v54
2016 JUL,921,2020-06-18,v54
2016 JUN,5254,2020-06-18,v54
2016 MAY,7508,2020-06-18,v54
2016 NOV,6987,2020-06-18,v54
2016 OCT,7841,2020-06-18,v54
2016 Q1,2168,2020-06-18,v54
2016 Q2,25146,2020-06-18,v54
2016 Q3,19285,2020-06-18,v54
2016 Q4,20033,2020-06-18,v54
2016 SEP,10850,2020-06-18,v54
2017,52464,2020-06-18,v54
2017 APR,12691,2020-06-18,v54
2017 AUG,5359,2020-06-18,v54
2017 DEC,4269,2020-06-18,v54
2017 FEB,-1041,2020-06-18,v54
2017 JAN,-9601,2020-06-18,v54
2017 JUL,116,2020-06-18,v54
2017 JUN,6852,2020-06-18,v54
2017 MAR,2186,2020-06-18,v54
2017 MAY,7394,2020-06-18,v54
2017 NOV,6465,2020-06-18,v54
2017 OCT,7872,2020-06-18,v54
2017 Q1,-8456,2020-06-18,v54
2017 Q2,26937,2020-06-18,v54
2017 Q3,15377,2020-06-18,v54
2017 Q4,18606,2020-06-18,v54
2017 SEP,9902,2020-06-18,v54
2018,47652,2020-06-18,v54
2018 APR,10414,2020-06-18,v54
2018 AUG,6868,2020-06-18,v54
2018 DEC,5195,2020-06-18,v54
2018 FEB,1429,2020-06-18,v54
2018 JAN,-7037,2020-06-18,v54
2018 JUL,-2654,2020-06-18,v54
2018 JUN,4309,2020-06-18,v54
2018 MAY,4733,2020-06-18,v54
2018 NOV,5525,2020-06-18,v54
2018 OCT,8924,2020-06-18,v54
2018 Q1,-4431,2020-06-18,v54
2018 Q2,19456,2020-06-18,v54
2018 Q3,12983,2020-06-18,v54
2018 Q4,19644,2020-06-18,v54
2018 SEP,8769,2020-06-18,v54
2019,45916,2020-06-18,v54
2019 APR,11069,2020-06-18,v54
2019 AUG,4996,2020-06-18,v54
2019 DEC,5549,2020-06-18,v54
2019 FEB,768,2020-06-18,v54
2019 JAN,-11653,2020-06-18,v54
2019 JUL,-1509,2020-06-18,v54
2019 JUN,7162,2020-06-18,v54
2019 MAR,-695,2020-06-18,v54
2019 MAY,5668,2020-06-18,v54
2019 NOV,5511,2020-06-18,v54
2019 OCT,11457,2020-06-18,v54
2019 Q1,-11580,2020-06-18,v54
2019 Q2,23899,2020-06-18,v54
2019 Q3,11080,2020-06-18,v54
2019 Q4,22517,2020-06-18,v54
2019 SEP,7593,2020-06-18,v54
2020 APR,48499,2020-06-18,v54
2020 FEB,1116,2020-06-18,v54
2020 JAN,-9549,2020-06-18,v54
2020 MAR,7576,2020-06-18,v54
2020 MAY,55224,2020-06-18,v54
2020 Q1,-857,2020-06-18,v54
2018,47727,2020-07-20,v55
2018 DEC,5214,2020-07-20,v55
2018 NOV,5545,2020-07-20,v55
2018 OCT,8944,2020-07-20,v55
2018 Q3,12999,2020-07-20,v55
2018 Q4,19703,2020-07-20,v55
2018 SEP,8785,2020-07-20,v55
2019,46217,2020-07-20,v55
2019 APR,11086,2020-07-20,v55
2019 AUG,5190,2020-07-20,v55
2019 DEC,5529,2020-07-20,v55
2019 FEB,789,2020-07-20,v55
2019 JAN,-11631,2020-07-20,v55
2019 JUL,-1490,2020-07-20,v55
2019 JUN,7182,2020-07-20,v55
2019 MAR,-673,2020-07-20,v55
2019 MAY,5685,2020-07-20,v55
2019 NOV,5505,2020-07-20,v55
2019 OCT,11452,2020-07-20,v55
2019 Q1,-11515,2020-07-20,v55
2019 Q2,23953,2020-07-20,v55
2019 Q3,11293,2020-07-20,v55
2019 Q4,22486,2020-07-20,v55
2020 APR,46894,2020-07-20,v55
2020 FEB,1053,2020-07-20,v55
2020 JAN,-9619,2020-07-20,v55
2020 JUN,35526,2020-07-20,v55
2020 MAR,6219,2020-07-20,v55
2020 MAY,45465,2020-07-20,v55
2020 Q1,-2347,2020-07-20,v55
2020 Q2,127885,2020-07-20,v55
2018,47728,2020-08-20,v56
2018 APR,10416,2020-08-20,v56
2018 AUG,6870,2020-08-20,v56
2018 DEC,5197,2020-08-20,v56
2018 JUL,-2652,2020-08-20,v56
2018 JUN,4311,2020-08-20,v56
2018 MAY,4735,2020-08-20,v56
2018 NOV,5544,2020-08-20,v56
2018 OCT,8951,2020-08-20,v56
2018 Q2,19462,2020-08-20,v56
2018 Q3,13005,2020-08-20,v56
2018 Q4,19692,2020-08-20,v56
2018 SEP,8787,2020-08-20,v56
2019,45657,2020-08-20,v56
2019 APR,10997,2020-08-20,v56
2019 AUG,5103,2020-08-20,v56
2019 DEC,5533,2020-08-20,v56
2019 FEB,746,2020-08-20,v56
2019 JAN,-11665,2020-08-20,v56
2019 JUL,-1584,2020-08-20,v56
2019 JUN,7080,2020-08-20,v56
2019 MAR,-742,2020-08-20,v56
2019 MAY,5589,2020-08-20,v56
2019 NOV,5507,2020-08-20,v56
2019 OCT,11454,2020-08-20,v56
2019 Q1,-11661,2020-08-20,v56
2019 Q2,23666,2020-08-20,v56
2019 Q3,11158,2020-08-20,v56
2019 Q4,22494,2020-08-20,v56
2019 SEP,7639,2020-08-20,v56
2020 APR,48678,2020-08-20,v56
2020 FEB,1595,2020-08-20,v56
2020 JAN,-9232,2020-08-20,v56
2020 JUL,26669,2020-08-20,v56
2020 JUN,29507,2020-08-20,v56
2020 MAR,6952,2020-08-20,v56
2020 MAY,45613,2020-08-20,v56
2020 Q1,-685,2020-08-20,v56
2020 Q2,123798,2020-08-20,v56
1997,17880,2020-09-24,v57
1997 APR,2735,2020-09-24,v57
1997 AUG,2839,2020-09-24,v57
1997 DEC,820,2020-09-24,v57
1997 JUL,628,2020-09-24,v57
1997 JUN,4851,2020-09-24,v57
1997 MAY,2920,2020-09-24,v57
1997 NOV,-1888,2020-09-24,v57
1997 OCT,-1570,2020-09-24,v57
1997 Q2,10506,2020-09-24,v57
1997 Q3,5660,2020-09-24,v57
1997 Q4,-2638,2020-09-24,v57
1997 SEP,2193,2020-09-24,v57
1998,2502,2020-09-24,v57
1998 APR,1840,2020-09-24,v57
1998 AUG,1993,2020-09-24,v57
1998 DEC,862,2020-09-24,v57
1998 FEB,285,2020-09-24,v57
1998 JAN,-7253,2020-09-24,v57
1998 JUL,-2712,2020-09-24,v57
1998 JUN,3279,2020-09-24,v57
1998 MAR,2466,2020-09-24,v57
1998 MAY,3785,2020-09-24,v57
1998 NOV,2919,2020-09-24,v57
1998 OCT,-6475,2020-09-24,v57
1998 Q1,-4502,2020-09-24,v57
1998 Q2,8904,2020-09-24,v57
1998 Q3,794,2020-09-24,v57
1998 Q4,-2694,2020-09-24,v57
1998 SEP,1513,2020-09-24,v57
1999,-8009,2020-09-24,v57
1999 APR,404,2020-09-24,v57
1999 AUG,1501,2020-09-24,v57
1999 DEC,1428,2020-09-24,v57
1999 FEB,-2137,2020-09-24,v57
1999 JAN,-6823,2020-09-24,v57
1999 JUL,-3413,2020-09-24,v57
1999 JUN,2397,2020-09-24,v57
1999 MAR,779,2020-09-24,v57
1999 MAY,3411,2020-09-24,v57
1999 NOV,1714,2020-09-24,v57
1999 OCT,-7317,2020-09-24,v57
1999 Q1,-8181,2020-09-24,v57
1999 Q2,6212,2020-09-24,v57
1999 Q3,-1865,2020-09-24,v57
1999 Q4,-4175,2020-09-24,v57
1999 SEP,47,2020-09-24,v57
2000,-15864,2020-09-24,v57
2000 APR,2964,2020-09-24,v57
2000 AUG,3396,2020-09-24,v57
2000 DEC,1540,2020-09-24,v57
2000 FEB,-938,2020-09-24,v57
2000 JAN,-9453,2020-09-24,v57
2000 JUL,-3774,2020-09-24,v57
2000 JUN,2715,2020-09-24,v57
2000 MAR,-1274,2020-09-24,v57
2000 MAY,-9247,2020-09-24,v57
2000 NOV,1253,2020-09-24,v57
2000 OCT,1000,2020-09-24,v57
2000 Q1,-11665,2020-09-24,v57
2000 Q2,-3568,2020-09-24,v57
2000 Q3,-4424,2020-09-24,v57
2000 Q4,3793,2020-09-24,v57
2000 SEP,-4046,2020-09-24,v57
2001,-1376,2020-09-24,v57
2001 APR,-130,2020-09-24,v57
2001 AUG,-825,2020-09-24,v57
2001 DEC,3231,2020-09-24,v57
2001 FEB,-3731,2020-09-24,v57
2001 JAN,-6828,2020-09-24,v57
2001 JUL,-1809,2020-09-24,v57
2001 JUN,-148,2020-09-24,v57
2001 MAR,-1022,2020-09-24,v57
2001 MAY,1733,2020-09-24,v57
2001 NOV,3466,2020-09-24,v57
2001 OCT,3207,2020-09-24,v57
2001 Q1,-11581,2020-09-24,v57
2001 Q2,1455,2020-09-24,v57
2001 Q3,-1154,2020-09-24,v57
2001 Q4,9904,2020-09-24,v57
2001 SEP,1480,2020-09-24,v57
2002,25738,2020-09-24,v57
2002 APR,2668,2020-09-24,v57
2002 AUG,2239,2020-09-24,v57
2002 DEC,4918,2020-09-24,v57
2002 FEB,-950,2020-09-24,v57
2002 JAN,-4095,2020-09-24,v57
2002 JUL,-599,2020-09-24,v57
2002 MAR,296,2020-09-24,v57
2002 MAY,3925,2020-09-24,v57
2002 NOV,5268,2020-09-24,v57
2002 OCT,3830,2020-09-24,v57
2002 Q1,-4749,2020-09-24,v57
2002 Q2,10264,2020-09-24,v57
2002 Q3,6207,2020-09-24,v57
2002 Q4,14016,2020-09-24,v57
2002 SEP,4567,2020-09-24,v57
2003,44765,2020-09-24,v57
2003 APR,3407,2020-09-24,v57
2003 AUG,4253,2020-09-24,v57
2003 DEC,5080,2020-09-24,v57
2003 FEB,2073,2020-09-24,v57
2003 JAN,-176,2020-09-24,v57
2003 JUL,1609,2020-09-24,v57
2003 JUN,4654,2020-09-24,v57
2003 MAR,1686,2020-09-24,v57
2003 MAY,6467,2020-09-24,v57
2003 NOV,5452,2020-09-24,v57
2003 OCT,4288,2020-09-24,v57
2003 Q1,3583,2020-09-24,v57
2003 Q2,14528,2020-09-24,v57
2003 Q3,11834,2020-09-24,v57
2003 Q4,14820,2020-09-24,v57
2003 SEP,5972,2020-09-24,v57
2004,46265,2020-09-24,v57
2004 APR,8006,2020-09-24,v57
2004 AUG,4534,2020-09-24,v57
2004 DEC,5310,2020-09-24,v57
2004 FEB,12,2020-09-24,v57
2004 JAN,94,2020-09-24,v57
2004 JUL,2451,2020-09-24,v57
2004 JUN,2315,2020-09-24,v57
2004 MAR,414,2020-09-24,v57
2004 MAY,6281,2020-09-24,v57
2004 NOV,5835,2020-09-24,v57
2004 OCT,5090,2020-09-24,v57
2004 Q1,520,2020-09-24,v57
2004 Q3,12908,2020-09-24,v57
2004 Q4,16235,2020-09-24,v57
2004 SEP,5923,2020-09-24,v57
2005,46761,2020-09-24,v57
2005 APR,8788,2020-09-24,v57
2005 AUG,4447,2020-09-24,v57
2005 DEC,5570,2020-09-24,v57
2005 FEB,2006,2020-09-24,v57
2005 JAN,-1080,2020-09-24,v57
2005 JUL,1223,2020-09-24,v57
2005 JUN,2693,2020-09-24,v57
2005 MAR,2392,2020-09-24,v57
2005 MAY,2615,2020-09-24,v57
2005 NOV,8042,2020-09-24,v57
2005 OCT,4682,2020-09-24,v57
2005 Q1,3318,2020-09-24,v57
2005 Q2,14096,2020-09-24,v57
2005 Q3,11053,2020-09-24,v57
2005 Q4,18294,2020-09-24,v57
2005 SEP,5383,2020-09-24,v57
2006,42684,2020-09-24,v57
2006 APR,4790,2020-09-24,v57
2006 AUG,3703,2020-09-24,v57
2006 DEC,4592,2020-09-24,v57
2006 FEB,2266,2020-09-24,v57
2006 JAN,-3207,2020-09-24,v57
2006 JUL,1170,2020-09-24,v57
2006 JUN,4061,2020-09-24,v57
2006 MAR,1669,2020-09-24,v57
2006 MAY,5258,2020-09-24,v57
2006 NOV,7197,2020-09-24,v57
2006 OCT,4158,2020-09-24,v57
2006 Q1,728,2020-09-24,v57
2006 Q2,14109,2020-09-24,v57
2006 Q3,11900,2020-09-24,v57
2006 Q4,15947,2020-09-24,v57
2006 SEP,7027,2020-09-24,v57
2007,41700,2020-09-24,v57
2007 APR,3768,2020-09-24,v57
2007 AUG,5411,2020-09-24,v57
2007 DEC,5484,2020-09-24,v57
2007 FEB,-374,2020-09-24,v57
2007 JAN,-5311,2020-09-24,v57
2007 JUL,854,2020-09-24,v57
2007 JUN,4410,2020-09-24,v57
2007 MAR,3597,2020-09-24,v57
2007 MAY,5390,2020-09-24,v57
2007 NOV,6487,2020-09-24,v57
2007 OCT,6294,2020-09-24,v57
2007 Q1,-2088,2020-09-24,v57
2007 Q2,13568,2020-09-24,v57
2007 Q3,11955,2020-09-24,v57
2007 Q4,18265,2020-09-24,v57
2007 SEP,5690,2020-09-24,v57
2008,88847,2020-09-24,v57
2008 APR,6986,2020-09-24,v57
2008 AUG,8948,2020-09-24,v57
2008 DEC,15553,2020-09-24,v57
2008 FEB,2419,2020-09-24,v57
2008 JAN,-6364,2020-09-24,v57
2008 JUL,3697,2020-09-24,v57
2008 JUN,7220,2020-09-24,v57
2008 MAR,5201,2020-09-24,v57
2008 MAY,8126,2020-09-24,v57
2008 NOV,12715,2020-09-24,v57
2008 OCT,11005,2020-09-24,v57
2008 Q1,1256,2020-09-24,v57
2008 Q2,22332,2020-09-24,v57
2008 Q3,25986,2020-09-24,v57
2008 Q4,39273,2020-09-24,v57
2008 SEP,13341,2020-09-24,v57
2009,159773,2020-09-24,v57
2009 APR,11204,2020-09-24,v57
2009 AUG,12099,2020-09-24,v57
2009 DEC,21246,2020-09-24,v57
2009 FEB,10190,2020-09-24,v57
2009 JAN,6022,2020-09-24,v57
2009 JUL,9396,2020-09-24,v57
2009 JUN,16816,2020-09-24,v57
2009 MAR,13460,2020-09-24,v57
2009 MAY,13926,2020-09-24,v57
2009 NOV,14223,2020-09-24,v57
2009 OCT,14710,2020-09-24,v57
2009 Q1,29672,2020-09-24,v57
2009 Q2,41946,2020-09-24,v57
2009 Q3,37976,2020-09-24,v57
2009 Q4,50179,2020-09-24,v57
2009 SEP,16481,2020-09-24,v57
2010,146265,2020-09-24,v57
2010 APR,9543,2020-09-24,v57
2010 AUG,11645,2020-09-24,v57
2010 DEC,17008,2020-09-24,v57
2010 FEB,8652,2020-09-24,v57
2010 JAN,6558,2020-09-24,v57
2010 JUL,9292,2020-09-24,v57
2010 JUN,12395,2020-09-24,v57
2010 MAR,12434,2020-09-24,v57
2010 MAY,13657,2020-09-24,v57
2010 NOV,14895,2020-09-24,v57
2010 OCT,14279,2020-09-24,v57
2010 Q1,27644,2020-09-24,v57
2010 Q2,35595,2020-09-24,v57
2010 Q3,36844,2020-09-24,v57
2010 Q4,46182,2020-09-24,v57
2010 SEP,15907,2020-09-24,v57
2011,121561,2020-09-24,v57
2011 APR,12355,2020-09-24,v57
2011 AUG,9804,2020-09-24,v57
2011 DEC,13917,2020-09-24,v57
2011 FEB,8588,2020-09-24,v57
2011 JAN,211,2020-09-24,v57
2011 JUL,4953,2020-09-24,v57
2011 JUN,10358,2020-09-24,v57
2011 MAR,12484,2020-09-24,v57
2011 MAY,10207,2020-09-24,v57
2011 NOV,11449,2020-09-24,v57
2011 OCT,13039,2020-09-24,v57
2011 Q1,21283,2020-09-24,v57
2011 Q2,32920,2020-09-24,v57
2011 Q3,28953,2020-09-24,v57
2011 Q4,38405,2020-09-24,v57
2011 SEP,14196,2020-09-24,v57
2012,131647,2020-09-24,v57
2012 APR,22202,2020-09-24,v57
2012 AUG,10316,2020-09-24,v57
2012 DEC,14083,2020-09-24,v57
2012 FEB,9364,2020-09-24,v57
2012 JAN,-232,2020-09-24,v57
2012 JUL,2654,2020-09-24,v57
2012 JUN,9572,2020-09-24,v57
2012 MAR,12173,2020-09-24,v57
2012 MAY,13587,2020-09-24,v57
2012 NOV,12360,2020-09-24,v57
2012 OCT,12275,2020-09-24,v57
2012 Q1,21305,2020-09-24,v57
2012 Q2,45361,2020-09-24,v57
2012 Q3,26263,2020-09-24,v57
2012 Q4,38718,2020-09-24,v57
2012 SEP,13293,2020-09-24,v57
2013,105982,2020-09-24,v57
2013 APR,12121,2020-09-24,v57
2013 AUG,9038,2020-09-24,v57
2013 DEC,11132,2020-09-24,v57
2013 FEB,6798,2020-09-24,v57
2013 JAN,-1039,2020-09-24,v57
2013 JUL,4057,2020-09-24,v57
2013 JUN,9057,2020-09-24,v57
2013 MAR,8804,2020-09-24,v57
2013 MAY,10014,2020-09-24,v57
2013 NOV,11841,2020-09-24,v57
2013 OCT,11720,2020-09-24,v57
2013 Q1,14563,2020-09-24,v57
2013 Q2,31192,2020-09-24,v57
2013 Q3,25534,2020-09-24,v57
2013 Q4,34693,2020-09-24,v57
2013 SEP,12439,2020-09-24,v57
2014,102991,2020-09-24,v57
2014 APR,12983,2020-09-24,v57
2014 AUG,8683,2020-09-24,v57
2014 DEC,12120,2020-09-24,v57
2014 FEB,8522,2020-09-24,v57
2014 JAN,-697,2020-09-24,v57
2014 JUL,3428,2020-09-24,v57
2014 JUN,8313,2020-09-24,v57
2014 MAR,5685,2020-09-24,v57
2014 MAY,10581,2020-09-24,v57
2014 NOV,9018,2020-09-24,v57
2014 OCT,11254,2020-09-24,v57
2014 Q1,13510,2020-09-24,v57
2014 Q2,31877,2020-09-24,v57
2014 Q3,25212,2020-09-24,v57
2014 Q4,32392,2020-09-24,v57
2014 SEP,13101,2020-09-24,v57
2015,85265,2020-09-24,v57
2015 APR,12253,2020-09-24,v57
2015 AUG,9103,2020-09-24,v57
2015 DEC,7181,2020-09-24,v57
2015 FEB,5569,2020-09-24,v57
2015 JAN,-3924,2020-09-24,v57
2015 JUL,2329,2020-09-24,v57
2015 JUN,8096,2020-09-24,v57
2015 MAR,5280,2020-09-24,v57
2015 MAY,7796,2020-09-24,v57
2015 NOV,9334,2020-09-24,v57
2015 OCT,10469,2020-09-24,v57
2015 Q1,6925,2020-09-24,v57
2015 Q2,28145,2020-09-24,v57
2015 Q3,23211,2020-09-24,v57
2015 Q4,26984,2020-09-24,v57
2015 SEP,11779,2020-09-24,v57
2016,64235,2020-09-24,v57
2016 APR,12233,2020-09-24,v57
2016 AUG,7276,2020-09-24,v57
2016 DEC,4910,2020-09-24,v57
2016 FEB,4772,2020-09-24,v57
2016 JAN,-7141,2020-09-24,v57
2016 JUL,685,2020-09-24,v57
2016 JUN,4973,2020-09-24,v57
2016 MAR,4370,2020-09-24,v57
2016 MAY,7235,2020-09-24,v57
2016 NOV,6690,2020-09-24,v57
2016 OCT,7540,2020-09-24,v57
2016 Q1,2001,2020-09-24,v57
2016 Q2,24441,2020-09-24,v57
2016 Q3,18653,2020-09-24,v57
2016 Q4,19140,2020-09-24,v57
2016 SEP,10692,2020-09-24,v57
2017,50463,2020-09-24,v57
2017 APR,12690,2020-09-24,v57
2017 AUG,5155,2020-09-24,v57
2017 DEC,4041,2020-09-24,v57
2017 FEB,-1218,2020-09-24,v57
2017 JAN,-9699,2020-09-24,v57
2017 JUL,-86,2020-09-24,v57
2017 JUN,6681,2020-09-24,v57
2017 MAR,2012,2020-09-24,v57
2017 MAY,7224,2020-09-24,v57
2017 NOV,6226,2020-09-24,v57
2017 OCT,7630,2020-09-24,v57
2017 Q1,-8905,2020-09-24,v57
2017 Q2,26595,2020-09-24,v57
2017 Q3,14876,2020-09-24,v57
2017 Q4,17897,2020-09-24,v57
2017 SEP,9807,2020-09-24,v57
2018,45759,2020-09-24,v57
2018 APR,10122,2020-09-24,v57
2018 AUG,6723,2020-09-24,v57
2018 DEC,5138,2020-09-24,v57
2018 FEB,1216,2020-09-24,v57
2018 JAN,-7139,2020-09-24,v57
2018 JUL,-2797,2020-09-24,v57
2018 JUN,4173,2020-09-24,v57
2018 MAR,956,2020-09-24,v57
2018 MAY,4586,2020-09-24,v57
2018 NOV,5426,2020-09-24,v57
2018 OCT,8809,2020-09-24,v57
2018 Q1,-4967,2020-09-24,v57
2018 Q2,18881,2020-09-24,v57
2018 Q3,12472,2020-09-24,v57
2018 Q4,19373,2020-09-24,v57
2018 SEP,8546,2020-09-24,v57
2019,45414,2020-09-24,v57
2019 APR,10583,2020-09-24,v57
2019 AUG,5403,2020-09-24,v57
2019 DEC,5647,2020-09-24,v57
2019 FEB,689,2020-09-24,v57
2019 JAN,-11772,2020-09-24,v57
2019 JUL,-1280,2020-09-24,v57
2019 JUN,6778,2020-09-24,v57
2019 MAR,-804,2020-09-24,v57
2019 MAY,5299,2020-09-24,v57
2019 NOV,5542,2020-09-24,v57
2019 OCT,11477,2020-09-24,v57
2019 Q1,-11887,2020-09-24,v57
2019 Q2,22660,2020-09-24,v57
2019 Q3,11975,2020-09-24,v57
2019 Q4,22666,2020-09-24,v57
2019 SEP,7852,2020-09-24,v57
2020 APR,49096,2020-09-24,v57
2020 AUG,35920,2020-09-24,v57
2020 FEB,1370,2020-09-24,v57
2020 JAN,-9648,2020-09-24,v57
2020 JUL,15441,2020-09-24,v57
2020 JUN,28943,2020-09-24,v57
2020 MAR,6824,2020-09-24,v57
2020 MAY,44252,2020-09-24,v57
2020 Q1,-1454,2020-09-24,v57
2020 Q2,122291,2020-09-24,v57
2018,45764,2020-10-20,v58
2018 DEC,5143,2020-10-20,v58
2018 Q4,19378,2020-10-20,v58
2019,44427,2020-10-20,v58
2019 APR,10477,2020-10-20,v58
2019 AUG,5299,2020-10-20,v58
2019 DEC,5485,2020-10-20,v58
2019 FEB,694,2020-10-20,v58
2019 JAN,-11767,2020-10-20,v58
2019 JUL,-1384,2020-10-20,v58
2019 JUN,6673,2020-10-20,v58
2019 MAR,-799,2020-10-20,v58
2019 MAY,5194,2020-10-20,v58
2019 NOV,5437,2020-10-20,v58
2019 OCT,11371,2020-10-20,v58
2019 Q1,-11872,2020-10-20,v58
2019 Q2,22344,2020-10-20,v58
2019 Q3,11662,2020-10-20,v58
2019 Q4,22293,2020-10-20,v58
2019 SEP,7747,2020-10-20,v58
2020 APR,47890,2020-10-20,v58
2020 AUG,30113,2020-10-20,v58
2020 FEB,1099,2020-10-20,v58
2020 JAN,-9813,2020-10-20,v58
2020 JUL,23098,2020-10-20,v58
2020 JUN,27649,2020-10-20,v58
2020 MAR,6948,2020-10-20,v58
2020 MAY,43638,2020-10-20,v58
2020 Q1,-1766,2020-10-20,v58
2020 Q2,119177,2020-10-20,v58
2020 Q3,89312,2020-10-20,v58
2020 SEP,36101,2020-10-20,v58
2008,88845,2020-11-20,v59
2008 FEB,2418,2020-11-20,v59
2008 JAN,-6365,2020-11-20,v59
2008 Q1,1254,2020-11-20,v59
2010,146264,2020-11-20,v59
2010 MAR,12433,2020-11-20,v59
2010 Q1,27643,2020-11-20,v59
2014,103000,2020-11-20,v59
2014 APR,12984,2020-11-20,v59
2014 AUG,8684,2020-11-20,v59
2014 DEC,12121,2020-11-20,v59
2014 FEB,8523,2020-11-20,v59
2014 JAN,-696,2020-11-20,v59
2014 JUL,3429,2020-11-20,v59
2014 JUN,8314,2020-11-20,v59
2014 MAR,5683,2020-11-20,v59
2014 MAY,10582,2020-11-20,v59
2014 NOV,9019,2020-11-20,v59
2014 OCT,11255,2020-11-20,v59
2014 Q2,31880,2020-11-20,v59
2014 Q3,25215,2020-11-20,v59
2014 Q4,32395,2020-11-20,v59
2014 SEP,13102,2020-11-20,v59
2015,85261,2020-11-20,v59
2015 FEB,5570,2020-11-20,v59
2015 JAN,-3923,2020-11-20,v59
2015 MAR,5274,2020-11-20,v59
2015 Q1,6921,2020-11-20,v59
2016,64240,2020-11-20,v59
2016 APR,12234,2020-11-20,v59
2016 AUG,7277,2020-11-20,v59
2016 DEC,4911,2020-11-20,v59
2016 FEB,4771,2020-11-20,v59
2016 JAN,-7142,2020-11-20,v59
2016 JUL,686,2020-11-20,v59
2016 JUN,4974,2020-11-20,v59
2016 MAR,4368,2020-11-20,v59
2016 MAY,7236,2020-11-20,v59
2016 NOV,6691,2020-11-20,v59
2016 OCT,7541,2020-11-20,v59
2016 Q1,1997,2020-11-20,v59
2016 Q2,24444,2020-11-20,v59
2016 Q3,18656,2020-11-20,v59
2016 Q4,19143,2020-11-20,v59
2016 SEP,10693,2020-11-20,v59
2017,50465,2020-11-20,v59
2017 APR,12691,2020-11-20,v59
2017 AUG,5156,2020-11-20,v59
2017 DEC,4042,2020-11-20,v59
2017 FEB,-1217,2020-11-20,v59
2017 JAN,-9698,2020-11-20,v59
2017 JUL,-85,2020-11-20,v59
2017 JUN,6682,2020-11-20,v59
2017 MAR,2003,2020-11-20,v59
2017 MAY,7225,2020-11-20,v59
2017 NOV,6227,2020-11-20,v59
2017 OCT,7631,2020-11-20,v59
2017 Q1,-8912,2020-11-20,v59
2017 Q2,26598,2020-11-20,v59
2017 Q3,14879,2020-11-20,v59
2017 Q4,17900,2020-11-20,v59
2017 SEP,9808,2020-11-20,v59
2018,45786,2020-11-20,v59
2018 DEC,5153,2020-11-20,v59
2018 FEB,1219,2020-11-20,v59
2018 JAN,-7136,2020-11-20,v59
2018 MAR,951,2020-11-20,v59
2018 NOV,5433,2020-11-20,v59
2018 OCT,8813,2020-11-20,v59
2018 Q1,-4966,2020-11-20,v59
2018 Q4,19399,2020-11-20,v59
2019,45247,2020-11-20,v59
2019 APR,10496,2020-11-20,v59
2019 AUG,4963,2020-11-20,v59
2019 DEC,5815,2020-11-20,v59
2019 FEB,725,2020-11-20,v59
2019 JAN,-11736,2020-11-20,v59
2019 JUL,-1293,2020-11-20,v59
2019 JUN,6832,2020-11-20,v59
2019 MAR,-769,2020-11-20,v59
2019 MAY,5334,2020-11-20,v59
2019 NOV,5442,2020-11-20,v59
2019 OCT,11533,2020-11-20,v59
2019 Q1,-11780,2020-11-20,v59
2019 Q2,22662,2020-11-20,v59
2019 Q3,11575,2020-11-20,v59
2019 Q4,22790,2020-11-20,v59
2019 SEP,7905,2020-11-20,v59
2020 APR,47304,2020-11-20,v59
2020 AUG,24378,2020-11-20,v59
2020 FEB,1511,2020-11-20,v59
2020 JAN,-9598,2020-11-20,v59
2020 JUL,21241,2020-11-20,v59
2020 JUN,27393,2020-11-20,v59
2020 MAR,7116,2020-11-20,v59
2020 MAY,43687,2020-11-20,v59
2020 OCT,22318,2020-11-20,v59
2020 Q1,-971,2020-11-20,v59
2020 Q2,118384,2020-11-20,v59
2020 Q3,74205,2020-11-20,v59
2020 SEP,28586,2020-11-20,v59
2008,88847,2020-12-22,v61
2008 FEB,2419,2020-12-22,v61
2008 JAN,-6364,2020-12-22,v61
2008 Q1,1256,2020-12-22,v61
2010,146265,2020-12-22,v61
2010 MAR,12434,2020-12-22,v61
2010 Q1,27644,2020-12-22,v61
2014,102991,2020-12-22,v61
2014 APR,12983,2020-12-22,v61
2014 AUG,8683,2020-12-22,v61
2014 DEC,12120,2020-12-22,v61
2014 FEB,8522,2020-12-22,v61
2014 JAN,-697,2020-12-22,v61
2014 JUL,3428,2020-12-22,v61
2014 JUN,8313,2020-12-22,v61
2014 MAR,5685,2020-12-22,v61
2014 MAY,10581,2020-12-22,v61
2014 NOV,9018,2020-12-22,v61
2014 OCT,11254,2020-12-22,v61
2014 Q2,31877,2020-12-22,v61
2014 Q3,25212,2020-12-22,v61
2014 Q4,32392,2020-12-22,v61
2014 SEP,13101,2020-12-22,v61
2015,85268,2020-12-22,v61
2015 DEC,7182,2020-12-22,v61
2015 FEB,5569,2020-12-22,v61
2015 JAN,-3924,2020-12-22,v61
2015 JUN,8097,2020-12-22,v61
2015 MAR,5280,2020-12-22,v61
2015 Q1,6925,2020-12-22,v61
2015 Q2,28146,2020-12-22,v61
2015 Q3,23212,2020-12-22,v61
2015 Q4,26985,2020-12-22,v61
2015 SEP,11780,2020-12-22,v61
2016,64232,2020-12-22,v61
2016 APR,12233,2020-12-22,v61
2016 AUG,7276,2020-12-22,v61
2016 DEC,4910,2020-12-22,v61
2016 FEB,4772,2020-12-22,v61
2016 JAN,-7141,2020-12-22,v61
2016 JUL,685,2020-12-22,v61
2016 JUN,4973,2020-12-22,v61
2016 MAR,4367,2020-12-22,v61
2016 MAY,7235,2020-12-22,v61
2016 NOV,6690,2020-12-22,v61
2016 OCT,7540,2020-12-22,v61
2016 Q1,1998,2020-12-22,v61
2016 Q2,24441,2020-12-22,v61
2016 Q3,18653,2020-12-22,v61
2016 Q4,19140,2020-12-22,v61
2016 SEP,10692,2020-12-22,v61
2017,50463,2020-12-22,v61
2017 DEC,4039,2020-12-22,v61
2017 FEB,-1218,2020-12-22,v61
2017 JAN,-9699,2020-12-22,v61
2017 JUN,6679,2020-12-22,v61
2017 MAR,2012,2020-12-22,v61
2017 Q1,-8905,2020-12-22,v61
2017 Q2,26595,2020-12-22,v61
2017 Q3,14876,2020-12-22,v61
2017 Q4,17897,2020-12-22,v61
2017 SEP,9805,2020-12-22,v61
2018,45828,2020-12-22,v61
2018 APR,10128,2020-12-22,v61
2018 AUG,6729,2020-12-22,v61
2018 DEC,5155,2020-12-22,v61
2018 FEB,1216,2020-12-22,v61
2018 JAN,-7139,2020-12-22,v61
2018 JUL,-2791,2020-12-22,v61
2018 JUN,4175,2020-12-22,v61
2018 MAR,957,2020-12-22,v61
2018 MAY,4592,2020-12-22,v61
2018 NOV,5439,2020-12-22,v61
2018 OCT,8819,2020-12-22,v61
2018 Q2,18895,2020-12-22,v61
2018 Q3,12486,2020-12-22,v61
2018 Q4,19413,2020-12-22,v61
2018 SEP,8548,2020-12-22,v61
2019,46402,2020-12-22,v61
2019 APR,10578,2020-12-22,v61
2019 AUG,5151,2020-12-22,v61
2019 DEC,5946,2020-12-22,v61
2019 FEB,707,2020-12-22,v61
2019 JAN,-11747,2020-12-22,v61
2019 JUL,-1105,2020-12-22,v61
2019 JUN,6914,2020-12-22,v61
2019 MAR,-789,2020-12-22,v61
2019 MAY,5415,2020-12-22,v61
2019 NOV,5570,2020-12-22,v61
2019 OCT,11661,2020-12-22,v61
2019 Q1,-11829,2020-12-22,v61
2019 Q2,22907,2020-12-22,v61
2019 Q3,12147,2020-12-22,v61
2019 Q4,23177,2020-12-22,v61
2019 SEP,8101,2020-12-22,v61
2020 APR,47333,2020-12-22,v61
2020 AUG,23011,2020-12-22,v61
2020 FEB,1555,2020-12-22,v61
2020 JAN,-9561,2020-12-22,v61
2020 JUL,19877,2020-12-22,v61
2020 JUN,27175,2020-12-22,v61
2020 MAR,7152,2020-12-22,v61
2020 MAY,43106,2020-12-22,v61
2020 NOV,31571,2020-12-22,v61
2020 OCT,21673,2020-12-22,v61
2020 Q1,-854,2020-12-22,v61
2020 Q2,117614,2020-12-22,v61
2020 Q3,70037,2020-12-22,v61
2020 SEP,27149,2020-12-22,v61
2014,102989,2021-01-22,v62
2014 DEC,12119,2021-01-22,v62
2014 NOV,9017,2021-01-22,v62
2014 Q4,32390,2021-01-22,v62
2015,85230,2021-01-22,v62
2015 APR,12250,2021-01-22,v62
2015 AUG,9100,2021-01-22,v62
2015 DEC,7176,2021-01-22,v62
2015 FEB,5568,2021-01-22,v62
2015 JAN,-3926,2021-01-22,v62
2015 JUL,2327,2021-01-22,v62
2015 JUN,8094,2021-01-22,v62
2015 MAR,5278,2021-01-22,v62
2015 MAY,7792,2021-01-22,v62
2015 NOV,9328,2021-01-22,v62
2015 OCT,10465,2021-01-22,v62
2015 Q1,6920,2021-01-22,v62
2015 Q2,28136,2021-01-22,v62
2015 Q3,23205,2021-01-22,v62
2015 Q4,26969,2021-01-22,v62
2015 SEP,11778,2021-01-22,v62
2016,64154,2021-01-22,v62
2016 APR,12225,2021-01-22,v62
2016 AUG,7269,2021-01-22,v62
2016 DEC,4905,2021-01-22,v62
2016 FEB,4766,2021-01-22,v62
2016 JAN,-7149,2021-01-22,v62
2016 JUL,679,2021-01-22,v62
2016 JUN,4969,2021-01-22,v62
2016 MAR,4360,2021-01-22,v62
2016 MAY,7227,2021-01-22,v62
2016 NOV,6684,2021-01-22,v62
2016 OCT,7534,2021-01-22,v62
2016 Q1,1977,2021-01-22,v62
2016 Q2,24421,2021-01-22,v62
2016 Q3,18633,2021-01-22,v62
2016 Q4,19123,2021-01-22,v62
2016 SEP,10685,2021-01-22,v62
2017,50371,2021-01-22,v62
2017 APR,12685,2021-01-22,v62
2017 AUG,5147,2021-01-22,v62
2017 DEC,4027,2021-01-22,v62
2017 FEB,-1223,2021-01-22,v62
2017 JAN,-9704,2021-01-22,v62
2017 JUL,-93,2021-01-22,v62
2017 JUN,6675,2021-01-22,v62
2017 MAR,2007,2021-01-22,v62
2017 MAY,7217,2021-01-22,v62
2017 NOV,6215,2021-01-22,v62
2017 OCT,7620,2021-01-22,v62
2017 Q1,-8920,2021-01-22,v62
2017 Q2,26577,2021-01-22,v62
2017 Q3,14852,2021-01-22,v62
2017 Q4,17862,2021-01-22,v62
2017 SEP,9798,2021-01-22,v62
2018,45565,2021-01-22,v62
2018 APR,10113,2021-01-22,v62
2018 AUG,6712,2021-01-22,v62
2018 DEC,5103,2021-01-22,v62
2018 FEB,1233,2021-01-22,v62
2018 JAN,-7122,2021-01-22,v62
2018 JUL,-2808,2021-01-22,v62
2018 JUN,4159,2021-01-22,v62
2018 MAR,880,2021-01-22,v62
2018 MAY,4578,2021-01-22,v62
2018 NOV,5397,2021-01-22,v62
2018 OCT,8790,2021-01-22,v62
2018 Q1,-5009,2021-01-22,v62
2018 Q2,18850,2021-01-22,v62
2018 Q3,12434,2021-01-22,v62
2018 Q4,19290,2021-01-22,v62
2018 SEP,8530,2021-01-22,v62
2019,46122,2021-01-22,v62
2019 APR,10552,2021-01-22,v62
2019 AUG,5153,2021-01-22,v62
2019 DEC,5893,2021-01-22,v62
2019 FEB,655,2021-01-22,v62
2019 JAN,-11800,2021-01-22,v62
2019 JUL,-1103,2021-01-22,v62
2019 JUN,6913,2021-01-22,v62
2019 MAR,-855,2021-01-22,v62
2019 MAY,5399,2021-01-22,v62
2019 NOV,5556,2021-01-22,v62
2019 OCT,11653,2021-01-22,v62
2019 Q1,-12000,2021-01-22,v62
2019 Q2,22864,2021-01-22,v62
2019 Q3,12156,2021-01-22,v62
2019 Q4,23102,2021-01-22,v62
2019 SEP,8106,2021-01-22,v62
2020,269714,2021-01-22,v62
2020 APR,47200,2021-01-22,v62
2020 AUG,23790,2021-01-22,v62
2020 DEC,34109,2021-01-22,v62
2020 FEB,1448,2021-01-22,v62
2020 JAN,-9652,2021-01-22,v62
2020 JUL,20712,2021-01-22,v62
2020 JUN,28034,2021-01-22,v62
2020 MAR,7102,2021-01-22,v62
2020 MAY,43187,2021-01-22,v62
2020 NOV,26149,2021-01-22,v62
2020 OCT,19918,2021-01-22,v62
2020 Q1,-1102,2021-01-22,v62
2020 Q2,118421,2021-01-22,v62
2020 Q3,72219,2021-01-22,v62
2020 Q4,80176,2021-01-22,v62
2020 SEP,27717,2021-01-22,v62
2017,50372,2021-02-19,v63
2017 DEC,4028,2021-02-19,v63
2017 Q4,17863,2021-02-19,v63
2019,46230,2021-02-19,v63
2019 APR,10564,2021-02-19,v63
2019 AUG,5165,2021-02-19,v63
2019 DEC,5905,2021-02-19,v63
2019 JUL,-1091,2021-02-19,v63
2019 JUN,6925,2021-02-19,v63
2019 MAY,5411,2021-02-19,v63
2019 NOV,5568,2021-02-19,v63
2019 OCT,11665,2021-02-19,v63
2019 Q2,22900,2021-02-19,v63
2019 Q3,12192,2021-02-19,v63
2019 Q4,23138,2021-02-19,v63
2019 SEP,8118,2021-02-19,v63
2020,260662,2021-02-19,v63
2020 APR,47234,2021-02-19,v63
2020 AUG,24997,2021-02-19,v63
2020 DEC,26844,2021-02-19,v63
2020 FEB,1460,2021-02-19,v63
2020 JAN,-9640,2021-02-19,v63
2020 JUL,20496,2021-02-19,v63
2020 JUN,28147,2021-02-19,v63
2020 MAR,7027,2021-02-19,v63
2020 MAY,43586,2021-02-19,v63
2020 NOV,24256,2021-02-19,v63
2020 OCT,18502,2021-02-19,v63
2020 Q1,-1153,2021-02-19,v63
2020 Q2,118967,2021-02-19,v63
2020 Q3,73246,2021-02-19,v63
2020 Q4,69602,2021-02-19,v63
2020 SEP,27753,2021-02-19,v63
2021 JAN,8750,2021-02-19,v63
2014,102988,2021-03-19,v64
2014 DEC,12118,2021-03-19,v64
2014 Q4,32389,2021-03-19,v64
2015,85258,2021-03-19,v64
2015 APR,12254,2021-03-19,v64
2015 AUG,9103,2021-03-19,v64
2015 DEC,7179,2021-03-19,v64
2015 FEB,5567,2021-03-19,v64
2015 JAN,-3927,2021-03-19,v64
2015 JUL,2331,2021-03-19,v64
2015 JUN,8098,2021-03-19,v64
2015 MAR,5277,2021-03-19,v64
2015 MAY,7796,2021-03-19,v64
2015 NOV,9331,2021-03-19,v64
2015 OCT,10468,2021-03-19,v64
2015 Q1,6917,2021-03-19,v64
2015 Q2,28148,2021-03-19,v64
2015 Q3,23215,2021-03-19,v64
2015 Q4,26978,2021-03-19,v64
2015 SEP,11781,2021-03-19,v64
2016,64216,2021-03-19,v64
2016 APR,12231,2021-03-19,v64
2016 AUG,7275,2021-03-19,v64
2016 DEC,4910,2021-03-19,v64
2016 FEB,4769,2021-03-19,v64
2016 JAN,-7146,2021-03-19,v64
2016 JUL,685,2021-03-19,v64
2016 JUN,4974,2021-03-19,v64
2016 MAR,4365,2021-03-19,v64
2016 MAY,7233,2021-03-19,v64
2016 NOV,6690,2021-03-19,v64
2016 OCT,7540,2021-03-19,v64
2016 Q1,1988,2021-03-19,v64
2016 Q2,24438,2021-03-19,v64
2016 Q3,18650,2021-03-19,v64
2016 Q4,19140,2021-03-19,v64
2016 SEP,10690,2021-03-19,v64
2017,50437,2021-03-19,v64
2017 APR,12690,2021-03-19,v64
2017 AUG,5153,2021-03-19,v64
2017 DEC,4033,2021-03-19,v64
2017 FEB,-1217,2021-03-19,v64
2017 JAN,-9698,2021-03-19,v64
2017 JUL,-87,2021-03-19,v64
2017 JUN,6681,2021-03-19,v64
2017 MAR,2012,2021-03-19,v64
2017 MAY,7222,2021-03-19,v64
2017 NOV,6220,2021-03-19,v64
2017 OCT,7625,2021-03-19,v64
2017 Q1,-8903,2021-03-19,v64
2017 Q2,26593,2021-03-19,v64
2017 Q3,14869,2021-03-19,v64
2017 Q4,17878,2021-03-19,v64
2017 SEP,9803,2021-03-19,v64
2018,45658,2021-03-19,v64
2018 APR,10123,2021-03-19,v64
2018 AUG,6721,2021-03-19,v64
2018 DEC,5111,2021-03-19,v64
2018 FEB,1238,2021-03-19,v64
2018 JAN,-7116,2021-03-19,v64
2018 JUL,-2800,2021-03-19,v64
2018 JUN,4166,2021-03-19,v64
2018 MAR,886,2021-03-19,v64
2018 MAY,4587,2021-03-19,v64
2018 NOV,5406,2021-03-19,v64
2018 OCT,8799,2021-03-19,v64
2018 Q1,-4992,2021-03-19,v64
2018 Q2,18876,2021-03-19,v64
2018 Q3,12458,2021-03-19,v64
2018 Q4,19316,2021-03-19,v64
2018 SEP,8537,2021-03-19,v64
2019,46566,2021-03-19,v64
2019 APR,10612,2021-03-19,v64
2019 AUG,5199,2021-03-19,v64
2019 DEC,5938,2021-03-19,v64
2019 FEB,663,2021-03-19,v64
2019 JAN,-11791,2021-03-19,v64
2019 JUL,-1059,2021-03-19,v64
2019 JUN,6959,2021-03-19,v64
2019 MAR,-848,2021-03-19,v64
2019 MAY,5442,2021-03-19,v64
2019 NOV,5601,2021-03-19,v64
2019 OCT,11698,2021-03-19,v64
2019 Q1,-11976,2021-03-19,v64
2019 Q2,23013,2021-03-19,v64
2019 Q3,12292,2021-03-19,v64
2019 Q4,23237,2021-03-19,v64
2019 SEP,8152,2021-03-19,v64
2020,255639,2021-03-19,v64
2020 APR,47155,2021-03-19,v64
2020 AUG,24435,2021-03-19,v64
2020 DEC,25448,2021-03-19,v64
2020 FEB,1562,2021-03-19,v64
2020 JAN,-9539,2021-03-19,v64
2020 JUL,20120,2021-03-19,v64
2020 JUN,28180,2021-03-19,v64
2020 MAR,7113,2021-03-19,v64
2020 MAY,43607,2021-03-19,v64
2020 NOV,22238,2021-03-19,v64
2020 OCT,18099,2021-03-19,v64
2020 Q1,-864,2021-03-19,v64
2020 Q2,118942,2021-03-19,v64
2020 Q3,71776,2021-03-19,v64
2020 Q4,65785,2021-03-19,v64
2020 SEP,27221,2021-03-19,v64
2021 FEB,19147,2021-03-19,v64
2021 JAN,3128,2021-03-19,v64
2013,105983,2021-04-22,v65
2013 DEC,11133,2021-04-22,v65
2013 Q4,34694,2021-04-22,v65
2014,102992,2021-04-22,v65
2014 FEB,8523,2021-04-22,v65
2014 JAN,-696,2021-04-22,v65
2014 MAR,5686,2021-04-22,v65
2014 OCT,11255,2021-04-22,v65
2014 Q1,13513,2021-04-22,v65
2014 Q4,32390,2021-04-22,v65
2015,85234,2021-04-22,v65
2015 APR,12227,2021-04-22,v65
2015 FEB,5568,2021-04-22,v65
2015 JAN,-3926,2021-04-22,v65
2015 JUL,2330,2021-04-22,v65
2015 MAR,5278,2021-04-22,v65
2015 Q1,6920,2021-04-22,v65
2015 Q2,28121,2021-04-22,v65
2015 SEP,11782,2021-04-22,v65
2016,64459,2021-04-22,v65
2016 APR,12264,2021-04-22,v65
2016 AUG,7243,2021-04-22,v65
2016 DEC,4974,2021-04-22,v65
2016 JAN,-7149,2021-04-22,v65
2016 JUL,621,2021-04-22,v65
2016 JUN,5061,2021-04-22,v65
2016 MAY,7374,2021-04-22,v65
2016 NOV,6679,2021-04-22,v65
2016 OCT,7564,2021-04-22,v65
2016 Q1,1985,2021-04-22,v65
2016 Q2,24699,2021-04-22,v65
2016 Q3,18558,2021-04-22,v65
2016 Q4,19217,2021-04-22,v65
2016 SEP,10694,2021-04-22,v65
2017,50671,2021-04-22,v65
2017 FEB,-1133,2021-04-22,v65
2017 JAN,-9684,2021-04-22,v65
2017 MAR,2148,2021-04-22,v65
2017 Q1,-8669,2021-04-22,v65
2018,45607,2021-04-22,v65
2018 MAR,835,2021-04-22,v65
2018 Q1,-5043,2021-04-22,v65
2019,46276,2021-04-22,v65
2019 APR,10611,2021-04-22,v65
2019 AUG,5171,2021-04-22,v65
2019 DEC,5878,2021-04-22,v65
2019 FEB,662,2021-04-22,v65
2019 JUL,-1087,2021-04-22,v65
2019 JUN,6931,2021-04-22,v65
2019 MAR,-847,2021-04-22,v65
2019 NOV,5542,2021-04-22,v65
2019 OCT,11639,2021-04-22,v65
2019 Q2,22984,2021-04-22,v65
2019 Q3,12209,2021-04-22,v65
2019 Q4,23059,2021-04-22,v65
2019 SEP,8125,2021-04-22,v65
2020,255720,2021-04-22,v65
2020 APR,47276,2021-04-22,v65
2020 AUG,24562,2021-04-22,v65
2020 DEC,25525,2021-04-22,v65
2020 FEB,1459,2021-04-22,v65
2020 JAN,-9672,2021-04-22,v65
2020 JUL,20335,2021-04-22,v65
2020 JUN,28287,2021-04-22,v65
2020 MAR,7015,2021-04-22,v65
2020 MAY,43574,2021-04-22,v65
2020 NOV,22104,2021-04-22,v65
2020 OCT,18039,2021-04-22,v65
2020 Q1,-1198,2021-04-22,v65
2020 Q2,119137,2021-04-22,v65
2020 Q3,72113,2021-04-22,v65
2020 Q4,65668,2021-04-22,v65
2020 SEP,27216,2021-04-22,v65
2021 FEB,16046,2021-04-22,v65
2021 JAN,2175,2021-04-22,v65
2021 MAR,28005,2021-04-22,v65
2021 Q1,46226,2021-04-22,v65
2014,102991,2021-05-24,v66
2014 OCT,11254,2021-05-24,v66
2014 Q4,32389,2021-05-24,v66
2015,85349,2021-05-24,v66
2015 APR,12222,2021-05-24,v66
2015 AUG,9098,2021-05-24,v66
2015 DEC,7337,2021-05-24,v66
2015 JUL,2325,2021-05-24,v66
2015 JUN,8092,2021-05-24,v66
2015 MAY,7792,2021-05-24,v66
2015 NOV,9326,2021-05-24,v66
2015 OCT,10462,2021-05-24,v66
2015 Q2,28106,2021-05-24,v66
2015 Q3,23198,2021-05-24,v66
2015 Q4,27125,2021-05-24,v66
2015 SEP,11775,2021-05-24,v66
2016,64655,2021-05-24,v66
2016 APR,12255,2021-05-24,v66
2016 AUG,7240,2021-05-24,v66
2016 DEC,4963,2021-05-24,v66
2016 FEB,4921,2021-05-24,v66
2016 JAN,-7000,2021-05-24,v66
2016 JUL,603,2021-05-24,v66
2016 JUN,5040,2021-05-24,v66
2016 MAR,4359,2021-05-24,v66
2016 MAY,7364,2021-05-24,v66
2016 NOV,6665,2021-05-24,v66
2016 OCT,7553,2021-05-24,v66
2016 Q1,2280,2021-05-24,v66
2016 Q2,24659,2021-05-24,v66
2016 Q3,18535,2021-05-24,v66
2016 Q4,19181,2021-05-24,v66
2016 SEP,10692,2021-05-24,v66
2017,50423,2021-05-24,v66
2017 APR,12684,2021-05-24,v66
2017 AUG,5067,2021-05-24,v66
2017 DEC,3943,2021-05-24,v66
2017 FEB,-1034,2021-05-24,v66
2017 JAN,-9551,2021-05-24,v66
2017 JUL,-173,2021-05-24,v66
2017 JUN,6674,2021-05-24,v66
2017 MAR,2218,2021-05-24,v66
2017 MAY,7215,2021-05-24,v66
2017 NOV,6129,2021-05-24,v66
2017 OCT,7534,2021-05-24,v66
2017 Q1,-8367,2021-05-24,v66
2017 Q2,26573,2021-05-24,v66
2017 Q3,14611,2021-05-24,v66
2017 Q4,17606,2021-05-24,v66
2017 SEP,9717,2021-05-24,v66
2018,45275,2021-05-24,v66
2018 APR,10105,2021-05-24,v66
2018 AUG,6699,2021-05-24,v66
2018 DEC,4980,2021-05-24,v66
2018 FEB,1217,2021-05-24,v66
2018 JAN,-7172,2021-05-24,v66
2018 JUL,-2785,2021-05-24,v66
2018 JUN,4151,2021-05-24,v66
2018 MAR,836,2021-05-24,v66
2018 MAY,4567,2021-05-24,v66
2018 NOV,5388,2021-05-24,v66
2018 OCT,8781,2021-05-24,v66
2018 Q1,-5119,2021-05-24,v66
2018 Q2,18823,2021-05-24,v66
2018 Q3,12422,2021-05-24,v66
2018 Q4,19149,2021-05-24,v66
2018 SEP,8508,2021-05-24,v66
2019,46136,2021-05-24,v66
2019 APR,10610,2021-05-24,v66
2019 AUG,5177,2021-05-24,v66
2019 DEC,5882,2021-05-24,v66
2019 FEB,545,2021-05-24,v66
2019 JAN,-11855,2021-05-24,v66
2019 JUL,-1039,2021-05-24,v66
2019 JUN,6932,2021-05-24,v66
2019 MAR,-858,2021-05-24,v66
2019 MAY,5441,2021-05-24,v66
2019 NOV,5541,2021-05-24,v66
2019 OCT,11636,2021-05-24,v66
2019 Q1,-12168,2021-05-24,v66
2019 Q2,22983,2021-05-24,v66
2019 Q3,12262,2021-05-24,v66
2019 SEP,8124,2021-05-24,v66
2020,254544,2021-05-24,v66
2020 APR,47315,2021-05-24,v66
2020 AUG,24519,2021-05-24,v66
2020 DEC,24706,2021-05-24,v66
2020 FEB,1474,2021-05-24,v66
2020 JAN,-9591,2021-05-24,v66
2020 JUL,20357,2021-05-24,v66
2020 JUN,28216,2021-05-24,v66
2020 MAR,7025,2021-05-24,v66
2020 MAY,43729,2021-05-24,v66
2020 NOV,21864,2021-05-24,v66
2020 OCT,17732,2021-05-24,v66
2020 Q1,-1092,2021-05-24,v66
2020 Q2,119260,2021-05-24,v66
2020 Q3,72074,2021-05-24,v66
2020 Q4,64302,2021-05-24,v66
2020 SEP,27198,2021-05-24,v66
2021 APR,31696,2021-05-24,v66
2021 FEB,15900,2021-05-24,v66
2021 JAN,2499,2021-05-24,v66
2021 MAR,26264,2021-05-24,v66
2021 Q1,44663,2021-05-24,v66
2013,105982,2021-06-21,v67
2013 DEC,11132,2021-06-21,v67
2013 Q4,34693,2021-06-21,v67
2018 APR,10106,2021-06-21,v67
2018 DEC,4978,2021-06-21,v67
2018 JUL,-2784,2021-06-21,v67
2018 JUN,4152,2021-06-21,v67
2018 MAY,4565,2021-06-21,v67
2018 NOV,5390,2021-06-21,v67
2018 SEP,8507,2021-06-21,v67
2019,46121,2021-06-21,v67
2019 AUG,5174,2021-06-21,v67
2019 DEC,5879,2021-06-21,v67
2019 FEB,547,2021-06-21,v67
2019 JAN,-11854,2021-06-21,v67
2019 MAR,-861,2021-06-21,v67
2019 NOV,5538,2021-06-21,v67
2019 OCT,11633,2021-06-21,v67
2019 Q3,12256,2021-06-21,v67
2019 Q4,23050,2021-06-21,v67
2019 SEP,8121,2021-06-21,v67
2020,254361,2021-06-21,v67
2020 APR,47349,2021-06-21,v67
2020 AUG,24608,2021-06-21,v67
2020 DEC,24430,2021-06-21,v67
2020 FEB,1468,2021-06-21,v67
2020 JAN,-9597,2021-06-21,v67
2020 JUL,20461,2021-06-21,v67
2020 JUN,28245,2021-06-21,v67
2020 MAR,7016,2021-06-21,v67
2020 MAY,43763,2021-06-21,v67
2020 NOV,21581,2021-06-21,v67
2020 OCT,17744,2021-06-21,v67
2020 Q1,-1113,2021-06-21,v67
2020 Q2,119357,2021-06-21,v67
2020 Q3,72362,2021-06-21,v67
2020 Q4,63755,2021-06-21,v67
2020 SEP,27293,2021-06-21,v67
2021 APR,29066,2021-06-21,v67
2021 FEB,15773,2021-06-21,v67
2021 JAN,1850,2021-06-21,v67
2021 MAR,26074,2021-06-21,v67
2021 MAY,24339,2021-06-21,v67
2021 Q1,43697,2021-06-21,v67
2017,50411,2021-07-20,v68
2017 APR,12683,2021-07-20,v68
2017 AUG,5065,2021-07-20,v68
2017 DEC,3941,2021-07-20,v68
2017 JUL,-175,2021-07-20,v68
2017 JUN,6672,2021-07-20,v68
2017 MAY,7214,2021-07-20,v68
2017 NOV,6128,2021-07-20,v68
2017 OCT,7533,2021-07-20,v68
2017 Q2,26569,2021-07-20,v68
2017 Q3,14607,2021-07-20,v68
2017 Q4,17602,2021-07-20,v68
2018,45238,2021-07-20,v68
2018 APR,10101,2021-07-20,v68
2018 AUG,6696,2021-07-20,v68
2018 DEC,4974,2021-07-20,v68
2018 FEB,1215,2021-07-20,v68
2018 JAN,-7174,2021-07-20,v68
2018 JUL,-2787,2021-07-20,v68
2018 JUN,4147,2021-07-20,v68
2018 MAY,4561,2021-07-20,v68
2018 NOV,5386,2021-07-20,v68
2018 OCT,8778,2021-07-20,v68
2018 Q1,-5123,2021-07-20,v68
2018 Q2,18809,2021-07-20,v68
2018 Q3,12414,2021-07-20,v68
2018 Q4,19138,2021-07-20,v68
2018 SEP,8505,2021-07-20,v68
2019,45878,2021-07-20,v68
2019 APR,10606,2021-07-20,v68
2019 AUG,5153,2021-07-20,v68
2019 DEC,5843,2021-07-20,v68
2019 FEB,542,2021-07-20,v68
2019 JAN,-11860,2021-07-20,v68
2019 JUL,-1060,2021-07-20,v68
2019 JUN,6927,2021-07-20,v68
2019 MAR,-867,2021-07-20,v68
2019 MAY,5436,2021-07-20,v68
2019 NOV,5500,2021-07-20,v68
2019 OCT,11594,2021-07-20,v68
2019 Q1,-12185,2021-07-20,v68
2019 Q2,22969,2021-07-20,v68
2019 Q3,12157,2021-07-20,v68
2019 Q4,22937,2021-07-20,v68
2019 SEP,8064,2021-07-20,v68
2020,253954,2021-07-20,v68
2020 APR,47332,2021-07-20,v68
2020 AUG,24594,2021-07-20,v68
2020 DEC,24096,2021-07-20,v68
2020 FEB,1477,2021-07-20,v68
2020 JAN,-9589,2021-07-20,v68
2020 JUL,20435,2021-07-20,v68
2020 JUN,28224,2021-07-20,v68
2020 MAR,7019,2021-07-20,v68
2020 MAY,43746,2021-07-20,v68
2020 NOV,21584,2021-07-20,v68
2020 OCT,17743,2021-07-20,v68
2020 Q1,-1093,2021-07-20,v68
2020 Q2,119302,2021-07-20,v68
2020 Q3,72322,2021-07-20,v68
2020 Q4,63423,2021-07-20,v68
2021 APR,26139,2021-07-20,v68
2021 FEB,15310,2021-07-20,v68
2021 JAN,1514,2021-07-20,v68
2021 JUN,22754,2021-07-20,v68
2021 MAR,25823,2021-07-20,v68
2021 MAY,20604,2021-07-20,v68
2021 Q1,42647,2021-07-20,v68
2021 Q2,69497,2021-07-20,v68
2019,45824,2021-08-19,v69
2019 DEC,5825,2021-08-19,v69
2019 NOV,5482,2021-08-19,v69
2019 OCT,11576,2021-08-19,v69
2019 Q4,22883,2021-08-19,v69
2020,253807,2021-08-19,v69
2020 APR,47313,2021-08-19,v69
2020 AUG,24576,2021-08-19,v69
2020 FEB,1459,2021-08-19,v69
2020 JAN,-9607,2021-08-19,v69
2020 JUL,20417,2021-08-19,v69
2020 JUN,28206,2021-08-19,v69
2020 MAR,7001,2021-08-19,v69
2020 MAY,43728,2021-08-19,v69
2020 Q1,-1147,2021-08-19,v69
2020 Q2,119247,2021-08-19,v69
2020 Q3,72284,2021-08-19,v69
2020 SEP,27291,2021-08-19,v69
2021 APR,26014,2021-08-19,v69
2021 FEB,15442,2021-08-19,v69
2021 JAN,1656,2021-08-19,v69
2021 JUL,10353,2021-08-19,v69
2021 JUN,21468,2021-08-19,v69
2021 MAR,25964,2021-08-19,v69
2021 MAY,20190,2021-08-19,v69
2021 Q1,43062,2021-08-19,v69
2021 Q2,67672,2021-08-19,v69
1997,17813,2021-09-20,v70
1997 APR,2728,2021-09-20,v70
1997 AUG,2831,2021-09-20,v70
1997 DEC,813,2021-09-20,v70
1997 JUL,620,2021-09-20,v70
1997 JUN,4843,2021-09-20,v70
1997 MAY,2913,2021-09-20,v70
1997 NOV,-1896,2021-09-20,v70
1997 OCT,-1578,2021-09-20,v70
1997 Q2,10484,2021-09-20,v70
1997 Q3,5638,2021-09-20,v70
1997 Q4,-2661,2021-09-20,v70
1997 SEP,2187,2021-09-20,v70
1998,2422,2021-09-20,v70
1998 APR,1833,2021-09-20,v70
1998 AUG,1988,2021-09-20,v70
1998 DEC,858,2021-09-20,v70
1998 FEB,278,2021-09-20,v70
1998 JAN,-7260,2021-09-20,v70
1998 JUL,-2717,2021-09-20,v70
1998 JUN,3273,2021-09-20,v70
1998 MAR,2461,2021-09-20,v70
1998 MAY,3778,2021-09-20,v70
1998 NOV,2911,2021-09-20,v70
1998 OCT,-6483,2021-09-20,v70
1998 Q1,-4521,2021-09-20,v70
1998 Q2,8884,2021-09-20,v70
1998 Q3,773,2021-09-20,v70
1998 Q4,-2714,2021-09-20,v70
1998 SEP,1502,2021-09-20,v70
1999,-8063,2021-09-20,v70
1999 APR,401,2021-09-20,v70
1999 AUG,1498,2021-09-20,v70
1999 DEC,1424,2021-09-20,v70
1999 FEB,-2144,2021-09-20,v70
1999 JAN,-6830,2021-09-20,v70
1999 JUL,-3416,2021-09-20,v70
1999 JUN,2392,2021-09-20,v70
1999 MAR,773,2021-09-20,v70
1999 MAY,3408,2021-09-20,v70
1999 NOV,1710,2021-09-20,v70
1999 OCT,-7321,2021-09-20,v70
1999 Q1,-8201,2021-09-20,v70
1999 Q2,6201,2021-09-20,v70
1999 Q3,-1876,2021-09-20,v70
1999 Q4,-4187,2021-09-20,v70
1999 SEP,42,2021-09-20,v70
2000,-15938,2021-09-20,v70
2000 APR,2958,2021-09-20,v70
2000 AUG,3390,2021-09-20,v70
2000 DEC,1533,2021-09-20,v70
2000 FEB,-940,2021-09-20,v70
2000 JAN,-9455,2021-09-20,v70
2000 JUL,-3780,2021-09-20,v70
2000 JUN,2708,2021-09-20,v70
2000 MAR,-1280,2021-09-20,v70
2000 MAY,-9253,2021-09-20,v70
2000 NOV,1244,2021-09-20,v70
2000 OCT,991,2021-09-20,v70
2000 Q1,-11675,2021-09-20,v70
2000 Q2,-3587,2021-09-20,v70
2000 Q3,-4444,2021-09-20,v70
2000 Q4,3768,2021-09-20,v70
2000 SEP,-4054,2021-09-20,v70
2001,-1439,2021-09-20,v70
2001 APR,-136,2021-09-20,v70
2001 AUG,-829,2021-09-20,v70
2001 DEC,3229,2021-09-20,v70
2001 FEB,-3739,2021-09-20,v70
2001 JAN,-6836,2021-09-20,v70
2001 JUL,-1813,2021-09-20,v70
2001 JUN,-150,2021-09-20,v70
2001 MAR,-1030,2021-09-20,v70
2001 MAY,1727,2021-09-20,v70
2001 NOV,3461,2021-09-20,v70
2001 OCT,3202,2021-09-20,v70
2001 Q1,-11605,2021-09-20,v70
2001 Q2,1441,2021-09-20,v70
2001 Q3,-1167,2021-09-20,v70
2001 Q4,9892,2021-09-20,v70
2001 SEP,1475,2021-09-20,v70
2002,25715,2021-09-20,v70
2002 AUG,2236,2021-09-20,v70
2002 FEB,-952,2021-09-20,v70
2002 JAN,-4097,2021-09-20,v70
2002 JUL,-602,2021-09-20,v70
2002 JUN,3668,2021-09-20,v70
2002 MAR,290,2021-09-20,v70
2002 NOV,5265,2021-09-20,v70
2002 OCT,3827,2021-09-20,v70
2002 Q1,-4759,2021-09-20,v70
2002 Q2,10261,2021-09-20,v70
2002 Q3,6203,2021-09-20,v70
2002 Q4,14010,2021-09-20,v70
2002 SEP,4569,2021-09-20,v70
2003,44726,2021-09-20,v70
2003 APR,3403,2021-09-20,v70
2003 AUG,4248,2021-09-20,v70
2003 DEC,5078,2021-09-20,v70
2003 FEB,2070,2021-09-20,v70
2003 JAN,-179,2021-09-20,v70
2003 JUL,1604,2021-09-20,v70
2003 JUN,4651,2021-09-20,v70
2003 MAR,1684,2021-09-20,v70
2003 MAY,6463,2021-09-20,v70
2003 NOV,5448,2021-09-20,v70
2003 OCT,4284,2021-09-20,v70
2003 Q1,3575,2021-09-20,v70
2003 Q2,14517,2021-09-20,v70
2003 Q3,11824,2021-09-20,v70
2003 Q4,14810,2021-09-20,v70
2004,46231,2021-09-20,v70
2004 APR,8003,2021-09-20,v70
2004 AUG,4532,2021-09-20,v70
2004 DEC,5307,2021-09-20,v70
2004 FEB,8,2021-09-20,v70
2004 JAN,90,2021-09-20,v70
2004 JUL,2449,2021-09-20,v70
2004 JUN,2313,2021-09-20,v70
2004 MAR,413,2021-09-20,v70
2004 MAY,6278,2021-09-20,v70
2004 NOV,5832,2021-09-20,v70
2004 OCT,5087,2021-09-20,v70
2004 Q1,511,2021-09-20,v70
2004 Q2,16594,2021-09-20,v70
2004 Q3,12900,2021-09-20,v70
2004 Q4,16226,2021-09-20,v70
2004 SEP,5919,2021-09-20,v70
2005,46715,2021-09-20,v70
2005 APR,8782,2021-09-20,v70
2005 AUG,4443,2021-09-20,v70
2005 DEC,5568,2021-09-20,v70
2005 FEB,2004,2021-09-20,v70
2005 JAN,-1082,2021-09-20,v70
2005 JUL,1219,2021-09-20,v70
2005 JUN,2692,2021-09-20,v70
2005 MAR,2388,2021-09-20,v70
2005 MAY,2609,2021-09-20,v70
2005 NOV,8037,2021-09-20,v70
2005 OCT,4677,2021-09-20,v70
2005 Q1,3310,2021-09-20,v70
2005 Q2,14083,2021-09-20,v70
2005 Q3,11040,2021-09-20,v70
2005 Q4,18282,2021-09-20,v70
2005 SEP,5378,2021-09-20,v70
2006,42623,2021-09-20,v70
2006 APR,4784,2021-09-20,v70
2006 AUG,3698,2021-09-20,v70
2006 DEC,4587,2021-09-20,v70
2006 FEB,2264,2021-09-20,v70
2006 JAN,-3209,2021-09-20,v70
2006 JUL,1165,2021-09-20,v70
2006 JUN,4055,2021-09-20,v70
2006 MAR,1663,2021-09-20,v70
2006 MAY,5252,2021-09-20,v70
2006 NOV,7191,2021-09-20,v70
2006 OCT,4152,2021-09-20,v70
2006 Q1,718,2021-09-20,v70
2006 Q2,14091,2021-09-20,v70
2006 Q3,11884,2021-09-20,v70
2006 Q4,15930,2021-09-20,v70
2006 SEP,7021,2021-09-20,v70
2007,41627,2021-09-20,v70
2007 APR,3761,2021-09-20,v70
2007 AUG,5405,2021-09-20,v70
2007 DEC,5482,2021-09-20,v70
2007 FEB,-379,2021-09-20,v70
2007 JAN,-5316,2021-09-20,v70
2007 JUL,848,2021-09-20,v70
2007 JUN,4405,2021-09-20,v70
2007 MAR,3592,2021-09-20,v70
2007 MAY,5383,2021-09-20,v70
2007 NOV,6478,2021-09-20,v70
2007 OCT,6285,2021-09-20,v70
2007 Q1,-2103,2021-09-20,v70
2007 Q2,13549,2021-09-20,v70
2007 Q3,11936,2021-09-20,v70
2007 Q4,18245,2021-09-20,v70
2007 SEP,5683,2021-09-20,v70
2008,88820,2021-09-20,v70
2008 AUG,8947,2021-09-20,v70
2008 DEC,15552,2021-09-20,v70
2008 FEB,2414,2021-09-20,v70
2008 JAN,-6369,2021-09-20,v70
2008 JUL,3696,2021-09-20,v70
2008 JUN,7218,2021-09-20,v70
2008 MAR,5191,2021-09-20,v70
2008 NOV,12714,2021-09-20,v70
2008 OCT,11004,2021-09-20,v70
2008 Q1,1236,2021-09-20,v70
2008 Q2,22330,2021-09-20,v70
2008 Q3,25984,2021-09-20,v70
2008 Q4,39270,2021-09-20,v70
2009,159802,2021-09-20,v70
2009 APR,11206,2021-09-20,v70
2009 AUG,12103,2021-09-20,v70
2009 DEC,21248,2021-09-20,v70
2009 JUL,9400,2021-09-20,v70
2009 JUN,16822,2021-09-20,v70
2009 MAR,13459,2021-09-20,v70
2009 MAY,13928,2021-09-20,v70
2009 NOV,14227,2021-09-20,v70
2009 OCT,14714,2021-09-20,v70
2009 Q1,29671,2021-09-20,v70
2009 Q2,41956,2021-09-20,v70
2009 Q3,37986,2021-09-20,v70
2009 Q4,50189,2021-09-20,v70
2009 SEP,16483,2021-09-20,v70
2010,146238,2021-09-20,v70
2010 APR,9538,2021-09-20,v70
2010 AUG,11640,2021-09-20,v70
2010 DEC,17005,2021-09-20,v70
2010 FEB,8656,2021-09-20,v70
2010 JAN,6562,2021-09-20,v70
2010 JUL,9287,2021-09-20,v70
2010 JUN,12392,2021-09-20,v70
2010 MAR,12440,2021-09-20,v70
2010 MAY,13652,2021-09-20,v70
2010 NOV,14890,2021-09-20,v70
2010 OCT,14274,2021-09-20,v70
2010 Q1,27658,2021-09-20,v70
2010 Q2,35582,2021-09-20,v70
2010 Q3,36829,2021-09-20,v70
2010 Q4,46169,2021-09-20,v70
2010 SEP,15902,2021-09-20,v70
2011,121506,2021-09-20,v70
2011 APR,12351,2021-09-20,v70
2011 AUG,9799,2021-09-20,v70
2011 DEC,13910,2021-09-20,v70
2011 FEB,8582,2021-09-20,v70
2011 JAN,205,2021-09-20,v70
2011 JUL,4948,2021-09-20,v70
2011 JUN,10354,2021-09-20,v70
2011 MAR,12480,2021-09-20,v70
2011 MAY,10203,2021-09-20,v70
2011 NOV,11446,2021-09-20,v70
2011 OCT,13036,2021-09-20,v70
2011 Q1,21267,2021-09-20,v70
2011 Q2,32908,2021-09-20,v70
2011 Q3,28939,2021-09-20,v70
2011 Q4,38392,2021-09-20,v70
2011 SEP,14192,2021-09-20,v70
2012,131614,2021-09-20,v70
2012 APR,22198,2021-09-20,v70
2012 AUG,10314,2021-09-20,v70
2012 DEC,14081,2021-09-20,v70
2012 FEB,9362,2021-09-20,v70
2012 JAN,-234,2021-09-20,v70
2012 JUL,2652,2021-09-20,v70
2012 JUN,9571,2021-09-20,v70
2012 MAR,12169,2021-09-20,v70
2012 MAY,13583,2021-09-20,v70
2012 NOV,12357,2021-09-20,v70
2012 OCT,12272,2021-09-20,v70
2012 Q1,21297,2021-09-20,v70
2012 Q2,45352,2021-09-20,v70
2012 Q3,26255,2021-09-20,v70
2012 Q4,38710,2021-09-20,v70
2012 SEP,13289,2021-09-20,v70
2013,106035,2021-09-20,v70
2013 APR,12129,2021-09-20,v70
2013 AUG,9046,2021-09-20,v70
2013 DEC,11137,2021-09-20,v70
2013 FEB,6795,2021-09-20,v70
2013 JAN,-1042,2021-09-20,v70
2013 JUL,4065,2021-09-20,v70
2013 JUN,9062,2021-09-20,v70
2013 MAR,8801,2021-09-20,v70
2013 MAY,10022,2021-09-20,v70
2013 NOV,11849,2021-09-20,v70
2013 OCT,11728,2021-09-20,v70
2013 Q1,14554,2021-09-20,v70
2013 Q2,31213,2021-09-20,v70
2013 Q3,25554,2021-09-20,v70
2013 Q4,34714,2021-09-20,v70
2013 SEP,12443,2021-09-20,v70
2014,103061,2021-09-20,v70
2014 APR,12988,2021-09-20,v70
2014 AUG,8687,2021-09-20,v70
2014 DEC,12129,2021-09-20,v70
2014 FEB,8528,2021-09-20,v70
2014 JAN,-691,2021-09-20,v70
2014 JUL,3432,2021-09-20,v70
2014 JUN,8319,2021-09-20,v70
2014 MAR,5696,2021-09-20,v70
2014 MAY,10586,2021-09-20,v70
2014 NOV,9020,2021-09-20,v70
2014 OCT,11257,2021-09-20,v70
2014 Q1,13533,2021-09-20,v70
2014 Q2,31893,2021-09-20,v70
2014 Q3,25229,2021-09-20,v70
2014 Q4,32406,2021-09-20,v70
2014 SEP,13110,2021-09-20,v70
2015,85287,2021-09-20,v70
2015 APR,12213,2021-09-20,v70
2015 AUG,9091,2021-09-20,v70
2015 DEC,7325,2021-09-20,v70
2015 FEB,5578,2021-09-20,v70
2015 JAN,-3919,2021-09-20,v70
2015 JUL,2316,2021-09-20,v70
2015 JUN,8080,2021-09-20,v70
2015 MAR,5282,2021-09-20,v70
2015 MAY,7785,2021-09-20,v70
2015 NOV,9319,2021-09-20,v70
2015 OCT,10453,2021-09-20,v70
2015 Q1,6941,2021-09-20,v70
2015 Q2,28078,2021-09-20,v70
2015 Q3,23171,2021-09-20,v70
2015 Q4,27097,2021-09-20,v70
2015 SEP,11764,2021-09-20,v70
2016,66983,2021-09-20,v70
2016 APR,12551,2021-09-20,v70
2016 AUG,7447,2021-09-20,v70
2016 DEC,5236,2021-09-20,v70
2016 FEB,4919,2021-09-20,v70
2016 JAN,-7005,2021-09-20,v70
2016 JUL,811,2021-09-20,v70
2016 JUN,5343,2021-09-20,v70
2016 MAR,4351,2021-09-20,v70
2016 MAY,7659,2021-09-20,v70
2016 NOV,6941,2021-09-20,v70
2016 OCT,7830,2021-09-20,v70
2016 Q1,2265,2021-09-20,v70
2016 Q2,25553,2021-09-20,v70
2016 Q3,19158,2021-09-20,v70
2016 Q4,20007,2021-09-20,v70
2016 SEP,10900,2021-09-20,v70
2017,51181,2021-09-20,v70
2017 APR,12742,2021-09-20,v70
2017 AUG,5204,2021-09-20,v70
2017 DEC,4081,2021-09-20,v70
2017 FEB,-1102,2021-09-20,v70
2017 JAN,-9642,2021-09-20,v70
2017 JUL,-37,2021-09-20,v70
2017 JUN,6736,2021-09-20,v70
2017 MAR,2128,2021-09-20,v70
2017 MAY,7274,2021-09-20,v70
2017 NOV,6268,2021-09-20,v70
2017 OCT,7672,2021-09-20,v70
2017 Q1,-8616,2021-09-20,v70
2017 Q2,26752,2021-09-20,v70
2017 Q3,15024,2021-09-20,v70
2017 Q4,18021,2021-09-20,v70
2017 SEP,9857,2021-09-20,v70
2018,49500,2021-09-20,v70
2018 APR,10537,2021-09-20,v70
2018 AUG,7108,2021-09-20,v70
2018 DEC,5413,2021-09-20,v70
2018 FEB,1346,2021-09-20,v70
2018 JAN,-7039,2021-09-20,v70
2018 JUL,-2375,2021-09-20,v70
2018 JUN,4587,2021-09-20,v70
2018 MAR,977,2021-09-20,v70
2018 MAY,4997,2021-09-20,v70
2018 NOV,5817,2021-09-20,v70
2018 OCT,9209,2021-09-20,v70
2018 Q1,-4716,2021-09-20,v70
2018 Q2,20121,2021-09-20,v70
2018 Q3,13656,2021-09-20,v70
2018 Q4,20439,2021-09-20,v70
2018 SEP,8923,2021-09-20,v70
2019,47107,2021-09-20,v70
2019 APR,10627,2021-09-20,v70
2019 AUG,5166,2021-09-20,v70
2019 DEC,5840,2021-09-20,v70
2019 FEB,932,2021-09-20,v70
2019 JAN,-11506,2021-09-20,v70
2019 JUL,-1050,2021-09-20,v70
2019 JUN,6951,2021-09-20,v70
2019 MAR,-473,2021-09-20,v70
2019 MAY,5460,2021-09-20,v70
2019 NOV,5494,2021-09-20,v70
2019 OCT,11596,2021-09-20,v70
2019 Q1,-11047,2021-09-20,v70
2019 Q2,23038,2021-09-20,v70
2019 Q3,12186,2021-09-20,v70
2019 Q4,22930,2021-09-20,v70
2019 SEP,8070,2021-09-20,v70
2020,277657,2021-09-20,v70
2020 APR,48438,2021-09-20,v70
2020 AUG,26057,2021-09-20,v70
2020 DEC,24985,2021-09-20,v70
2020 FEB,1428,2021-09-20,v70
2020 JAN,-9641,2021-09-20,v70
2020 JUL,22998,2021-09-20,v70
2020 JUN,32752,2021-09-20,v70
2020 MAR,6958,2021-09-20,v70
2020 MAY,52479,2021-09-20,v70
2020 NOV,22790,2021-09-20,v70
2020 OCT,19240,2021-09-20,v70
2020 Q1,-1255,2021-09-20,v70
2020 Q2,133669,2021-09-20,v70
2020 Q3,78228,2021-09-20,v70
2020 Q4,67015,2021-09-20,v70
2020 SEP,29173,2021-09-20,v70
2021 APR,25797,2021-09-20,v70
2021 AUG,20514,2021-09-20,v70
2021 FEB,16202,2021-09-20,v70
2021 JAN,2894,2021-09-20,v70
2021 JUL,6940,2021-09-20,v70
2021 JUN,20697,2021-09-20,v70
2021 MAR,27076,2021-09-20,v70
2021 MAY,19845,2021-09-20,v70
2021 Q1,46172,2021-09-20,v70
2021 Q2,66339,2021-09-20,v70
2020,274198,2021-09-20,v71
2020 APR,48054,2021-09-20,v71
2020 AUG,25673,2021-09-20,v71
2020 DEC,24600,2021-09-20,v71
2020 JUL,22614,2021-09-20,v71
2020 JUN,32367,2021-09-20,v71
2020 MAY,52095,2021-09-20,v71
2020 NOV,22406,2021-09-20,v71
2020 OCT,18856,2021-09-20,v71
2020 Q2,132516,2021-09-20,v71
2020 Q3,77075,2021-09-20,v71
2020 Q4,65862,2021-09-20,v71
2020 SEP,28788,2021-09-20,v71
2021 APR,25297,2021-09-20,v71
2021 AUG,20014,2021-09-20,v71
2021 FEB,15818,2021-09-20,v71
2021 JAN,2510,2021-09-20,v71
2021 JUL,6440,2021-09-20,v71
2021 JUN,20197,2021-09-20,v71
2021 MAR,26696,2021-09-20,v71
2021 MAY,19345,2021-09-20,v71
2021 Q1,45024,2021-09-20,v71
2021 Q2,64839,2021-09-20,v71
2015,85284,2021-10-20,v72
2015 FEB,5575,2021-10-20,v72
2015 Q1,6938,2021-10-20,v72
2019,47128,2021-10-20,v72
2019 AUG,5186,2021-10-20,v72
2019 DEC,5796,2021-10-20,v72
2019 JUL,-1030,2021-10-20,v72
2019 JUN,6950,2021-10-20,v72
2019 NOV,5497,2021-10-20,v72
2019 OCT,11599,2021-10-20,v72
2019 Q2,23037,2021-10-20,v72
2019 Q3,12246,2021-10-20,v72
2019 Q4,22892,2021-10-20,v72
2019 SEP,8090,2021-10-20,v72
2020,273803,2021-10-20,v72
2020 APR,48010,2021-10-20,v72
2020 AUG,25625,2021-10-20,v72
2020 DEC,24599,2021-10-20,v72
2020 FEB,1415,2021-10-20,v72
2020 JAN,-9654,2021-10-20,v72
2020 JUL,22567,2021-10-20,v72
2020 JUN,32320,2021-10-20,v72
2020 MAR,6946,2021-10-20,v72
2020 MAY,52050,2021-10-20,v72
2020 NOV,22374,2021-10-20,v72
2020 OCT,18809,2021-10-20,v72
2020 Q1,-1293,2021-10-20,v72
2020 Q2,132380,2021-10-20,v72
2020 Q3,76934,2021-10-20,v72
2020 Q4,65782,2021-10-20,v72
2020 SEP,28742,2021-10-20,v72
2021 APR,24664,2021-10-20,v72
2021 AUG,16824,2021-10-20,v72
2021 FEB,15814,2021-10-20,v72
2021 JUL,6067,2021-10-20,v72
2021 JUN,19922,2021-10-20,v72
2021 MAR,26524,2021-10-20,v72
2021 MAY,18870,2021-10-20,v72
2021 Q1,44848,2021-10-20,v72
2021 Q2,63456,2021-10-20,v72
2021 Q3,44669,2021-10-20,v72
2021 SEP,21778,2021-10-20,v72
2018,49516,2021-11-19,v73
2018 APR,10531,2021-11-19,v73
2018 AUG,7122,2021-11-19,v73
2018 DEC,5411,2021-11-19,v73
2018 JUL,-2361,2021-11-19,v73
2018 JUN,4582,2021-11-19,v73
2018 MAY,4991,2021-11-19,v73
2018 NOV,5814,2021-11-19,v73
2018 OCT,9206,2021-11-19,v73
2018 Q2,20104,2021-11-19,v73
2018 Q3,13697,2021-11-19,v73
2018 Q4,20431,2021-11-19,v73
2018 SEP,8936,2021-11-19,v73
2019,47200,2021-11-19,v73
2019 DEC,5795,2021-11-19,v73
2019 FEB,957,2021-11-19,v73
2019 JAN,-11481,2021-11-19,v73
2019 MAR,-449,2021-11-19,v73
2019 NOV,5496,2021-11-19,v73
2019 Q1,-10973,2021-11-19,v73
2019 Q4,22890,2021-11-19,v73
2020,275154,2021-11-19,v73
2020 APR,49106,2021-11-19,v73
2020 AUG,25780,2021-11-19,v73
2020 DEC,24751,2021-11-19,v73
2020 FEB,514,2021-11-19,v73
2020 JAN,-9773,2021-11-19,v73
2020 JUL,22688,2021-11-19,v73
2020 JUN,32332,2021-11-19,v73
2020 MAR,6422,2021-11-19,v73
2020 MAY,52908,2021-11-19,v73
2020 NOV,22554,2021-11-19,v73
2020 OCT,18991,2021-11-19,v73
2020 Q1,-2837,2021-11-19,v73
2020 Q2,134346,2021-11-19,v73
2020 Q3,77349,2021-11-19,v73
2020 Q4,66296,2021-11-19,v73
2020 SEP,28881,2021-11-19,v73
2021 APR,24851,2021-11-19,v73
2021 AUG,16660,2021-11-19,v73
2021 FEB,15888,2021-11-19,v73
2021 JAN,2599,2021-11-19,v73
2021 JUL,6680,2021-11-19,v73
2021 JUN,20119,2021-11-19,v73
2021 MAR,26664,2021-11-19,v73
2021 MAY,19495,2021-11-19,v73
2021 OCT,18799,2021-11-19,v73
2021 Q1,45151,2021-11-19,v73
2021 Q2,64465,2021-11-19,v73
2021 Q3,44042,2021-11-19,v73
2021 SEP,20702,2021-11-19,v73
2017,51188,2021-12-21,v74
2017 AUG,5205,2021-12-21,v74
2017 JAN,-9641,2021-12-21,v74
2017 JUN,6737,2021-12-21,v74
2017 MAR,2129,2021-12-21,v74
2017 OCT,7673,2021-12-21,v74
2017 Q1,-8614,2021-12-21,v74
2017 Q2,26753,2021-12-21,v74
2017 Q3,15027,2021-12-21,v74
2017 Q4,18022,2021-12-21,v74
2017 SEP,9859,2021-12-21,v74
2018,49515,2021-12-21,v74
2018 APR,10536,2021-12-21,v74
2018 AUG,7108,2021-12-21,v74
2018 DEC,5420,2021-12-21,v74
2018 JUL,-2375,2021-12-21,v74
2018 JUN,4588,2021-12-21,v74
2018 MAR,978,2021-12-21,v74
2018 MAY,4996,2021-12-21,v74
2018 NOV,5821,2021-12-21,v74
2018 OCT,9211,2021-12-21,v74
2018 Q1,-4715,2021-12-21,v74
2018 Q2,20120,2021-12-21,v74
2018 Q3,13658,2021-12-21,v74
2018 Q4,20452,2021-12-21,v74
2018 SEP,8925,2021-12-21,v74
2019,47297,2021-12-21,v74
2019 APR,10634,2021-12-21,v74
2019 AUG,5179,2021-12-21,v74
2019 DEC,5834,2021-12-21,v74
2019 FEB,938,2021-12-21,v74
2019 JAN,-11501,2021-12-21,v74
2019 JUL,-1036,2021-12-21,v74
2019 JUN,6957,2021-12-21,v74
2019 MAR,-468,2021-12-21,v74
2019 MAY,5467,2021-12-21,v74
2019 NOV,5549,2021-12-21,v74
2019 OCT,11664,2021-12-21,v74
2019 Q1,-11031,2021-12-21,v74
2019 Q2,23058,2021-12-21,v74
2019 Q3,12223,2021-12-21,v74
2019 Q4,23047,2021-12-21,v74
2019 SEP,8080,2021-12-21,v74
2020,272879,2021-12-21,v74
2020 APR,49207,2021-12-21,v74
2020 AUG,25734,2021-12-21,v74
2020 DEC,24413,2021-12-21,v74
2020 FEB,369,2021-12-21,v74
2020 JAN,-9879,2021-12-21,v74
2020 JUL,22610,2021-12-21,v74
2020 JUN,31997,2021-12-21,v74
2020 MAR,6233,2021-12-21,v74
2020 MAY,52291,2021-12-21,v74
2020 NOV,22249,2021-12-21,v74
2020 OCT,18788,2021-12-21,v74
2020 Q1,-3277,2021-12-21,v74
2020 Q2,133495,2021-12-21,v74
2020 Q3,77211,2021-12-21,v74
2020 Q4,65450,2021-12-21,v74
2020 SEP,28867,2021-12-21,v74
2021 APR,24237,2021-12-21,v74
2021 AUG,16586,2021-12-21,v74
2021 FEB,15995,2021-12-21,v74
2021 JAN,2531,2021-12-21,v74
2021 JUL,6638,2021-12-21,v74
2021 JUN,19304,2021-12-21,v74
2021 MAR,27203,2021-12-21,v74
2021 MAY,18955,2021-12-21,v74
2021 NOV,17384,2021-12-21,v74
2021 OCT,12391,2021-12-21,v74
2021 Q1,45729,2021-12-21,v74
2021 Q2,62496,2021-12-21,v74
2021 Q3,43679,2021-12-21,v74
2021 SEP,20455,2021-12-21,v74
2018,49531,2022-01-25,v75
2018 APR,10530,2022-01-25,v75
2018 AUG,7122,2022-01-25,v75
2018 DEC,5418,2022-01-25,v75
2018 JUL,-2361,2022-01-25,v75
2018 JUN,4583,2022-01-25,v75
2018 MAY,4990,2022-01-25,v75
2018 NOV,5818,2022-01-25,v75
2018 OCT,9208,2022-01-25,v75
2018 Q2,20103,2022-01-25,v75
2018 Q3,13699,2022-01-25,v75
2018 Q4,20444,2022-01-25,v75
2018 SEP,8938,2022-01-25,v75
2019,47439,2022-01-25,v75
2019 AUG,5199,2022-01-25,v75
2019 DEC,5837,2022-01-25,v75
2019 FEB,963,2022-01-25,v75
2019 JAN,-11476,2022-01-25,v75
2019 JUL,-1016,2022-01-25,v75
2019 JUN,6956,2022-01-25,v75
2019 MAR,-444,2022-01-25,v75
2019 NOV,5552,2022-01-25,v75
2019 OCT,11667,2022-01-25,v75
2019 Q1,-10957,2022-01-25,v75
2019 Q2,23057,2022-01-25,v75
2019 Q3,12283,2022-01-25,v75
2019 Q4,23056,2022-01-25,v75
2019 SEP,8100,2022-01-25,v75
2020,272878,2022-01-25,v75
2020 APR,49197,2022-01-25,v75
2020 AUG,25724,2022-01-25,v75
2020 DEC,24402,2022-01-25,v75
2020 FEB,403,2022-01-25,v75
2020 JAN,-9845,2022-01-25,v75
2020 JUL,22599,2022-01-25,v75
2020 JUN,31987,2022-01-25,v75
2020 MAR,6258,2022-01-25,v75
2020 MAY,52281,2022-01-25,v75
2020 NOV,22238,2022-01-25,v75
2020 OCT,18777,2022-01-25,v75
2020 Q1,-3184,2022-01-25,v75
2020 Q2,133465,2022-01-25,v75
2020 Q3,77180,2022-01-25,v75
2020 Q4,65417,2022-01-25,v75
2020 SEP,28857,2022-01-25,v75
2021,192478,2022-01-25,v75
2021 APR,23847,2022-01-25,v75
2021 AUG,15853,2022-01-25,v75
2021 DEC,16848,2022-01-25,v75
2021 FEB,15984,2022-01-25,v75
2021 JAN,2520,2022-01-25,v75
2021 JUL,5914,2022-01-25,v75
2021 JUN,18895,2022-01-25,v75
2021 MAY,18342,2022-01-25,v75
2021 NOV,14743,2022-01-25,v75
2021 OCT,12942,2022-01-25,v75
2021 Q1,45707,2022-01-25,v75
2021 Q2,61084,2022-01-25,v75
2021 Q3,41154,2022-01-25,v75
2021 Q4,44533,2022-01-25,v75
2021 SEP,19387,2022-01-25,v75
2015,85283,2022-02-22,v76
2015 NOV,9318,2022-02-22,v76
2015 Q4,27096,2022-02-22,v76
2016,66979,2022-02-22,v76
2016 APR,12550,2022-02-22,v76
2016 FEB,4916,2022-02-22,v76
2016 Q1,2262,2022-02-22,v76
2016 Q2,25552,2022-02-22,v76
2017,51152,2022-02-22,v76
2017 APR,12741,2022-02-22,v76
2017 AUG,5204,2022-02-22,v76
2017 DEC,4080,2022-02-22,v76
2017 FEB,-1129,2022-02-22,v76
2017 JUL,-38,2022-02-22,v76
2017 JUN,6736,2022-02-22,v76
2017 MAY,7273,2022-02-22,v76
2017 NOV,6267,2022-02-22,v76
2017 OCT,7672,2022-02-22,v76
2017 Q1,-8641,2022-02-22,v76
2017 Q2,26750,2022-02-22,v76
2017 Q3,15024,2022-02-22,v76
2017 Q4,18019,2022-02-22,v76
2017 SEP,9858,2022-02-22,v76
2018,49498,2022-02-22,v76
2018 APR,10526,2022-02-22,v76
2018 AUG,7118,2022-02-22,v76
2018 DEC,5414,2022-02-22,v76
2018 FEB,1345,2022-02-22,v76
2018 JAN,-7040,2022-02-22,v76
2018 JUL,-2365,2022-02-22,v76
2018 JUN,4579,2022-02-22,v76
2018 MAR,983,2022-02-22,v76
2018 MAY,4986,2022-02-22,v76
2018 NOV,5814,2022-02-22,v76
2018 OCT,9204,2022-02-22,v76
2018 Q1,-4712,2022-02-22,v76
2018 Q2,20091,2022-02-22,v76
2018 Q3,13687,2022-02-22,v76
2018 Q4,20432,2022-02-22,v76
2018 SEP,8934,2022-02-22,v76
2019,47323,2022-02-22,v76
2019 APR,10627,2022-02-22,v76
2019 AUG,5192,2022-02-22,v76
2019 DEC,5830,2022-02-22,v76
2019 FEB,959,2022-02-22,v76
2019 JAN,-11480,2022-02-22,v76
2019 JUL,-1023,2022-02-22,v76
2019 JUN,6949,2022-02-22,v76
2019 MAR,-445,2022-02-22,v76
2019 MAY,5460,2022-02-22,v76
2019 NOV,5501,2022-02-22,v76
2019 OCT,11660,2022-02-22,v76
2019 Q1,-10966,2022-02-22,v76
2019 Q2,23036,2022-02-22,v76
2019 Q3,12262,2022-02-22,v76
2019 Q4,22991,2022-02-22,v76
2019 SEP,8093,2022-02-22,v76
2020,272957,2022-02-22,v76
2020 APR,49221,2022-02-22,v76
2020 AUG,25736,2022-02-22,v76
2020 DEC,24414,2022-02-22,v76
2020 FEB,396,2022-02-22,v76
2020 JAN,-9852,2022-02-22,v76
2020 JUL,22611,2022-02-22,v76
2020 JUN,31994,2022-02-22,v76
2020 MAR,6248,2022-02-22,v76
2020 MAY,52284,2022-02-22,v76
2020 NOV,22250,2022-02-22,v76
2020 OCT,18787,2022-02-22,v76
2020 Q1,-3208,2022-02-22,v76
2020 Q2,133499,2022-02-22,v76
2020 Q3,77215,2022-02-22,v76
2020 Q4,65451,2022-02-22,v76
2020 SEP,28868,2022-02-22,v76
2021,187160,2022-02-22,v76
2021 APR,23926,2022-02-22,v76
2021 AUG,15665,2022-02-22,v76
2021 DEC,15338,2022-02-22,v76
2021 FEB,15997,2022-02-22,v76
2021 JAN,2533,2022-02-22,v76
2021 JUL,6011,2022-02-22,v76
2021 JUN,18933,2022-02-22,v76
2021 MAR,27222,2022-02-22,v76
2021 MAY,18419,2022-02-22,v76
2021 NOV,12543,2022-02-22,v76
2021 OCT,11943,2022-02-22,v76
2021 Q1,45752,2022-02-22,v76
2021 Q2,61278,2022-02-22,v76
2021 Q3,40306,2022-02-22,v76
2021 Q4,39824,2022-02-22,v76
2021 SEP,18630,2022-02-22,v76
2022 JAN,-2886,2022-02-22,v76
2001,-1235,2022-03-22,v77
2001 FEB,-3671,2022-03-22,v77
2001 JAN,-6768,2022-03-22,v77
2001 MAR,-962,2022-03-22,v77
2001 Q1,-11401,2022-03-22,v77
2017,51188,2022-03-22,v77
2017 APR,12745,2022-03-22,v77
2017 AUG,5208,2022-03-22,v77
2017 DEC,4084,2022-03-22,v77
2017 JUL,-34,2022-03-22,v77
2017 JUN,6740,2022-03-22,v77
2017 MAY,7277,2022-03-22,v77
2017 NOV,6271,2022-03-22,v77
2017 OCT,7676,2022-03-22,v77
2017 Q2,26762,2022-03-22,v77
2017 Q3,15036,2022-03-22,v77
2017 Q4,18031,2022-03-22,v77
2017 SEP,9862,2022-03-22,v77
2018,49573,2022-03-22,v77
2018 APR,10540,2022-03-22,v77
2018 AUG,7112,2022-03-22,v77
2018 DEC,5424,2022-03-22,v77
2018 FEB,1351,2022-03-22,v77
2018 JAN,-7034,2022-03-22,v77
2018 JUL,-2371,2022-03-22,v77
2018 JUN,4592,2022-03-22,v77
2018 MAR,990,2022-03-22,v77
2018 MAY,5000,2022-03-22,v77
2018 NOV,5825,2022-03-22,v77
2018 OCT,9215,2022-03-22,v77
2018 Q1,-4693,2022-03-22,v77
2018 Q2,20132,2022-03-22,v77
2018 Q3,13670,2022-03-22,v77
2018 Q4,20464,2022-03-22,v77
2018 SEP,8929,2022-03-22,v77
2019,47228,2022-03-22,v77
2019 APR,10629,2022-03-22,v77
2019 AUG,5174,2022-03-22,v77
2019 DEC,5829,2022-03-22,v77
2019 FEB,944,2022-03-22,v77
2019 JAN,-11495,2022-03-22,v77
2019 JUL,-1041,2022-03-22,v77
2019 JUN,6952,2022-03-22,v77
2019 MAR,-460,2022-03-22,v77
2019 MAY,5462,2022-03-22,v77
2019 NOV,5500,2022-03-22,v77
2019 OCT,11659,2022-03-22,v77
2019 Q1,-11011,2022-03-22,v77
2019 Q2,23043,2022-03-22,v77
2019 Q3,12208,2022-03-22,v77
2019 Q4,22988,2022-03-22,v77
2019 SEP,8075,2022-03-22,v77
2020,270039,2022-03-22,v77
2020 APR,48909,2022-03-22,v77
2020 AUG,25431,2022-03-22,v77
2020 DEC,24134,2022-03-22,v77
2020 FEB,341,2022-03-22,v77
2020 JAN,-9907,2022-03-22,v77
2020 JUL,22305,2022-03-22,v77
2020 JUN,31645,2022-03-22,v77
2020 MAR,6192,2022-03-22,v77
2020 MAY,51937,2022-03-22,v77
2020 NOV,21976,2022-03-22,v77
2020 OCT,18513,2022-03-22,v77
2020 Q1,-3374,2022-03-22,v77
2020 Q2,132491,2022-03-22,v77
2020 Q3,76299,2022-03-22,v77
2020 Q4,64623,2022-03-22,v77
2020 SEP,28563,2022-03-22,v77
2021,176761,2022-03-22,v77
2021 APR,24098,2022-03-22,v77
2021 AUG,14981,2022-03-22,v77
2021 DEC,12307,2022-03-22,v77
2021 FEB,15479,2022-03-22,v77
2021 JAN,2047,2022-03-22,v77
2021 JUL,5370,2022-03-22,v77
2021 JUN,18430,2022-03-22,v77
2021 MAR,26871,2022-03-22,v77
2021 MAY,17843,2022-03-22,v77
2021 NOV,10313,2022-03-22,v77
2021 OCT,10598,2022-03-22,v77
2021 Q1,44397,2022-03-22,v77
2021 Q2,60371,2022-03-22,v77
2021 Q3,38775,2022-03-22,v77
2021 Q4,33218,2022-03-22,v77
2021 SEP,18424,2022-03-22,v77
2022 FEB,13112,2022-03-22,v77
2022 JAN,-7069,2022-03-22,v77
2020,269865,2022-04-25,v78
2020 APR,48937,2022-04-25,v78
2020 AUG,25400,2022-04-25,v78
2020 DEC,24105,2022-04-25,v78
2020 JUL,22269,2022-04-25,v78
2020 JUN,31606,2022-04-25,v78
2020 MAY,51967,2022-04-25,v78
2020 NOV,21945,2022-04-25,v78
2020 OCT,18481,2022-04-25,v78
2020 Q2,132510,2022-04-25,v78
2020 Q3,76198,2022-04-25,v78
2020 Q4,64531,2022-04-25,v78
2020 SEP,28529,2022-04-25,v78
2021,176181,2022-04-25,v78
2021 APR,24268,2022-04-25,v78
2021 AUG,15035,2022-04-25,v78
2021 DEC,12305,2022-04-25,v78
2021 FEB,15453,2022-04-25,v78
2021 JAN,2020,2022-04-25,v78
2021 JUL,5320,2022-04-25,v78
2021 JUN,18772,2022-04-25,v78
2021 MAR,26845,2022-04-25,v78
2021 MAY,18000,2022-04-25,v78
2021 NOV,9788,2022-04-25,v78
2021 OCT,10115,2022-04-25,v78
2021 Q1,44318,2022-04-25,v78
2021 Q2,61040,2022-04-25,v78
2021 Q3,38615,2022-04-25,v78
2021 Q4,32208,2022-04-25,v78
2021 SEP,18260,2022-04-25,v78
2022 FEB,10614,2022-04-25,v78
2022 JAN,-8747,2022-04-25,v78
2022 MAR,18083,2022-04-25,v78
2022 Q1,19950,2022-04-25,v78
2019,47224,2022-05-23,v79
2019 JUL,-1042,2022-05-23,v79
2019 NOV,5499,2022-05-23,v79
2019 OCT,11658,2022-05-23,v79
2019 Q3,12206,2022-05-23,v79
2019 Q4,22986,2022-05-23,v79
2019 SEP,8074,2022-05-23,v79
2020,269682,2022-05-23,v79
2020 APR,48933,2022-05-23,v79
2020 AUG,25264,2022-05-23,v79
2020 DEC,24213,2022-05-23,v79
2020 JAN,-9908,2022-05-23,v79
2020 JUL,22211,2022-05-23,v79
2020 JUN,31790,2022-05-23,v79
2020 MAR,6191,2022-05-23,v79
2020 MAY,51875,2022-05-23,v79
2020 NOV,21759,2022-05-23,v79
2020 OCT,18464,2022-05-23,v79
2020 Q1,-3376,2022-05-23,v79
2020 Q2,132598,2022-05-23,v79
2020 Q3,76024,2022-05-23,v79
2020 Q4,64436,2022-05-23,v79
2020 SEP,28549,2022-05-23,v79
2021,175595,2022-05-23,v79
2021 APR,24165,2022-05-23,v79
2021 AUG,14895,2022-05-23,v79
2021 DEC,12446,2022-05-23,v79
2021 FEB,15346,2022-05-23,v79
2021 JAN,1897,2022-05-23,v79
2021 JUL,5461,2022-05-23,v79
2021 JUN,18691,2022-05-23,v79
2021 MAR,27042,2022-05-23,v79
2021 MAY,17865,2022-05-23,v79
2021 NOV,9446,2022-05-23,v79
2021 OCT,9989,2022-05-23,v79
2021 Q1,44285,2022-05-23,v79
2021 Q2,60721,2022-05-23,v79
2021 Q3,38708,2022-05-23,v79
2021 Q4,31881,2022-05-23,v79
2021 SEP,18352,2022-05-23,v79
2022 APR,18560,2022-05-23,v79
2022 FEB,8757,2022-05-23,v79
2022 JAN,-10092,2022-05-23,v79
2022 MAR,14674,2022-05-23,v79
2022 Q1,13339,2022-05-23,v79
2019,47179,2022-06-22,v80
2019 APR,10624,2022-06-22,v80
2019 AUG,5169,2022-06-22,v80
2019 DEC,5824,2022-06-22,v80
2019 JUL,-1047,2022-06-22,v80
2019 JUN,6947,2022-06-22,v80
2019 MAY,5457,2022-06-22,v80
2019 NOV,5494,2022-06-22,v80
2019 OCT,11653,2022-06-22,v80
2019 Q2,23028,2022-06-22,v80
2019 Q3,12191,2022-06-22,v80
2019 Q4,22971,2022-06-22,v80
2019 SEP,8069,2022-06-22,v80
2020,265457,2022-06-22,v80
2020 APR,48583,2022-06-22,v80
2020 AUG,24730,2022-06-22,v80
2020 DEC,23681,2022-06-22,v80
2020 FEB,336,2022-06-22,v80
2020 JAN,-9913,2022-06-22,v80
2020 JUL,21702,2022-06-22,v80
2020 JUN,31449,2022-06-22,v80
2020 MAR,6184,2022-06-22,v80
2020 MAY,51525,2022-06-22,v80
2020 NOV,21228,2022-06-22,v80
2020 OCT,17932,2022-06-22,v80
2020 Q1,-3393,2022-06-22,v80
2020 Q2,131557,2022-06-22,v80
2020 Q3,74452,2022-06-22,v80
2020 Q4,62841,2022-06-22,v80
2020 SEP,28020,2022-06-22,v80
2021,172051,2022-06-22,v80
2021 APR,24306,2022-06-22,v80
2021 AUG,14938,2022-06-22,v80
2021 DEC,12183,2022-06-22,v80
2021 FEB,14156,2022-06-22,v80
2021 JAN,708,2022-06-22,v80
2021 JUL,5561,2022-06-22,v80
2021 JUN,18832,2022-06-22,v80
2021 MAR,25853,2022-06-22,v80
2021 MAY,18009,2022-06-22,v80
2021 NOV,9127,2022-06-22,v80
2021 OCT,9972,2022-06-22,v80
2021 Q1,40717,2022-06-22,v80
2021 Q2,61147,2022-06-22,v80
2021 Q3,38905,2022-06-22,v80
2021 Q4,31282,2022-06-22,v80
2021 SEP,18406,2022-06-22,v80
2022 APR,21896,2022-06-22,v80
2022 FEB,8540,2022-06-22,v80
2022 JAN,-11178,2022-06-22,v80
2022 MAR,15052,2022-06-22,v80
2022 MAY,13990,2022-06-22,v80
2022 Q1,12414,2022-06-22,v80
2019,48640,2022-07-20,v81
2019 APR,10791,2022-07-20,v81
2019 AUG,5225,2022-07-20,v81
2019 DEC,6093,2022-07-20,v81
2019 JUL,-922,2022-07-20,v81
2019 JUN,7296,2022-07-20,v81
2019 MAY,5218,2022-07-20,v81
2019 NOV,5678,2022-07-20,v81
2019 OCT,11623,2022-07-20,v81
2019 Q2,23305,2022-07-20,v81
2019 Q3,12952,2022-07-20,v81
2019 Q4,23394,2022-07-20,v81
2019 SEP,8649,2022-07-20,v81
2020,266434,2022-07-20,v81
2020 APR,48971,2022-07-20,v81
2020 AUG,23893,2022-07-20,v81
2020 DEC,23668,2022-07-20,v81
2020 FEB,572,2022-07-20,v81
2020 JAN,-9701,2022-07-20,v81
2020 JUL,21631,2022-07-20,v81
2020 JUN,32190,2022-07-20,v81
2020 MAR,6374,2022-07-20,v81
2020 MAY,51336,2022-07-20,v81
2020 NOV,21542,2022-07-20,v81
2020 OCT,17864,2022-07-20,v81
2020 Q1,-2755,2022-07-20,v81
2020 Q2,132497,2022-07-20,v81
2020 Q3,73618,2022-07-20,v81
2020 Q4,63074,2022-07-20,v81
2020 SEP,28094,2022-07-20,v81
2021,171670,2022-07-20,v81
2021 APR,24289,2022-07-20,v81
2021 AUG,14921,2022-07-20,v81
2021 DEC,11813,2022-07-20,v81
2021 FEB,14671,2022-07-20,v81
2021 JAN,242,2022-07-20,v81
2021 JUL,5455,2022-07-20,v81
2021 JUN,18815,2022-07-20,v81
2021 MAR,26019,2022-07-20,v81
2021 MAY,17992,2022-07-20,v81
2021 NOV,9102,2022-07-20,v81
2021 OCT,9945,2022-07-20,v81
2021 Q1,40932,2022-07-20,v81
2021 Q2,61096,2022-07-20,v81
2021 Q3,38782,2022-07-20,v81
2021 Q4,30860,2022-07-20,v81
2022 APR,19991,2022-07-20,v81
2022 FEB,8173,2022-07-20,v81
2022 JAN,-11543,2022-07-20,v81
2022 JUN,22879,2022-07-20,v81
2022 MAR,14447,2022-07-20,v81
2022 MAY,12560,2022-07-20,v81
2022 Q1,11077,2022-07-20,v81
2022 Q2,55430,2022-07-20,v81
2020,265839,2022-08-18,v82
2020 APR,48911,2022-08-18,v82
2020 AUG,23834,2022-08-18,v82
2020 DEC,23598,2022-08-18,v82
2020 JUL,21573,2022-08-18,v82
2020 JUN,32131,2022-08-18,v82
2020 MAY,51277,2022-08-18,v82
2020 NOV,21460,2022-08-18,v82
2020 OCT,17774,2022-08-18,v82
2020 Q2,132319,2022-08-18,v82
2020 Q3,73443,2022-08-18,v82
2020 Q4,62832,2022-08-18,v82
2020 SEP,28036,2022-08-18,v82
2021,172802,2022-08-18,v82
2021 APR,24390,2022-08-18,v82
2021 AUG,15039,2022-08-18,v82
2021 DEC,12119,2022-08-18,v82
2021 FEB,14612,2022-08-18,v82
2021 JAN,184,2022-08-18,v82
2021 JUL,5731,2022-08-18,v82
2021 JUN,18916,2022-08-18,v82
2021 MAR,25961,2022-08-18,v82
2021 MAY,18082,2022-08-18,v82
2021 NOV,9216,2022-08-18,v82
2021 OCT,10058,2022-08-18,v82
2021 Q1,40757,2022-08-18,v82
2021 Q2,61388,2022-08-18,v82
2021 Q3,39264,2022-08-18,v82
2021 Q4,31393,2022-08-18,v82
2021 SEP,18494,2022-08-18,v82
2022 APR,18236,2022-08-18,v82
2022 FEB,8523,2022-08-18,v82
2022 JAN,-11102,2022-08-18,v82
2022 JUL,4944,2022-08-18,v82
2022 JUN,20857,2022-08-18,v82
2022 MAR,14593,2022-08-18,v82
2022 MAY,10954,2022-08-18,v82
2022 Q1,12014,2022-08-18,v82
2022 Q2,50047,2022-08-18,v82
1997,19357,2022-09-20,v83
1997 APR,2870,2022-09-20,v83
1997 AUG,2972,2022-09-20,v83
1997 DEC,958,2022-09-20,v83
1997 JUL,761,2022-09-20,v83
1997 JUN,4984,2022-09-20,v83
1997 MAY,3055,2022-09-20,v83
1997 NOV,-1755,2022-09-20,v83
1997 OCT,-1437,2022-09-20,v83
1997 Q2,10909,2022-09-20,v83
1997 Q3,6061,2022-09-20,v83
1997 Q4,-2234,2022-09-20,v83
1997 SEP,2328,2022-09-20,v83
1998,3693,2022-09-20,v83
1998 APR,1923,2022-09-20,v83
1998 AUG,2090,2022-09-20,v83
1998 DEC,955,2022-09-20,v83
1998 FEB,411,2022-09-20,v83
1998 JAN,-7127,2022-09-20,v83
1998 JUL,-2615,2022-09-20,v83
1998 JUN,3366,2022-09-20,v83
1998 MAR,2596,2022-09-20,v83
1998 MAY,3868,2022-09-20,v83
1998 NOV,3007,2022-09-20,v83
1998 OCT,-6387,2022-09-20,v83
1998 Q1,-4120,2022-09-20,v83
1998 Q2,9157,2022-09-20,v83
1998 Q3,1081,2022-09-20,v83
1998 Q4,-2425,2022-09-20,v83
1998 SEP,1606,2022-09-20,v83
1999,-7781,2022-09-20,v83
1999 APR,388,2022-09-20,v83
1999 AUG,1496,2022-09-20,v83
1999 DEC,1423,2022-09-20,v83
1999 FEB,-2037,2022-09-20,v83
1999 JAN,-6723,2022-09-20,v83
1999 JUL,-3418,2022-09-20,v83
1999 JUN,2378,2022-09-20,v83
1999 MAR,881,2022-09-20,v83
1999 MAY,3395,2022-09-20,v83
1999 NOV,1712,2022-09-20,v83
1999 OCT,-7319,2022-09-20,v83
1999 Q1,-7879,2022-09-20,v83
1999 Q2,6161,2022-09-20,v83
1999 Q3,-1879,2022-09-20,v83
1999 Q4,-4184,2022-09-20,v83
1999 SEP,43,2022-09-20,v83
2000,-15655,2022-09-20,v83
2000 APR,2985,2022-09-20,v83
2000 AUG,3419,2022-09-20,v83
2000 DEC,1569,2022-09-20,v83
2000 JAN,-9454,2022-09-20,v83
2000 JUL,-3751,2022-09-20,v83
2000 JUN,2738,2022-09-20,v83
2000 MAR,-1285,2022-09-20,v83
2000 MAY,-9226,2022-09-20,v83
2000 NOV,1284,2022-09-20,v83
2000 OCT,1032,2022-09-20,v83
2000 Q1,-11679,2022-09-20,v83
2000 Q2,-3503,2022-09-20,v83
2000 Q3,-4358,2022-09-20,v83
2000 Q4,3885,2022-09-20,v83
2000 SEP,-4026,2022-09-20,v83
2001,-2145,2022-09-20,v83
2001 APR,-334,2022-09-20,v83
2001 AUG,-911,2022-09-20,v83
2001 DEC,3217,2022-09-20,v83
2001 FEB,-3630,2022-09-20,v83
2001 JAN,-6725,2022-09-20,v83
2001 JUL,-1903,2022-09-20,v83
2001 JUN,-376,2022-09-20,v83
2001 MAR,-916,2022-09-20,v83
2001 MAY,1490,2022-09-20,v83
2001 NOV,3402,2022-09-20,v83
2001 OCT,3140,2022-09-20,v83
2001 Q1,-11271,2022-09-20,v83
2001 Q2,780,2022-09-20,v83
2001 Q3,-1413,2022-09-20,v83
2001 Q4,9759,2022-09-20,v83
2001 SEP,1401,2022-09-20,v83
2002,27398,2022-09-20,v83
2002 APR,2438,2022-09-20,v83
2002 AUG,2215,2022-09-20,v83
2002 DEC,5055,2022-09-20,v83
2002 FEB,-133,2022-09-20,v83
2002 JAN,-3304,2022-09-20,v83
2002 JUL,-631,2022-09-20,v83
2002 JUN,3419,2022-09-20,v83
2002 MAR,890,2022-09-20,v83
2002 MAY,3645,2022-09-20,v83
2002 NOV,5347,2022-09-20,v83
2002 OCT,3907,2022-09-20,v83
2002 Q1,-2547,2022-09-20,v83
2002 Q2,9502,2022-09-20,v83
2002 Q3,6134,2022-09-20,v83
2002 Q4,14309,2022-09-20,v83
2002 SEP,4550,2022-09-20,v83
2003,46897,2022-09-20,v83
2003 APR,3155,2022-09-20,v83
2003 AUG,4214,2022-09-20,v83
2003 DEC,5187,2022-09-20,v83
2003 FEB,3101,2022-09-20,v83
2003 JAN,811,2022-09-20,v83
2003 JUL,1561,2022-09-20,v83
2003 JUN,4373,2022-09-20,v83
2003 MAR,2545,2022-09-20,v83
2003 MAY,6168,2022-09-20,v83
2003 NOV,5505,2022-09-20,v83
2003 OCT,4339,2022-09-20,v83
2003 Q1,6457,2022-09-20,v83
2003 Q2,13696,2022-09-20,v83
2003 Q3,11713,2022-09-20,v83
2003 Q4,15031,2022-09-20,v83
2003 SEP,5938,2022-09-20,v83
2004,49365,2022-09-20,v83
2004 APR,7897,2022-09-20,v83
2004 AUG,4618,2022-09-20,v83
2004 DEC,5518,2022-09-20,v83
2004 FEB,993,2022-09-20,v83
2004 JAN,1031,2022-09-20,v83
2004 JUL,2528,2022-09-20,v83
2004 JUN,2175,2022-09-20,v83
2004 MAR,1231,2022-09-20,v83
2004 MAY,6131,2022-09-20,v83
2004 NOV,5981,2022-09-20,v83
2004 OCT,5234,2022-09-20,v83
2004 Q1,3255,2022-09-20,v83
2004 Q2,16203,2022-09-20,v83
2004 Q3,13174,2022-09-20,v83
2004 Q4,16733,2022-09-20,v83
2004 SEP,6028,2022-09-20,v83
2005,48972,2022-09-20,v83
2005 APR,8559,2022-09-20,v83
2005 AUG,4363,2022-09-20,v83
2005 DEC,5638,2022-09-20,v83
2005 FEB,3139,2022-09-20,v83
2005 JAN,25,2022-09-20,v83
2005 JUL,1134,2022-09-20,v83
2005 JUN,2451,2022-09-20,v83
2005 MAR,3274,2022-09-20,v83
2005 MAY,2331,2022-09-20,v83
2005 NOV,8052,2022-09-20,v83
2005 OCT,4689,2022-09-20,v83
2005 Q1,6438,2022-09-20,v83
2005 Q2,13341,2022-09-20,v83
2005 Q3,10814,2022-09-20,v83
2005 Q4,18379,2022-09-20,v83
2005 SEP,5317,2022-09-20,v83
2006,44888,2022-09-20,v83
2006 APR,4583,2022-09-20,v83
2006 AUG,3673,2022-09-20,v83
2006 DEC,4688,2022-09-20,v83
2006 FEB,3288,2022-09-20,v83
2006 JAN,-2230,2022-09-20,v83
2006 JUL,1131,2022-09-20,v83
2006 JUN,3834,2022-09-20,v83
2006 MAR,2518,2022-09-20,v83
2006 MAY,4994,2022-09-20,v83
2006 NOV,7225,2022-09-20,v83
2006 OCT,4184,2022-09-20,v83
2006 Q1,3576,2022-09-20,v83
2006 Q2,13411,2022-09-20,v83
2006 Q3,11804,2022-09-20,v83
2006 Q4,16097,2022-09-20,v83
2006 SEP,7000,2022-09-20,v83
2007,43675,2022-09-20,v83
2007 APR,3504,2022-09-20,v83
2007 AUG,5346,2022-09-20,v83
2007 DEC,5571,2022-09-20,v83
2007 FEB,684,2022-09-20,v83
2007 JAN,-4290,2022-09-20,v83
2007 JUL,781,2022-09-20,v83
2007 JUN,4121,2022-09-20,v83
2007 MAR,4466,2022-09-20,v83
2007 MAY,5081,2022-09-20,v83
2007 NOV,6482,2022-09-20,v83
2007 OCT,6298,2022-09-20,v83
2007 Q1,860,2022-09-20,v83
2007 Q2,12706,2022-09-20,v83
2007 Q3,11758,2022-09-20,v83
2007 Q4,18351,2022-09-20,v83
2007 SEP,5631,2022-09-20,v83
2008,90894,2022-09-20,v83
2008 APR,6725,2022-09-20,v83
2008 AUG,8867,2022-09-20,v83
2008 DEC,15653,2022-09-20,v83
2008 FEB,3524,2022-09-20,v83
2008 JAN,-5294,2022-09-20,v83
2008 JUL,3607,2022-09-20,v83
2008 JUN,6927,2022-09-20,v83
2008 MAR,6080,2022-09-20,v83
2008 MAY,7799,2022-09-20,v83
2008 NOV,12719,2022-09-20,v83
2008 OCT,11015,2022-09-20,v83
2008 Q1,4310,2022-09-20,v83
2008 Q2,21451,2022-09-20,v83
2008 Q3,25746,2022-09-20,v83
2008 Q4,39387,2022-09-20,v83
2008 SEP,13272,2022-09-20,v83
2009,161894,2022-09-20,v83
2009 APR,10936,2022-09-20,v83
2009 AUG,12007,2022-09-20,v83
2009 DEC,21364,2022-09-20,v83
2009 FEB,11354,2022-09-20,v83
2009 JAN,7146,2022-09-20,v83
2009 JUL,9296,2022-09-20,v83
2009 JUN,16497,2022-09-20,v83
2009 MAR,14288,2022-09-20,v83
2009 MAY,13603,2022-09-20,v83
2009 NOV,14260,2022-09-20,v83
2009 OCT,14740,2022-09-20,v83
2009 Q1,32788,2022-09-20,v83
2009 Q2,41036,2022-09-20,v83
2009 Q3,37706,2022-09-20,v83
2009 Q4,50364,2022-09-20,v83
2009 SEP,16403,2022-09-20,v83
2010,148153,2022-09-20,v83
2010 APR,9233,2022-09-20,v83
2010 AUG,11572,2022-09-20,v83
2010 DEC,17065,2022-09-20,v83
2010 FEB,9856,2022-09-20,v83
2010 JAN,7722,2022-09-20,v83
2010 JUL,9210,2022-09-20,v83
2010 JUN,12049,2022-09-20,v83
2010 MAR,13222,2022-09-20,v83
2010 MAY,13284,2022-09-20,v83
2010 NOV,14861,2022-09-20,v83
2010 OCT,14239,2022-09-20,v83
2010 Q1,30800,2022-09-20,v83
2010 Q2,34566,2022-09-20,v83
2010 Q3,36622,2022-09-20,v83
2010 Q4,46165,2022-09-20,v83
2010 SEP,15840,2022-09-20,v83
2011,121827,2022-09-20,v83
2011 APR,11886,2022-09-20,v83
2011 AUG,9510,2022-09-20,v83
2011 DEC,13803,2022-09-20,v83
2011 FEB,9749,2022-09-20,v83
2011 JAN,1319,2022-09-20,v83
2011 JUL,4640,2022-09-20,v83
2011 JUN,9863,2022-09-20,v83
2011 MAR,13366,2022-09-20,v83
2011 MAY,9673,2022-09-20,v83
2011 NOV,11254,2022-09-20,v83
2011 OCT,12841,2022-09-20,v83
2011 Q1,24434,2022-09-20,v83
2011 Q2,31422,2022-09-20,v83
2011 Q3,28073,2022-09-20,v83
2011 Q4,37898,2022-09-20,v83
2011 SEP,13923,2022-09-20,v83
2012,130617,2022-09-20,v83
2012 APR,21595,2022-09-20,v83
2012 AUG,9986,2022-09-20,v83
2012 DEC,13908,2022-09-20,v83
2012 FEB,10375,2022-09-20,v83
2012 JAN,736,2022-09-20,v83
2012 JUL,2310,2022-09-20,v83
2012 JUN,8929,2022-09-20,v83
2012 MAR,12783,2022-09-20,v83
2012 MAY,12914,2022-09-20,v83
2012 NOV,12098,2022-09-20,v83
2012 OCT,12009,2022-09-20,v83
2012 Q1,23894,2022-09-20,v83
2012 Q2,43438,2022-09-20,v83
2012 Q3,25270,2022-09-20,v83
2012 Q4,38015,2022-09-20,v83
2012 SEP,12974,2022-09-20,v83
2013,103744,2022-09-20,v83
2013 APR,11374,2022-09-20,v83
2013 AUG,8568,2022-09-20,v83
2013 DEC,10830,2022-09-20,v83
2013 FEB,7826,2022-09-20,v83
2013 JAN,-68,2022-09-20,v83
2013 JUL,3572,2022-09-20,v83
2013 JUN,8290,2022-09-20,v83
2013 MAR,9421,2022-09-20,v83
2013 MAY,9188,2022-09-20,v83
2013 NOV,11434,2022-09-20,v83
2013 OCT,11310,2022-09-20,v83
2013 Q1,17179,2022-09-20,v83
2013 Q2,28852,2022-09-20,v83
2013 Q3,24139,2022-09-20,v83
2013 Q4,33574,2022-09-20,v83
2013 SEP,11999,2022-09-20,v83
2014,103546,2022-09-20,v83
2014 APR,12563,2022-09-20,v83
2014 AUG,8560,2022-09-20,v83
2014 DEC,12138,2022-09-20,v83
2014 FEB,9469,2022-09-20,v83
2014 JAN,207,2022-09-20,v83
2014 JUL,3289,2022-09-20,v83
2014 JUN,7872,2022-09-20,v83
2014 MAR,6221,2022-09-20,v83
2014 MAY,10099,2022-09-20,v83
2014 NOV,8957,2022-09-20,v83
2014 OCT,11191,2022-09-20,v83
2014 Q1,15897,2022-09-20,v83
2014 Q2,30534,2022-09-20,v83
2014 Q3,24829,2022-09-20,v83
2014 Q4,32286,2022-09-20,v83
2014 SEP,12980,2022-09-20,v83
2015,86222,2022-09-20,v83
2015 APR,12042,2022-09-20,v83
2015 AUG,8793,2022-09-20,v83
2015 DEC,7420,2022-09-20,v83
2015 FEB,6452,2022-09-20,v83
2015 JAN,-3074,2022-09-20,v83
2015 JUL,2007,2022-09-20,v83
2015 JUN,7877,2022-09-20,v83
2015 MAR,5861,2022-09-20,v83
2015 MAY,7559,2022-09-20,v83
2015 NOV,9342,2022-09-20,v83
2015 OCT,10474,2022-09-20,v83
2015 Q1,9239,2022-09-20,v83
2015 Q2,27478,2022-09-20,v83
2015 Q3,22269,2022-09-20,v83
2015 Q4,27236,2022-09-20,v83
2015 SEP,11469,2022-09-20,v83
2016,66286,2022-09-20,v83
2016 APR,12044,2022-09-20,v83
2016 AUG,7151,2022-09-20,v83
2016 DEC,5141,2022-09-20,v83
2016 FEB,5787,2022-09-20,v83
2016 JAN,-6164,2022-09-20,v83
2016 JUL,499,2022-09-20,v83
2016 JUN,4815,2022-09-20,v83
2016 MAR,4886,2022-09-20,v83
2016 MAY,7081,2022-09-20,v83
2016 NOV,6767,2022-09-20,v83
2016 OCT,7650,2022-09-20,v83
2016 Q1,4509,2022-09-20,v83
2016 Q2,23940,2022-09-20,v83
2016 Q3,18279,2022-09-20,v83
2016 Q4,19558,2022-09-20,v83
2016 SEP,10629,2022-09-20,v83
2017,53425,2022-09-20,v83
2017 APR,12587,2022-09-20,v83
2017 AUG,5355,2022-09-20,v83
2017 DEC,4377,2022-09-20,v83
2017 FEB,-453,2022-09-20,v83
2017 JAN,-9001,2022-09-20,v83
2017 JUL,94,2022-09-20,v83
2017 JUN,6564,2022-09-20,v83
2017 MAR,2460,2022-09-20,v83
2017 MAY,7039,2022-09-20,v83
2017 NOV,6498,2022-09-20,v83
2017 OCT,7900,2022-09-20,v83
2017 Q1,-6994,2022-09-20,v83
2017 Q2,26190,2022-09-20,v83
2017 Q3,15454,2022-09-20,v83
2017 Q4,18775,2022-09-20,v83
2017 SEP,10005,2022-09-20,v83
2018,51348,2022-09-20,v83
2018 APR,10186,2022-09-20,v83
2018 AUG,7077,2022-09-20,v83
2018 DEC,5450,2022-09-20,v83
2018 FEB,2490,2022-09-20,v83
2018 JAN,-5932,2022-09-20,v83
2018 JUL,-2424,2022-09-20,v83
2018 JUN,4154,2022-09-20,v83
2018 MAR,1915,2022-09-20,v83
2018 MAY,4538,2022-09-20,v83
2018 NOV,5805,2022-09-20,v83
2018 OCT,9194,2022-09-20,v83
2018 Q1,-1527,2022-09-20,v83
2018 Q2,18878,2022-09-20,v83
2018 Q3,13548,2022-09-20,v83
2018 Q4,20449,2022-09-20,v83
2018 SEP,8895,2022-09-20,v83
2019,52172,2022-09-20,v83
2019 APR,11124,2022-09-20,v83
2019 AUG,5308,2022-09-20,v83
2019 DEC,6277,2022-09-20,v83
2019 FEB,1875,2022-09-20,v83
2019 JAN,-10563,2022-09-20,v83
2019 JUL,-851,2022-09-20,v83
2019 JUN,7156,2022-09-20,v83
2019 MAR,188,2022-09-20,v83
2019 MAY,5066,2022-09-20,v83
2019 NOV,5819,2022-09-20,v83
2019 OCT,11768,2022-09-20,v83
2019 Q1,-8500,2022-09-20,v83
2019 Q2,23346,2022-09-20,v83
2019 Q3,13462,2022-09-20,v83
2019 Q4,23864,2022-09-20,v83
2019 SEP,9005,2022-09-20,v83
2020,275602,2022-09-20,v83
2020 APR,49297,2022-09-20,v83
2020 AUG,24267,2022-09-20,v83
2020 DEC,23963,2022-09-20,v83
2020 FEB,1601,2022-09-20,v83
2020 JAN,-8412,2022-09-20,v83
2020 JUL,22003,2022-09-20,v83
2020 JUN,32482,2022-09-20,v83
2020 MAR,10420,2022-09-20,v83
2020 MAY,51632,2022-09-20,v83
2020 NOV,21797,2022-09-20,v83
2020 OCT,18137,2022-09-20,v83
2020 Q1,3609,2022-09-20,v83
2020 Q2,133411,2022-09-20,v83
2020 Q3,74685,2022-09-20,v83
2020 Q4,63897,2022-09-20,v83
2020 SEP,28415,2022-09-20,v83
2021,168962,2022-09-20,v83
2021 APR,23854,2022-09-20,v83
2021 AUG,14416,2022-09-20,v83
2021 DEC,11458,2022-09-20,v83
2021 FEB,15421,2022-09-20,v83
2021 JAN,976,2022-09-20,v83
2021 JUL,5107,2022-09-20,v83
2021 JUN,18623,2022-09-20,v83
2021 MAR,25928,2022-09-20,v83
2021 MAY,17684,2022-09-20,v83
2021 NOV,8432,2022-09-20,v83
2021 OCT,9268,2022-09-20,v83
2021 Q1,42325,2022-09-20,v83
2021 Q2,60161,2022-09-20,v83
2021 Q3,37318,2022-09-20,v83
2021 Q4,29158,2022-09-20,v83
2021 SEP,17795,2022-09-20,v83
2022 APR,14709,2022-09-20,v83
2022 AUG,11820,2022-09-20,v83
2022 FEB,7700,2022-09-20,v83
2022 JAN,-11943,2022-09-20,v83
2022 JUL,2870,2022-09-20,v83
2022 JUN,19485,2022-09-20,v83
2022 MAR,11259,2022-09-20,v83
2022 MAY,9352,2022-09-20,v83
2022 Q1,7016,2022-09-20,v83
2022 Q2,43546,2022-09-20,v83
2013,103756,2022-10-20,v84
2013 DEC,10831,2022-10-20,v84
2013 FEB,7829,2022-10-20,v84
2013 JAN,-65,2022-10-20,v84
2013 MAR,9424,2022-10-20,v84
2013 NOV,11435,2022-10-20,v84
2013 OCT,11311,2022-10-20,v84
2013 Q1,17188,2022-10-20,v84
2013 Q4,33577,2022-10-20,v84
2014,103563,2022-10-20,v84
2014 APR,12560,2022-10-20,v84
2014 AUG,8561,2022-10-20,v84
2014 DEC,12142,2022-10-20,v84
2014 FEB,9473,2022-10-20,v84
2014 JAN,211,2022-10-20,v84
2014 JUL,3290,2022-10-20,v84
2014 JUN,7869,2022-10-20,v84
2014 MAR,6225,2022-10-20,v84
2014 MAY,10096,2022-10-20,v84
2014 NOV,8961,2022-10-20,v84
2014 OCT,11195,2022-10-20,v84
2014 Q1,15909,2022-10-20,v84
2014 Q2,30525,2022-10-20,v84
2014 Q3,24831,2022-10-20,v84
2014 Q4,32298,2022-10-20,v84
2015,86216,2022-10-20,v84
2015 APR,12039,2022-10-20,v84
2015 AUG,8798,2022-10-20,v84
2015 DEC,7424,2022-10-20,v84
2015 FEB,6444,2022-10-20,v84
2015 JAN,-3082,2022-10-20,v84
2015 JUL,2012,2022-10-20,v84
2015 JUN,7874,2022-10-20,v84
2015 MAR,5853,2022-10-20,v84
2015 MAY,7556,2022-10-20,v84
2015 NOV,9346,2022-10-20,v84
2015 OCT,10478,2022-10-20,v84
2015 Q1,9215,2022-10-20,v84
2015 Q2,27469,2022-10-20,v84
2015 Q3,22284,2022-10-20,v84
2015 Q4,27248,2022-10-20,v84
2015 SEP,11474,2022-10-20,v84
2016,66302,2022-10-20,v84
2016 APR,12041,2022-10-20,v84
2016 AUG,7152,2022-10-20,v84
2016 DEC,5146,2022-10-20,v84
2016 FEB,5789,2022-10-20,v84
2016 JAN,-6162,2022-10-20,v84
2016 JUL,500,2022-10-20,v84
2016 JUN,4811,2022-10-20,v84
2016 MAR,4888,2022-10-20,v84
2016 MAY,7078,2022-10-20,v84
2016 NOV,6773,2022-10-20,v84
2016 OCT,7656,2022-10-20,v84
2016 Q1,4515,2022-10-20,v84
2016 Q2,23930,2022-10-20,v84
2016 Q3,18282,2022-10-20,v84
2016 Q4,19575,2022-10-20,v84
2016 SEP,10630,2022-10-20,v84
2017,53441,2022-10-20,v84
2017 APR,12582,2022-10-20,v84
2017 AUG,5359,2022-10-20,v84
2017 DEC,4380,2022-10-20,v84
2017 FEB,-450,2022-10-20,v84
2017 JAN,-8998,2022-10-20,v84
2017 JUL,98,2022-10-20,v84
2017 JUN,6559,2022-10-20,v84
2017 MAR,2464,2022-10-20,v84
2017 MAY,7034,2022-10-20,v84
2017 NOV,6501,2022-10-20,v84
2017 OCT,7903,2022-10-20,v84
2017 Q1,-6984,2022-10-20,v84
2017 Q2,26175,2022-10-20,v84
2017 Q3,15466,2022-10-20,v84
2017 Q4,18784,2022-10-20,v84
2017 SEP,10009,2022-10-20,v84
2018,51341,2022-10-20,v84
2018 APR,10183,2022-10-20,v84
2018 AUG,7083,2022-10-20,v84
2018 FEB,2485,2022-10-20,v84
2018 JAN,-5937,2022-10-20,v84
2018 JUL,-2418,2022-10-20,v84
2018 JUN,4151,2022-10-20,v84
2018 MAR,1910,2022-10-20,v84
2018 MAY,4535,2022-10-20,v84
2018 NOV,5804,2022-10-20,v84
2018 OCT,9193,2022-10-20,v84
2018 Q1,-1542,2022-10-20,v84
2018 Q2,18869,2022-10-20,v84
2018 Q3,13567,2022-10-20,v84
2018 Q4,20447,2022-10-20,v84
2018 SEP,8902,2022-10-20,v84
2019,52329,2022-10-20,v84
2019 APR,11123,2022-10-20,v84
2019 AUG,5339,2022-10-20,v84
2019 DEC,6288,2022-10-20,v84
2019 FEB,1886,2022-10-20,v84
2019 JAN,-10552,2022-10-20,v84
2019 JUL,-820,2022-10-20,v84
2019 JUN,7157,2022-10-20,v84
2019 MAR,199,2022-10-20,v84
2019 MAY,5065,2022-10-20,v84
2019 NOV,5829,2022-10-20,v84
2019 OCT,11778,2022-10-20,v84
2019 Q1,-8467,2022-10-20,v84
2019 Q2,23345,2022-10-20,v84
2019 Q3,13556,2022-10-20,v84
2019 Q4,23895,2022-10-20,v84
2019 SEP,9037,2022-10-20,v84
2020,274141,2022-10-20,v84
2020 APR,49116,2022-10-20,v84
2020 AUG,24097,2022-10-20,v84
2020 DEC,23768,2022-10-20,v84
2020 FEB,1648,2022-10-20,v84
2020 JAN,-8365,2022-10-20,v84
2020 JUL,21833,2022-10-20,v84
2020 JUN,32302,2022-10-20,v84
2020 MAR,10468,2022-10-20,v84
2020 MAY,51451,2022-10-20,v84
2020 NOV,21619,2022-10-20,v84
2020 OCT,17959,2022-10-20,v84
2020 Q1,3751,2022-10-20,v84
2020 Q2,132869,2022-10-20,v84
2020 Q3,74175,2022-10-20,v84
2020 Q4,63346,2022-10-20,v84
2020 SEP,28245,2022-10-20,v84
2021,168735,2022-10-20,v84
2021 APR,23835,2022-10-20,v84
2021 AUG,14398,2022-10-20,v84
2021 FEB,15394,2022-10-20,v84
2021 JAN,949,2022-10-20,v84
2021 JUL,5089,2022-10-20,v84
2021 JUN,18605,2022-10-20,v84
2021 MAR,25900,2022-10-20,v84
2021 MAY,17665,2022-10-20,v84
2021 NOV,8414,2022-10-20,v84
2021 OCT,9250,2022-10-20,v84
2021 Q1,42243,2022-10-20,v84
2021 Q2,60105,2022-10-20,v84
2021 Q3,37265,2022-10-20,v84
2021 Q4,29122,2022-10-20,v84
2021 SEP,17778,2022-10-20,v84
2022 APR,14215,2022-10-20,v84
2022 AUG,9344,2022-10-20,v84
2022 FEB,7698,2022-10-20,v84
2022 JAN,-11945,2022-10-20,v84
2022 JUL,1341,2022-10-20,v84
2022 JUN,18457,2022-10-20,v84
2022 MAR,11027,2022-10-20,v84
2022 MAY,9102,2022-10-20,v84
2022 Q1,6780,2022-10-20,v84
2022 Q2,41774,2022-10-20,v84
2022 Q3,30697,2022-10-20,v84
2022 SEP,20012,2022-10-20,v84
2021,167929,2022-11-22,v85
2021 APR,23768,2022-11-22,v85
2021 AUG,14330,2022-11-22,v85
2021 DEC,11394,2022-11-22,v85
2021 FEB,15326,2022-11-22,v85
2021 JAN,882,2022-11-22,v85
2021 JUL,5022,2022-11-22,v85
2021 JUN,18538,2022-11-22,v85
2021 MAR,25832,2022-11-22,v85
2021 MAY,17597,2022-11-22,v85
2021 NOV,8347,2022-11-22,v85
2021 OCT,9182,2022-11-22,v85
2021 Q1,42040,2022-11-22,v85
2021 Q2,59903,2022-11-22,v85
2021 Q3,37063,2022-11-22,v85
2021 Q4,28923,2022-11-22,v85
2021 SEP,17711,2022-11-22,v85
2022 APR,14172,2022-11-22,v85
2022 AUG,9487,2022-11-22,v85
2022 FEB,7697,2022-11-22,v85
2022 JUL,1694,2022-11-22,v85
2022 JUN,18468,2022-11-22,v85
2022 MAR,11026,2022-11-22,v85
2022 MAY,9307,2022-11-22,v85
2022 OCT,13549,2022-11-22,v85
2022 Q1,6778,2022-11-22,v85
2022 Q2,41947,2022-11-22,v85
2022 Q3,28937,2022-11-22,v85
2022 SEP,17756,2022-11-22,v85
2001,-2154,2022-12-21,v86
2001 DEC,3216,2022-12-21,v86
2001 JUN,-379,2022-12-21,v86
2001 NOV,3401,2022-12-21,v86
2001 OCT,3139,2022-12-21,v86
2001 Q2,777,2022-12-21,v86
2001 Q3,-1416,2022-12-21,v86
2001 Q4,9756,2022-12-21,v86
2001 SEP,1398,2022-12-21,v86
2002,27401,2022-12-21,v86
2002 AUG,2214,2022-12-21,v86
2002 FEB,-129,2022-12-21,v86
2002 JAN,-3300,2022-12-21,v86
2002 JUL,-632,2022-12-21,v86
2002 JUN,3417,2022-12-21,v86
2002 MAR,891,2022-12-21,v86
2002 NOV,5346,2022-12-21,v86
2002 OCT,3906,2022-12-21,v86
2002 Q1,-2538,2022-12-21,v86
2002 Q2,9500,2022-12-21,v86
2002 Q3,6132,2022-12-21,v86
2002 Q4,14307,2022-12-21,v86
2003 AUG,4213,2022-12-21,v86
2003 DEC,5185,2022-12-21,v86
2003 FEB,3103,2022-12-21,v86
2003 JAN,813,2022-12-21,v86
2003 JUL,1560,2022-12-21,v86
2003 JUN,4371,2022-12-21,v86
2003 MAR,2547,2022-12-21,v86
2003 Q1,6463,2022-12-21,v86
2003 Q2,13694,2022-12-21,v86
2003 Q3,11711,2022-12-21,v86
2003 Q4,15029,2022-12-21,v86
2004 DEC,5516,2022-12-21,v86
2004 FEB,995,2022-12-21,v86
2004 JAN,1033,2022-12-21,v86
2004 JUN,2173,2022-12-21,v86
2004 MAR,1233,2022-12-21,v86
2004 Q1,3261,2022-12-21,v86
2004 Q2,16201,2022-12-21,v86
2004 Q3,13172,2022-12-21,v86
2004 Q4,16731,2022-12-21,v86
2004 SEP,6026,2022-12-21,v86
2005,48969,2022-12-21,v86
2005 APR,8558,2022-12-21,v86
2005 AUG,4362,2022-12-21,v86
2005 DEC,5637,2022-12-21,v86
2005 FEB,3142,2022-12-21,v86
2005 JAN,28,2022-12-21,v86
2005 JUL,1133,2022-12-21,v86
2005 JUN,2450,2022-12-21,v86
2005 MAY,2330,2022-12-21,v86
2005 NOV,8051,2022-12-21,v86
2005 OCT,4688,2022-12-21,v86
2005 Q1,6444,2022-12-21,v86
2005 Q2,13338,2022-12-21,v86
2005 Q3,10811,2022-12-21,v86
2005 Q4,18376,2022-12-21,v86
2005 SEP,5316,2022-12-21,v86
2006 APR,4582,2022-12-21,v86
2006 AUG,3672,2022-12-21,v86
2006 DEC,4687,2022-12-21,v86
2006 FEB,3291,2022-12-21,v86
2006 JAN,-2227,2022-12-21,v86
2006 JUL,1130,2022-12-21,v86
2006 JUN,3833,2022-12-21,v86
2006 MAR,2521,2022-12-21,v86
2006 MAY,4993,2022-12-21,v86
2006 NOV,7224,2022-12-21,v86
2006 OCT,4183,2022-12-21,v86
2006 Q1,3585,2022-12-21,v86
2006 Q2,13408,2022-12-21,v86
2006 Q3,11801,2022-12-21,v86
2006 Q4,16094,2022-12-21,v86
2006 SEP,6999,2022-12-21,v86
2007 APR,3503,2022-12-21,v86
2007 AUG,5345,2022-12-21,v86
2007 DEC,5570,2022-12-21,v86
2007 FEB,687,2022-12-21,v86
2007 JAN,-4287,2022-12-21,v86
2007 JUL,780,2022-12-21,v86
2007 JUN,4120,2022-12-21,v86
2007 MAR,4469,2022-12-21,v86
2007 MAY,5080,2022-12-21,v86
2007 NOV,6481,2022-12-21,v86
2007 OCT,6297,2022-12-21,v86
2007 Q1,869,2022-12-21,v86
2007 Q2,12703,2022-12-21,v86
2007 Q3,11755,2022-12-21,v86
2007 Q4,18348,2022-12-21,v86
2007 SEP,5630,2022-12-21,v86
2008 APR,6723,2022-12-21,v86
2008 AUG,8865,2022-12-21,v86
2008 DEC,15654,2022-12-21,v86
2008 FEB,3527,2022-12-21,v86
2008 JAN,-5291,2022-12-21,v86
2008 JUL,3605,2022-12-21,v86
2008 JUN,6928,2022-12-21,v86
2008 MAR,6083,2022-12-21,v86
2008 MAY,7797,2022-12-21,v86
2008 NOV,12717,2022-12-21,v86
2008 OCT,11013,2022-12-21,v86
2008 Q1,4319,2022-12-21,v86
2008 Q2,21448,2022-12-21,v86
2008 Q3,25743,2022-12-21,v86
2008 Q4,39384,2022-12-21,v86
2008 SEP,13273,2022-12-21,v86
2009,161896,2022-12-21,v86
2009 APR,10934,2022-12-21,v86
2009 DEC,21362,2022-12-21,v86
2009 FEB,11357,2022-12-21,v86
2009 JAN,7149,2022-12-21,v86
2009 JUN,16498,2022-12-21,v86
2009 MAR,14291,2022-12-21,v86
2009 MAY,13601,2022-12-21,v86
2009 Q1,32797,2022-12-21,v86
2009 Q2,41033,2022-12-21,v86
2009 Q3,37704,2022-12-21,v86
2009 Q4,50362,2022-12-21,v86
2009 SEP,16401,2022-12-21,v86
2010,148148,2022-12-21,v86
2010 APR,9231,2022-12-21,v86
2010 AUG,11570,2022-12-21,v86
2010 DEC,17063,2022-12-21,v86
2010 FEB,9860,2022-12-21,v86
2010 JAN,7726,2022-12-21,v86
2010 JUL,9208,2022-12-21,v86
2010 MAR,13221,2022-12-21,v86
2010 MAY,13282,2022-12-21,v86
2010 NOV,14860,2022-12-21,v86
2010 OCT,14238,2022-12-21,v86
2010 Q1,30807,2022-12-21,v86
2010 Q2,34562,2022-12-21,v86
2010 Q3,36618,2022-12-21,v86
2010 Q4,46161,2022-12-21,v86
2011,121829,2022-12-21,v86
2011 APR,11885,2022-12-21,v86
2011 AUG,9509,2022-12-21,v86
2011 DEC,13802,2022-12-21,v86
2011 FEB,9753,2022-12-21,v86
2011 JAN,1324,2022-12-21,v86
2011 JUL,4639,2022-12-21,v86
2011 JUN,9862,2022-12-21,v86
2011 MAR,13368,2022-12-21,v86
2011 MAY,9672,2022-12-21,v86
2011 NOV,11253,2022-12-21,v86
2011 OCT,12840,2022-12-21,v86
2011 Q1,24445,2022-12-21,v86
2011 Q2,31419,2022-12-21,v86
2011 Q3,28070,2022-12-21,v86
2011 Q4,37895,2022-12-21,v86
2011 SEP,13922,2022-12-21,v86
2012,130620,2022-12-21,v86
2012 APR,21592,2022-12-21,v86
2012 AUG,9984,2022-12-21,v86
2012 DEC,13907,2022-12-21,v86
2012 FEB,10379,2022-12-21,v86
2012 JAN,740,2022-12-21,v86
2012 JUL,2308,2022-12-21,v86
2012 JUN,8932,2022-12-21,v86
2012 MAR,12787,2022-12-21,v86
2012 MAY,12911,2022-12-21,v86
2012 NOV,12097,2022-12-21,v86
2012 OCT,12008,2022-12-21,v86
2012 Q1,23906,2022-12-21,v86
2012 Q2,43435,2022-12-21,v86
2012 Q3,25267,2022-12-21,v86
2012 Q4,38012,2022-12-21,v86
2012 SEP,12975,2022-12-21,v86
2013,103747,2022-12-21,v86
2013 APR,11372,2022-12-21,v86
2013 AUG,8566,2022-12-21,v86
2013 DEC,10829,2022-12-21,v86
2013 FEB,7832,2022-12-21,v86
2013 JAN,-62,2022-12-21,v86
2013 JUL,3570,2022-12-21,v86
2013 JUN,8291,2022-12-21,v86
2013 MAR,9427,2022-12-21,v86
2013 MAY,9186,2022-12-21,v86
2013 NOV,11430,2022-12-21,v86
2013 OCT,11306,2022-12-21,v86
2013 Q1,17197,2022-12-21,v86
2013 Q2,28849,2022-12-21,v86
2013 Q3,24136,2022-12-21,v86
2013 Q4,33565,2022-12-21,v86
2013 SEP,12000,2022-12-21,v86
2014,103570,2022-12-21,v86
2014 FEB,9476,2022-12-21,v86
2014 JAN,214,2022-12-21,v86
2014 Q1,15915,2022-12-21,v86
2014 Q3,24832,2022-12-21,v86
2014 SEP,12981,2022-12-21,v86
2015,86213,2022-12-21,v86
2015 AUG,8799,2022-12-21,v86
2015 FEB,6443,2022-12-21,v86
2015 JAN,-3083,2022-12-21,v86
2015 JUL,2013,2022-12-21,v86
2015 JUN,7873,2022-12-21,v86
2015 MAR,5852,2022-12-21,v86
2015 Q1,9212,2022-12-21,v86
2015 Q2,27468,2022-12-21,v86
2015 Q3,22285,2022-12-21,v86
2015 SEP,11473,2022-12-21,v86
2016,66304,2022-12-21,v86
2016 DEC,5147,2022-12-21,v86
2016 JUN,4812,2022-12-21,v86
2016 Q2,23931,2022-12-21,v86
2016 Q4,19576,2022-12-21,v86
2017 DEC,4381,2022-12-21,v86
2017 JUL,97,2022-12-21,v86
2017 MAR,2463,2022-12-21,v86
2017 NOV,6502,2022-12-21,v86
2017 Q1,-6985,2022-12-21,v86
2017 Q3,15465,2022-12-21,v86
2017 Q4,18786,2022-12-21,v86
2018,51240,2022-12-21,v86
2018 APR,10168,2022-12-21,v86
2018 AUG,7066,2022-12-21,v86
2018 DEC,5438,2022-12-21,v86
2018 FEB,2495,2022-12-21,v86
2018 JAN,-5927,2022-12-21,v86
2018 JUL,-2435,2022-12-21,v86
2018 JUN,4134,2022-12-21,v86
2018 MAR,1922,2022-12-21,v86
2018 MAY,4520,2022-12-21,v86
2018 NOV,5794,2022-12-21,v86
2018 OCT,9182,2022-12-21,v86
2018 Q1,-1510,2022-12-21,v86
2018 Q2,18822,2022-12-21,v86
2018 Q3,13514,2022-12-21,v86
2018 Q4,20414,2022-12-21,v86
2018 SEP,8883,2022-12-21,v86
2019,52410,2022-12-21,v86
2019 APR,11161,2022-12-21,v86
2019 AUG,5333,2022-12-21,v86
2019 DEC,6299,2022-12-21,v86
2019 FEB,1877,2022-12-21,v86
2019 JAN,-10560,2022-12-21,v86
2019 JUL,-827,2022-12-21,v86
2019 JUN,7189,2022-12-21,v86
2019 MAR,200,2022-12-21,v86
2019 MAY,5101,2022-12-21,v86
2019 NOV,5834,2022-12-21,v86
2019 OCT,11773,2022-12-21,v86
2019 Q1,-8483,2022-12-21,v86
2019 Q2,23451,2022-12-21,v86
2019 Q3,13536,2022-12-21,v86
2019 Q4,23906,2022-12-21,v86
2019 SEP,9030,2022-12-21,v86
2020,271016,2022-12-21,v86
2020 APR,49111,2022-12-21,v86
2020 AUG,24076,2022-12-21,v86
2020 DEC,23872,2022-12-21,v86
2020 FEB,1677,2022-12-21,v86
2020 JAN,-8341,2022-12-21,v86
2020 JUL,21868,2022-12-21,v86
2020 JUN,32283,2022-12-21,v86
2020 MAR,7050,2022-12-21,v86
2020 MAY,51390,2022-12-21,v86
2020 NOV,21719,2022-12-21,v86
2020 OCT,18004,2022-12-21,v86
2020 Q1,386,2022-12-21,v86
2020 Q2,132784,2022-12-21,v86
2020 Q3,74251,2022-12-21,v86
2020 Q4,63595,2022-12-21,v86
2020 SEP,28307,2022-12-21,v86
2021,166149,2022-12-21,v86
2021 APR,23659,2022-12-21,v86
2021 AUG,14064,2022-12-21,v86
2021 DEC,11104,2022-12-21,v86
2021 FEB,15320,2022-12-21,v86
2021 JAN,908,2022-12-21,v86
2021 JUL,4772,2022-12-21,v86
2021 JUN,18439,2022-12-21,v86
2021 MAR,25894,2022-12-21,v86
2021 MAY,17440,2022-12-21,v86
2021 NOV,8115,2022-12-21,v86
2021 OCT,8919,2022-12-21,v86
2021 Q1,42122,2022-12-21,v86
2021 Q2,59538,2022-12-21,v86
2021 Q3,36351,2022-12-21,v86
2021 Q4,28138,2022-12-21,v86
2021 SEP,17515,2022-12-21,v86
2022 APR,14349,2022-12-21,v86
2022 AUG,8666,2022-12-21,v86
2022 FEB,7606,2022-12-21,v86
2022 JAN,-12041,2022-12-21,v86
2022 JUL,1193,2022-12-21,v86
2022 JUN,18568,2022-12-21,v86
2022 MAR,5771,2022-12-21,v86
2022 MAY,9439,2022-12-21,v86
2022 NOV,22017,2022-12-21,v86
2022 OCT,14194,2022-12-21,v86
2022 Q1,1336,2022-12-21,v86
2022 Q2,42356,2022-12-21,v86
2022 Q3,26785,2022-12-21,v86
2022 SEP,16926,2022-12-21,v86
2020,270973,2023-01-24,v87
2020 APR,49108,2023-01-24,v87
2020 AUG,24074,2023-01-24,v87
2020 DEC,23863,2023-01-24,v87
2020 JUL,21866,2023-01-24,v87
2020 JUN,32281,2023-01-24,v87
2020 MAY,51387,2023-01-24,v87
2020 NOV,21709,2023-01-24,v87
2020 OCT,17994,2023-01-24,v87
2020 Q2,132776,2023-01-24,v87
2020 Q3,74245,2023-01-24,v87
2020 Q4,63566,2023-01-24,v87
2020 SEP,28305,2023-01-24,v87
2021,165172,2023-01-24,v87
2021 APR,23651,2023-01-24,v87
2021 AUG,13999,2023-01-24,v87
2021 DEC,10676,2023-01-24,v87
2021 JUL,4711,2023-01-24,v87
2021 JUN,18380,2023-01-24,v87
2021 MAR,25905,2023-01-24,v87
2021 MAY,17406,2023-01-24,v87
2021 NOV,7985,2023-01-24,v87
2021 OCT,8804,2023-01-24,v87
2021 Q1,42133,2023-01-24,v87
2021 Q2,59437,2023-01-24,v87
2021 Q3,36137,2023-01-24,v87
2021 Q4,27465,2023-01-24,v87
2021 SEP,17427,2023-01-24,v87
2022,128491,2023-01-24,v87
2022 APR,14092,2023-01-24,v87
2022 AUG,8324,2023-01-24,v87
2022 DEC,27402,2023-01-24,v87
2022 FEB,7086,2023-01-24,v87
2022 JAN,-12497,2023-01-24,v87
2022 JUL,1004,2023-01-24,v87
2022 JUN,18527,2023-01-24,v87
2022 MAR,5770,2023-01-24,v87
2022 MAY,9235,2023-01-24,v87
2022 NOV,19640,2023-01-24,v87
2022 OCT,13416,2023-01-24,v87
2022 Q1,359,2023-01-24,v87
2022 Q2,41854,2023-01-24,v87
2022 Q3,25820,2023-01-24,v87
2022 Q4,60458,2023-01-24,v87
2022 SEP,16492,2023-01-24,v87
2020,270974,2023-02-21,v88
2020 AUG,24073,2023-02-21,v88
2020 DEC,23861,2023-02-21,v88
2020 JUL,21865,2023-02-21,v88
2020 JUN,32280,2023-02-21,v88
2020 NOV,21710,2023-02-21,v88
2020 OCT,17999,2023-02-21,v88
2020 Q2,132775,2023-02-21,v88
2020 Q3,74243,2023-02-21,v88
2020 Q4,63570,2023-02-21,v88
2021,164549,2023-02-21,v88
2021 APR,23592,2023-02-21,v88
2021 AUG,13954,2023-02-21,v88
2021 DEC,10613,2023-02-21,v88
2021 FEB,15305,2023-02-21,v88
2021 JAN,894,2023-02-21,v88
2021 JUL,4665,2023-02-21,v88
2021 JUN,18342,2023-02-21,v88
2021 MAR,25903,2023-02-21,v88
2021 MAY,17362,2023-02-21,v88
2021 NOV,7885,2023-02-21,v88
2021 OCT,8694,2023-02-21,v88
2021 Q1,42102,2023-02-21,v88
2021 Q2,59296,2023-02-21,v88
2021 Q3,35959,2023-02-21,v88
2021 Q4,27192,2023-02-21,v88
2021 SEP,17340,2023-02-21,v88
2022,122263,2023-02-21,v88
2022 APR,14170,2023-02-21,v88
2022 AUG,8529,2023-02-21,v88
2022 DEC,25644,2023-02-21,v88
2022 FEB,7070,2023-02-21,v88
2022 JAN,-12509,2023-02-21,v88
2022 JUL,1153,2023-02-21,v88
2022 JUN,18610,2023-02-21,v88
2022 MAR,5363,2023-02-21,v88
2022 MAY,9205,2023-02-21,v88
2022 NOV,16328,2023-02-21,v88
2022 OCT,11582,2023-02-21,v88
2022 Q1,-76,2023-02-21,v88
2022 Q2,41985,2023-02-21,v88
2022 Q3,26800,2023-02-21,v88
2022 Q4,53554,2023-02-21,v88
2022 SEP,17118,2023-02-21,v88
2023 JAN,-5421,2023-02-21,v88
2019 AUG,5317,2023-03-21,v89
2019 DEC,6278,2023-03-21,v89
2019 JUL,-793,2023-03-21,v89
2019 NOV,5836,2023-03-21,v89
2019 OCT,11792,2023-03-21,v89
2019 SEP,9012,2023-03-21,v89
2020,270958,2023-03-21,v89
2020 APR,49107,2023-03-21,v89
2020 AUG,24074,2023-03-21,v89
2020 DEC,23848,2023-03-21,v89
2020 JAN,-8330,2023-03-21,v89
2020 JUL,21866,2023-03-21,v89
2020 JUN,32282,2023-03-21,v89
2020 MAR,7039,2023-03-21,v89
2020 MAY,51383,2023-03-21,v89
2020 NOV,21734,2023-03-21,v89
2020 OCT,17992,2023-03-21,v89
2020 Q2,132772,2023-03-21,v89
2020 Q3,74226,2023-03-21,v89
2020 Q4,63574,2023-03-21,v89
2020 SEP,28286,2023-03-21,v89
2021,164322,2023-03-21,v89
2021 APR,23580,2023-03-21,v89
2021 AUG,13936,2023-03-21,v89
2021 DEC,10551,2023-03-21,v89
2021 FEB,15307,2023-03-21,v89
2021 JAN,871,2023-03-21,v89
2021 JUL,4644,2023-03-21,v89
2021 JUN,18314,2023-03-21,v89
2021 MAR,25873,2023-03-21,v89
2021 MAY,17361,2023-03-21,v89
2021 NOV,7855,2023-03-21,v89
2021 OCT,8719,2023-03-21,v89
2021 Q1,42051,2023-03-21,v89
2021 Q2,59255,2023-03-21,v89
2021 Q3,35891,2023-03-21,v89
2021 Q4,27125,2023-03-21,v89
2021 SEP,17311,2023-03-21,v89
2022,123667,2023-03-21,v89
2022 APR,14111,2023-03-21,v89
2022 AUG,8395,2023-03-21,v89
2022 DEC,27351,2023-03-21,v89
2022 FEB,7027,2023-03-21,v89
2022 JAN,-12519,2023-03-21,v89
2022 JUL,1430,2023-03-21,v89
2022 JUN,18533,2023-03-21,v89
2022 MAR,5320,2023-03-21,v89
2022 MAY,9227,2023-03-21,v89
2022 NOV,16462,2023-03-21,v89
2022 OCT,11665,2023-03-21,v89
2022 Q1,-172,2023-03-21,v89
2022 Q2,41871,2023-03-21,v89
2022 Q3,26490,2023-03-21,v89
2022 Q4,55478,2023-03-21,v89
2022 SEP,16665,2023-03-21,v89
2023 FEB,16680,2023-03-21,v89
2023 JAN,-8283,2023-03-21,v89
2019,52479,2023-04-24,v90
2019 APR,11160,2023-04-24,v90
2019 AUG,5337,2023-04-24,v90
2019 DEC,6283,2023-04-24,v90
2019 JUL,-773,2023-04-24,v90
2019 MAY,5100,2023-04-24,v90
2019 NOV,5838,2023-04-24,v90
2019 OCT,11795,2023-04-24,v90
2019 Q2,23449,2023-04-24,v90
2019 Q3,13597,2023-04-24,v90
2019 Q4,23916,2023-04-24,v90
2019 SEP,9033,2023-04-24,v90
2020,271220,2023-04-24,v90
2020 APR,49106,2023-04-24,v90
2020 DEC,23949,2023-04-24,v90
2020 FEB,1712,2023-04-24,v90
2020 JAN,-8295,2023-04-24,v90
2020 JUL,21865,2023-04-24,v90
2020 MAR,7074,2023-04-24,v90
2020 MAY,51382,2023-04-24,v90
2020 NOV,21771,2023-04-24,v90
2020 OCT,18014,2023-04-24,v90
2020 Q1,491,2023-04-24,v90
2020 Q2,132770,2023-04-24,v90
2020 Q3,74225,2023-04-24,v90
2020 Q4,63734,2023-04-24,v90
2021,163775,2023-04-24,v90
2021 APR,23528,2023-04-24,v90
2021 AUG,13873,2023-04-24,v90
2021 DEC,10433,2023-04-24,v90
2021 FEB,15360,2023-04-24,v90
2021 JAN,962,2023-04-24,v90
2021 JUL,4583,2023-04-24,v90
2021 JUN,18257,2023-04-24,v90
2021 MAR,25891,2023-04-24,v90
2021 MAY,17329,2023-04-24,v90
2021 NOV,7748,2023-04-24,v90
2021 OCT,8614,2023-04-24,v90
2021 Q1,42213,2023-04-24,v90
2021 Q2,59114,2023-04-24,v90
2021 Q3,35653,2023-04-24,v90
2021 Q4,26795,2023-04-24,v90
2021 SEP,17197,2023-04-24,v90
2022,110811,2023-04-24,v90
2022 APR,13725,2023-04-24,v90
2022 AUG,8507,2023-04-24,v90
2022 DEC,16909,2023-04-24,v90
2022 FEB,6926,2023-04-24,v90
2022 JAN,-12610,2023-04-24,v90
2022 JUL,1273,2023-04-24,v90
2022 MAR,5213,2023-04-24,v90
2022 MAY,9163,2023-04-24,v90
2022 NOV,15982,2023-04-24,v90
2022 OCT,11168,2023-04-24,v90
2022 Q1,-471,2023-04-24,v90
2022 Q2,41421,2023-04-24,v90
2022 Q3,25802,2023-04-24,v90
2022 Q4,44059,2023-04-24,v90
2022 SEP,16022,2023-04-24,v90
2023 FEB,13322,2023-04-24,v90
2023 JAN,-6921,2023-04-24,v90
2023 MAR,21530,2023-04-24,v90
2023 Q1,27931,2023-04-24,v90
2020,271223,2023-05-22,v91
2020 DEC,23950,2023-05-22,v91
2020 JUL,21866,2023-05-22,v91
2020 NOV,21772,2023-05-22,v91
2020 Q3,74226,2023-05-22,v91
2020 Q4,63736,2023-05-22,v91
2021,163692,2023-05-22,v91
2021 APR,23529,2023-05-22,v91
2021 AUG,13850,2023-05-22,v91
2021 DEC,10434,2023-05-22,v91
2021 FEB,15361,2023-05-22,v91
2021 JAN,963,2023-05-22,v91
2021 JUL,4560,2023-05-22,v91
2021 JUN,18258,2023-05-22,v91
2021 MAR,25892,2023-05-22,v91
2021 MAY,17330,2023-05-22,v91
2021 NOV,7741,2023-05-22,v91
2021 OCT,8600,2023-05-22,v91
2021 Q1,42216,2023-05-22,v91
2021 Q2,59117,2023-05-22,v91
2021 Q3,35584,2023-05-22,v91
2021 Q4,26775,2023-05-22,v91
2021 SEP,17174,2023-05-22,v91
2022,110469,2023-05-22,v91
2022 APR,13699,2023-05-22,v91
2022 AUG,8494,2023-05-22,v91
2022 DEC,16749,2023-05-22,v91
2022 FEB,6921,2023-05-22,v91
2022 JAN,-12609,2023-05-22,v91
2022 JUL,1238,2023-05-22,v91
2022 JUN,18800,2023-05-22,v91
2022 MAR,5203,2023-05-22,v91
2022 MAY,9192,2023-05-22,v91
2022 NOV,15611,2023-05-22,v91
2022 OCT,10886,2023-05-22,v91
2022 Q1,-485,2023-05-22,v91
2022 Q2,41691,2023-05-22,v91
2022 Q3,26017,2023-05-22,v91
2022 Q4,43246,2023-05-22,v91
2022 SEP,16285,2023-05-22,v91
2023 APR,25560,2023-05-22,v91
2023 FEB,12632,2023-05-22,v91
2023 JAN,-7337,2023-05-22,v91
2023 MAR,20843,2023-05-22,v91
2023 Q1,26138,2023-05-22,v91
1997,19273,2023-06-20,v92
1997 APR,2861,2023-06-20,v92
1997 AUG,2963,2023-06-20,v92
1997 DEC,948,2023-06-20,v92
1997 JUL,752,2023-06-20,v92
1997 JUN,4974,2023-06-20,v92
1997 MAY,3046,2023-06-20,v92
1997 NOV,-1764,2023-06-20,v92
1997 OCT,-1446,2023-06-20,v92
1997 Q2,10881,2023-06-20,v92
1997 Q3,6033,2023-06-20,v92
1997 Q4,-2262,2023-06-20,v92
1997 SEP,2318,2023-06-20,v92
1998,3582,2023-06-20,v92
1998 APR,1914,2023-06-20,v92
1998 AUG,2081,2023-06-20,v92
1998 DEC,946,2023-06-20,v92
1998 FEB,402,2023-06-20,v92
1998 JAN,-7136,2023-06-20,v92
1998 JUL,-2624,2023-06-20,v92
1998 JUN,3357,2023-06-20,v92
1998 MAR,2584,2023-06-20,v92
1998 MAY,3859,2023-06-20,v92
1998 NOV,2998,2023-06-20,v92
1998 OCT,-6396,2023-06-20,v92
1998 Q1,-4150,2023-06-20,v92
1998 Q2,9130,2023-06-20,v92
1998 Q3,1054,2023-06-20,v92
1998 Q4,-2452,2023-06-20,v92
1998 SEP,1597,2023-06-20,v92
1999,-7896,2023-06-20,v92
1999 APR,378,2023-06-20,v92
1999 AUG,1486,2023-06-20,v92
1999 DEC,1414,2023-06-20,v92
1999 FEB,-2046,2023-06-20,v92
1999 JAN,-6732,2023-06-20,v92
1999 JUL,-3428,2023-06-20,v92
1999 JUN,2369,2023-06-20,v92
1999 MAR,871,2023-06-20,v92
1999 MAY,3385,2023-06-20,v92
1999 NOV,1702,2023-06-20,v92
1999 OCT,-7329,2023-06-20,v92
1999 Q1,-7907,2023-06-20,v92
1999 Q2,6132,2023-06-20,v92
1999 Q3,-1908,2023-06-20,v92
1999 Q4,-4213,2023-06-20,v92
1999 SEP,34,2023-06-20,v92
2000,-15774,2023-06-20,v92
2000 APR,2975,2023-06-20,v92
2000 AUG,3409,2023-06-20,v92
2000 DEC,1559,2023-06-20,v92
2000 FEB,-949,2023-06-20,v92
2000 JAN,-9463,2023-06-20,v92
2000 JUL,-3761,2023-06-20,v92
2000 JUN,2728,2023-06-20,v92
2000 MAR,-1296,2023-06-20,v92
2000 MAY,-9236,2023-06-20,v92
2000 NOV,1274,2023-06-20,v92
2000 OCT,1022,2023-06-20,v92
2000 Q1,-11708,2023-06-20,v92
2000 Q2,-3533,2023-06-20,v92
2000 Q3,-4388,2023-06-20,v92
2000 Q4,3855,2023-06-20,v92
2000 SEP,-4036,2023-06-20,v92
2001,-2280,2023-06-20,v92
2001 APR,-344,2023-06-20,v92
2001 AUG,-921,2023-06-20,v92
2001 DEC,3204,2023-06-20,v92
2001 FEB,-3640,2023-06-20,v92
2001 JAN,-6735,2023-06-20,v92
2001 JUL,-1913,2023-06-20,v92
2001 JUN,-391,2023-06-20,v92
2001 MAR,-926,2023-06-20,v92
2001 MAY,1480,2023-06-20,v92
2001 NOV,3391,2023-06-20,v92
2001 OCT,3129,2023-06-20,v92
2001 Q1,-11301,2023-06-20,v92
2001 Q2,745,2023-06-20,v92
2001 Q3,-1448,2023-06-20,v92
2001 Q4,9724,2023-06-20,v92
2001 SEP,1386,2023-06-20,v92
2002,27275,2023-06-20,v92
2002 APR,2427,2023-06-20,v92
2002 AUG,2203,2023-06-20,v92
2002 DEC,5045,2023-06-20,v92
2002 FEB,-140,2023-06-20,v92
2002 JAN,-3311,2023-06-20,v92
2002 JUL,-643,2023-06-20,v92
2002 JUN,3407,2023-06-20,v92
2002 MAR,883,2023-06-20,v92
2002 MAY,3634,2023-06-20,v92
2002 NOV,5335,2023-06-20,v92
2002 OCT,3895,2023-06-20,v92
2002 Q1,-2568,2023-06-20,v92
2002 Q2,9468,2023-06-20,v92
2002 Q3,6100,2023-06-20,v92
2002 Q4,14275,2023-06-20,v92
2002 SEP,4540,2023-06-20,v92
2003,46767,2023-06-20,v92
2003 APR,3143,2023-06-20,v92
2003 AUG,4201,2023-06-20,v92
2003 DEC,5175,2023-06-20,v92
2003 FEB,3094,2023-06-20,v92
2003 JAN,804,2023-06-20,v92
2003 JUL,1548,2023-06-20,v92
2003 JUN,4361,2023-06-20,v92
2003 MAR,2537,2023-06-20,v92
2003 MAY,6156,2023-06-20,v92
2003 NOV,5493,2023-06-20,v92
2003 OCT,4327,2023-06-20,v92
2003 Q1,6435,2023-06-20,v92
2003 Q2,13660,2023-06-20,v92
2003 Q3,11677,2023-06-20,v92
2003 Q4,14995,2023-06-20,v92
2003 SEP,5928,2023-06-20,v92
2004,49193,2023-06-20,v92
2004 APR,7881,2023-06-20,v92
2004 AUG,4602,2023-06-20,v92
2004 DEC,5503,2023-06-20,v92
2004 FEB,983,2023-06-20,v92
2004 JAN,1021,2023-06-20,v92
2004 JUL,2512,2023-06-20,v92
2004 JUN,2160,2023-06-20,v92
2004 MAR,1220,2023-06-20,v92
2004 MAY,6115,2023-06-20,v92
2004 NOV,5965,2023-06-20,v92
2004 OCT,5218,2023-06-20,v92
2004 Q1,3224,2023-06-20,v92
2004 Q2,16156,2023-06-20,v92
2004 Q3,13127,2023-06-20,v92
2004 Q4,16686,2023-06-20,v92
2004 SEP,6013,2023-06-20,v92
2005,48698,2023-06-20,v92
2005 APR,8534,2023-06-20,v92
2005 AUG,4338,2023-06-20,v92
2005 DEC,5609,2023-06-20,v92
2005 FEB,3128,2023-06-20,v92
2005 JAN,14,2023-06-20,v92
2005 JUL,1109,2023-06-20,v92
2005 JUN,2422,2023-06-20,v92
2005 MAR,3259,2023-06-20,v92
2005 MAY,2306,2023-06-20,v92
2005 NOV,8027,2023-06-20,v92
2005 OCT,4664,2023-06-20,v92
2005 Q1,6401,2023-06-20,v92
2005 Q2,13262,2023-06-20,v92
2005 Q3,10735,2023-06-20,v92
2005 Q4,18300,2023-06-20,v92
2005 SEP,5288,2023-06-20,v92
2006,44579,2023-06-20,v92
2006 APR,4557,2023-06-20,v92
2006 AUG,3647,2023-06-20,v92
2006 DEC,4661,2023-06-20,v92
2006 FEB,3264,2023-06-20,v92
2006 JAN,-2254,2023-06-20,v92
2006 JUL,1105,2023-06-20,v92
2006 JUN,3807,2023-06-20,v92
2006 MAR,2494,2023-06-20,v92
2006 MAY,4968,2023-06-20,v92
2006 NOV,7199,2023-06-20,v92
2006 OCT,4158,2023-06-20,v92
2006 Q1,3504,2023-06-20,v92
2006 Q2,13332,2023-06-20,v92
2006 Q3,11725,2023-06-20,v92
2006 Q4,16018,2023-06-20,v92
2006 SEP,6973,2023-06-20,v92
2007,43364,2023-06-20,v92
2007 APR,3477,2023-06-20,v92
2007 AUG,5319,2023-06-20,v92
2007 DEC,5545,2023-06-20,v92
2007 FEB,660,2023-06-20,v92
2007 JAN,-4314,2023-06-20,v92
2007 JUL,754,2023-06-20,v92
2007 JUN,4095,2023-06-20,v92
2007 MAR,4443,2023-06-20,v92
2007 MAY,5054,2023-06-20,v92
2007 NOV,6455,2023-06-20,v92
2007 OCT,6271,2023-06-20,v92
2007 Q1,789,2023-06-20,v92
2007 Q2,12626,2023-06-20,v92
2007 Q3,11678,2023-06-20,v92
2007 Q4,18271,2023-06-20,v92
2007 SEP,5605,2023-06-20,v92
2008,90568,2023-06-20,v92
2008 APR,6694,2023-06-20,v92
2008 AUG,8836,2023-06-20,v92
2008 DEC,15628,2023-06-20,v92
2008 FEB,3503,2023-06-20,v92
2008 JAN,-5315,2023-06-20,v92
2008 JUL,3576,2023-06-20,v92
2008 JUN,6902,2023-06-20,v92
2008 MAR,6057,2023-06-20,v92
2008 MAY,7768,2023-06-20,v92
2008 NOV,12688,2023-06-20,v92
2008 OCT,10984,2023-06-20,v92
2008 Q1,4245,2023-06-20,v92
2008 Q2,21364,2023-06-20,v92
2008 Q3,25659,2023-06-20,v92
2008 Q4,39300,2023-06-20,v92
2008 SEP,13247,2023-06-20,v92
2009,161544,2023-06-20,v92
2009 APR,10904,2023-06-20,v92
2009 AUG,11977,2023-06-20,v92
2009 DEC,21331,2023-06-20,v92
2009 FEB,11329,2023-06-20,v92
2009 JAN,7121,2023-06-20,v92
2009 JUL,9266,2023-06-20,v92
2009 JUN,16469,2023-06-20,v92
2009 MAR,14262,2023-06-20,v92
2009 MAY,13571,2023-06-20,v92
2009 NOV,14231,2023-06-20,v92
2009 OCT,14711,2023-06-20,v92
2009 Q1,32712,2023-06-20,v92
2009 Q2,40944,2023-06-20,v92
2009 Q3,37615,2023-06-20,v92
2009 Q4,50273,2023-06-20,v92
2009 SEP,16372,2023-06-20,v92
2010,147790,2023-06-20,v92
2010 APR,9201,2023-06-20,v92
2010 AUG,11540,2023-06-20,v92
2010 DEC,17031,2023-06-20,v92
2010 FEB,9831,2023-06-20,v92
2010 JAN,7697,2023-06-20,v92
2010 JUL,9178,2023-06-20,v92
2010 JUN,12019,2023-06-20,v92
2010 MAR,13191,2023-06-20,v92
2010 MAY,13252,2023-06-20,v92
2010 NOV,14831,2023-06-20,v92
2010 OCT,14209,2023-06-20,v92
2010 Q1,30719,2023-06-20,v92
2010 Q2,34472,2023-06-20,v92
2010 Q3,36528,2023-06-20,v92
2010 Q4,46071,2023-06-20,v92
2010 SEP,15810,2023-06-20,v92
2011,121479,2023-06-20,v92
2011 APR,11855,2023-06-20,v92
2011 AUG,9479,2023-06-20,v92
2011 DEC,13775,2023-06-20,v92
2011 FEB,9723,2023-06-20,v92
2011 JAN,1294,2023-06-20,v92
2011 JUL,4609,2023-06-20,v92
2011 JUN,9835,2023-06-20,v92
2011 MAR,13339,2023-06-20,v92
2011 MAY,9642,2023-06-20,v92
2011 NOV,11223,2023-06-20,v92
2011 OCT,12810,2023-06-20,v92
2011 Q1,24356,2023-06-20,v92
2011 Q2,31332,2023-06-20,v92
2011 Q3,27983,2023-06-20,v92
2011 Q4,37808,2023-06-20,v92
2011 SEP,13895,2023-06-20,v92
2012,130261,2023-06-20,v92
2012 APR,21562,2023-06-20,v92
2012 AUG,9954,2023-06-20,v92
2012 DEC,13878,2023-06-20,v92
2012 FEB,10348,2023-06-20,v92
2012 JAN,709,2023-06-20,v92
2012 JUL,2278,2023-06-20,v92
2012 JUN,8903,2023-06-20,v92
2012 MAR,12757,2023-06-20,v92
2012 MAY,12881,2023-06-20,v92
2012 NOV,12067,2023-06-20,v92
2012 OCT,11978,2023-06-20,v92
2012 Q1,23814,2023-06-20,v92
2012 Q2,43346,2023-06-20,v92
2012 Q3,25178,2023-06-20,v92
2012 Q4,37923,2023-06-20,v92
2012 SEP,12946,2023-06-20,v92
2013,104180,2023-06-20,v92
2013 APR,11429,2023-06-20,v92
2013 AUG,8623,2023-06-20,v92
2013 DEC,10885,2023-06-20,v92
2013 FEB,7805,2023-06-20,v92
2013 JAN,-89,2023-06-20,v92
2013 JUL,3627,2023-06-20,v92
2013 JUN,8349,2023-06-20,v92
2013 MAR,9398,2023-06-20,v92
2013 MAY,9243,2023-06-20,v92
2013 NOV,11488,2023-06-20,v92
2013 OCT,11364,2023-06-20,v92
2013 Q1,17114,2023-06-20,v92
2013 Q2,29021,2023-06-20,v92
2013 Q3,24308,2023-06-20,v92
2013 Q4,33737,2023-06-20,v92
2013 SEP,12058,2023-06-20,v92
2014,104169,2023-06-20,v92
2014 APR,12608,2023-06-20,v92
2014 AUG,8609,2023-06-20,v92
2014 DEC,12189,2023-06-20,v92
2014 FEB,9533,2023-06-20,v92
2014 JAN,271,2023-06-20,v92
2014 JUL,3338,2023-06-20,v92
2014 JUN,7916,2023-06-20,v92
2014 MAR,6281,2023-06-20,v92
2014 MAY,10144,2023-06-20,v92
2014 NOV,9009,2023-06-20,v92
2014 OCT,11243,2023-06-20,v92
2014 Q1,16085,2023-06-20,v92
2014 Q2,30668,2023-06-20,v92
2014 Q3,24975,2023-06-20,v92
2014 Q4,32441,2023-06-20,v92
2014 SEP,13028,2023-06-20,v92
2015,87020,2023-06-20,v92
2015 APR,12114,2023-06-20,v92
2015 AUG,8874,2023-06-20,v92
2015 DEC,7497,2023-06-20,v92
2015 FEB,6488,2023-06-20,v92
2015 JAN,-3038,2023-06-20,v92
2015 JUL,2088,2023-06-20,v92
2015 JUN,7946,2023-06-20,v92
2015 MAR,5900,2023-06-20,v92
2015 MAY,7631,2023-06-20,v92
2015 NOV,9421,2023-06-20,v92
2015 OCT,10553,2023-06-20,v92
2015 Q1,9350,2023-06-20,v92
2015 Q2,27691,2023-06-20,v92
2015 Q3,22508,2023-06-20,v92
2015 Q4,27471,2023-06-20,v92
2015 SEP,11546,2023-06-20,v92
2016,67218,2023-06-20,v92
2016 APR,12117,2023-06-20,v92
2016 AUG,7228,2023-06-20,v92
2016 DEC,5225,2023-06-20,v92
2016 FEB,5864,2023-06-20,v92
2016 JAN,-6087,2023-06-20,v92
2016 JUL,576,2023-06-20,v92
2016 JUN,4890,2023-06-20,v92
2016 MAR,4962,2023-06-20,v92
2016 MAY,7154,2023-06-20,v92
2016 NOV,6849,2023-06-20,v92
2016 OCT,7732,2023-06-20,v92
2016 Q1,4739,2023-06-20,v92
2016 Q2,24161,2023-06-20,v92
2016 Q3,18512,2023-06-20,v92
2016 Q4,19806,2023-06-20,v92
2016 SEP,10708,2023-06-20,v92
2017,54384,2023-06-20,v92
2017 APR,12662,2023-06-20,v92
2017 AUG,5439,2023-06-20,v92
2017 DEC,4460,2023-06-20,v92
2017 FEB,-375,2023-06-20,v92
2017 JAN,-8923,2023-06-20,v92
2017 JUL,177,2023-06-20,v92
2017 JUN,6638,2023-06-20,v92
2017 MAR,2539,2023-06-20,v92
2017 MAY,7114,2023-06-20,v92
2017 NOV,6582,2023-06-20,v92
2017 OCT,7983,2023-06-20,v92
2017 Q1,-6759,2023-06-20,v92
2017 Q2,26414,2023-06-20,v92
2017 Q3,15704,2023-06-20,v92
2017 Q4,19025,2023-06-20,v92
2017 SEP,10088,2023-06-20,v92
2018,51963,2023-06-20,v92
2018 APR,10222,2023-06-20,v92
2018 AUG,7120,2023-06-20,v92
2018 DEC,5493,2023-06-20,v92
2018 FEB,2575,2023-06-20,v92
2018 JAN,-5847,2023-06-20,v92
2018 JUL,-2381,2023-06-20,v92
2018 JUN,4187,2023-06-20,v92
2018 MAR,2002,2023-06-20,v92
2018 MAY,4574,2023-06-20,v92
2018 NOV,5847,2023-06-20,v92
2018 OCT,9235,2023-06-20,v92
2018 Q1,-1270,2023-06-20,v92
2018 Q2,18983,2023-06-20,v92
2018 Q3,13675,2023-06-20,v92
2018 Q4,20575,2023-06-20,v92
2018 SEP,8936,2023-06-20,v92
2019,53095,2023-06-20,v92
2019 APR,11219,2023-06-20,v92
2019 AUG,5375,2023-06-20,v92
2019 DEC,6337,2023-06-20,v92
2019 FEB,1932,2023-06-20,v92
2019 JAN,-10505,2023-06-20,v92
2019 JUL,-735,2023-06-20,v92
2019 JUN,7247,2023-06-20,v92
2019 MAR,253,2023-06-20,v92
2019 MAY,5159,2023-06-20,v92
2019 NOV,5893,2023-06-20,v92
2019 OCT,11850,2023-06-20,v92
2019 Q1,-8320,2023-06-20,v92
2019 Q2,23625,2023-06-20,v92
2019 Q3,13710,2023-06-20,v92
2019 Q4,24080,2023-06-20,v92
2019 SEP,9070,2023-06-20,v92
2020,271517,2023-06-20,v92
2020 APR,49129,2023-06-20,v92
2020 AUG,24094,2023-06-20,v92
2020 DEC,23979,2023-06-20,v92
2020 FEB,1738,2023-06-20,v92
2020 JAN,-8269,2023-06-20,v92
2020 JUL,21886,2023-06-20,v92
2020 JUN,32305,2023-06-20,v92
2020 MAR,7099,2023-06-20,v92
2020 MAY,51405,2023-06-20,v92
2020 NOV,21800,2023-06-20,v92
2020 OCT,18042,2023-06-20,v92
2020 Q1,568,2023-06-20,v92
2020 Q2,132839,2023-06-20,v92
2020 Q3,74289,2023-06-20,v92
2020 Q4,63821,2023-06-20,v92
2020 SEP,28309,2023-06-20,v92
2021,164778,2023-06-20,v92
2021 APR,23650,2023-06-20,v92
2021 AUG,13959,2023-06-20,v92
2021 DEC,10553,2023-06-20,v92
2021 FEB,15382,2023-06-20,v92
2021 JAN,984,2023-06-20,v92
2021 JUL,4681,2023-06-20,v92
2021 JUN,18380,2023-06-20,v92
2021 MAR,25912,2023-06-20,v92
2021 MAY,17451,2023-06-20,v92
2021 NOV,7833,2023-06-20,v92
2021 OCT,8713,2023-06-20,v92
2021 Q1,42278,2023-06-20,v92
2021 Q2,59481,2023-06-20,v92
2021 Q3,35920,2023-06-20,v92
2021 Q4,27099,2023-06-20,v92
2021 SEP,17280,2023-06-20,v92
2022,110984,2023-06-20,v92
2022 APR,13918,2023-06-20,v92
2022 AUG,8313,2023-06-20,v92
2022 DEC,16823,2023-06-20,v92
2022 FEB,6984,2023-06-20,v92
2022 JAN,-12554,2023-06-20,v92
2022 JUL,1120,2023-06-20,v92
2022 JUN,18890,2023-06-20,v92
2022 MAR,5400,2023-06-20,v92
2022 MAY,9368,2023-06-20,v92
2022 NOV,15588,2023-06-20,v92
2022 OCT,11058,2023-06-20,v92
2022 Q1,-170,2023-06-20,v92
2022 Q2,42176,2023-06-20,v92
2022 Q3,25509,2023-06-20,v92
2022 Q4,43469,2023-06-20,v92
2022 SEP,16076,2023-06-20,v92
2023 APR,22818,2023-06-20,v92
2023 FEB,12577,2023-06-20,v92
2023 JAN,-7154,2023-06-20,v92
2023 MAR,17555,2023-06-20,v92
2023 MAY,20045,2023-06-20,v92
2023 Q1,22978,2023-06-20,v92
2021,164677,2023-07-20,v93
2021 APR,23649,2023-07-20,v93
2021 DEC,10527,2023-07-20,v93
2021 MAY,17450,2023-07-20,v93
2021 NOV,7808,2023-07-20,v93
2021 OCT,8689,2023-07-20,v93
2021 Q2,59479,2023-07-20,v93
2021 Q3,35896,2023-07-20,v93
2021 Q4,27024,2023-07-20,v93
2021 SEP,17256,2023-07-20,v93
2022,110615,2023-07-20,v93
2022 APR,13892,2023-07-20,v93
2022 AUG,8330,2023-07-20,v93
2022 DEC,16537,2023-07-20,v93
2022 FEB,6960,2023-07-20,v93
2022 JAN,-12579,2023-07-20,v93
2022 JUL,1135,2023-07-20,v93
2022 JUN,18907,2023-07-20,v93
2022 MAR,5375,2023-07-20,v93
2022 MAY,9341,2023-07-20,v93
2022 NOV,15586,2023-07-20,v93
2022 Q1,-244,2023-07-20,v93
2022 Q2,42140,2023-07-20,v93
2022 Q3,25538,2023-07-20,v93
2022 Q4,43181,2023-07-20,v93
2022 SEP,16073,2023-07-20,v93
2023 APR,19295,2023-07-20,v93
2023 FEB,12031,2023-07-20,v93
2023 JAN,-7700,2023-07-20,v93
2023 JUN,18487,2023-07-20,v93
2023 MAR,16876,2023-07-20,v93
2023 MAY,16602,2023-07-20,v93
2023 Q1,21207,2023-07-20,v93
2023 Q2,54384,2023-07-20,v93
2021,163600,2023-08-21,v94
2021 APR,23541,2023-08-21,v94
2021 AUG,13919,2023-08-21,v94
2021 DEC,10191,2023-08-21,v94
2021 JUL,4224,2023-08-21,v94
2021 JUN,18917,2023-08-21,v94
2021 MAY,17108,2023-08-21,v94
2021 NOV,7651,2023-08-21,v94
2021 OCT,8292,2023-08-21,v94
2021 Q2,59566,2023-08-21,v94
2021 Q3,35622,2023-08-21,v94
2021 Q4,26134,2023-08-21,v94
2021 SEP,17479,2023-08-21,v94
2022,109284,2023-08-21,v94
2022 APR,13872,2023-08-21,v94
2022 AUG,8120,2023-08-21,v94
2022 DEC,16292,2023-08-21,v94
2022 FEB,6816,2023-08-21,v94
2022 JAN,-12570,2023-08-21,v94
2022 JUL,891,2023-08-21,v94
2022 JUN,18875,2023-08-21,v94
2022 MAR,5636,2023-08-21,v94
2022 MAY,9324,2023-08-21,v94
2022 NOV,15388,2023-08-21,v94
2022 OCT,10731,2023-08-21,v94
2022 Q1,-118,2023-08-21,v94
2022 Q2,42071,2023-08-21,v94
2022 Q3,24920,2023-08-21,v94
2022 Q4,42411,2023-08-21,v94
2022 SEP,15909,2023-08-21,v94
2023 APR,18890,2023-08-21,v94
2023 FEB,11981,2023-08-21,v94
2023 JAN,-7400,2023-08-21,v94
2023 JUL,4301,2023-08-21,v94
2023 JUN,17933,2023-08-21,v94
2023 MAR,16601,2023-08-21,v94
2023 MAY,15496,2023-08-21,v94
2023 Q1,21182,2023-08-21,v94
2023 Q2,52319,2023-08-21,v94
1997,19184,2023-09-20,v95
1997 APR,2848,2023-09-20,v95
1997 AUG,2955,2023-09-20,v95
1997 DEC,939,2023-09-20,v95
1997 JUL,744,2023-09-20,v95
1997 JUN,4958,2023-09-20,v95
1997 MAY,3033,2023-09-20,v95
1997 NOV,-1772,2023-09-20,v95
1997 OCT,-1454,2023-09-20,v95
1997 Q2,10839,2023-09-20,v95
1997 Q3,6011,2023-09-20,v95
1997 Q4,-2287,2023-09-20,v95
1997 SEP,2312,2023-09-20,v95
1998,3554,2023-09-20,v95
1998 APR,1912,2023-09-20,v95
1998 AUG,2074,2023-09-20,v95
1998 DEC,942,2023-09-20,v95
1998 JUL,-2631,2023-09-20,v95
1998 JUN,3355,2023-09-20,v95
1998 MAR,2585,2023-09-20,v95
1998 MAY,3857,2023-09-20,v95
1998 NOV,2999,2023-09-20,v95
1998 OCT,-6395,2023-09-20,v95
1998 Q1,-4149,2023-09-20,v95
1998 Q2,9124,2023-09-20,v95
1998 Q3,1033,2023-09-20,v95
1998 Q4,-2454,2023-09-20,v95
1998 SEP,1590,2023-09-20,v95
1999,-8017,2023-09-20,v95
1999 APR,373,2023-09-20,v95
1999 AUG,1474,2023-09-20,v95
1999 DEC,1404,2023-09-20,v95
1999 FEB,-2061,2023-09-20,v95
1999 JAN,-6747,2023-09-20,v95
1999 JUL,-3440,2023-09-20,v95
1999 JUN,2370,2023-09-20,v95
1999 MAR,867,2023-09-20,v95
1999 MAY,3380,2023-09-20,v95
1999 NOV,1685,2023-09-20,v95
1999 OCT,-7346,2023-09-20,v95
1999 Q1,-7941,2023-09-20,v95
1999 Q2,6123,2023-09-20,v95
1999 Q3,-1942,2023-09-20,v95
1999 Q4,-4257,2023-09-20,v95
1999 SEP,24,2023-09-20,v95
2000,-15896,2023-09-20,v95
2000 APR,2968,2023-09-20,v95
2000 AUG,3401,2023-09-20,v95
2000 DEC,1549,2023-09-20,v95
2000 FEB,-967,2023-09-20,v95
2000 JAN,-9481,2023-09-20,v95
2000 JUL,-3769,2023-09-20,v95
2000 JUN,2722,2023-09-20,v95
2000 MAR,-1307,2023-09-20,v95
2000 MAY,-9243,2023-09-20,v95
2000 NOV,1261,2023-09-20,v95
2000 OCT,1009,2023-09-20,v95
2000 Q1,-11755,2023-09-20,v95
2000 Q2,-3553,2023-09-20,v95
2000 Q3,-4407,2023-09-20,v95
2000 Q4,3819,2023-09-20,v95
2000 SEP,-4039,2023-09-20,v95
2001,-2220,2023-09-20,v95
2001 APR,-320,2023-09-20,v95
2001 AUG,-913,2023-09-20,v95
2001 DEC,3211,2023-09-20,v95
2001 FEB,-3661,2023-09-20,v95
2001 JAN,-6756,2023-09-20,v95
2001 JUL,-1905,2023-09-20,v95
2001 JUN,-372,2023-09-20,v95
2001 MAR,-948,2023-09-20,v95
2001 MAY,1504,2023-09-20,v95
2001 NOV,3402,2023-09-20,v95
2001 OCT,3140,2023-09-20,v95
2001 Q1,-11365,2023-09-20,v95
2001 Q2,812,2023-09-20,v95
2001 Q3,-1420,2023-09-20,v95
2001 Q4,9753,2023-09-20,v95
2001 SEP,1398,2023-09-20,v95
2002,27293,2023-09-20,v95
2002 APR,2445,2023-09-20,v95
2002 AUG,2214,2023-09-20,v95
2002 DEC,5023,2023-09-20,v95
2002 FEB,-135,2023-09-20,v95
2002 JAN,-3306,2023-09-20,v95
2002 JUL,-632,2023-09-20,v95
2002 JUN,3415,2023-09-20,v95
2002 MAR,886,2023-09-20,v95
2002 MAY,3652,2023-09-20,v95
2002 NOV,5313,2023-09-20,v95
2002 OCT,3873,2023-09-20,v95
2002 Q1,-2555,2023-09-20,v95
2002 Q2,9512,2023-09-20,v95
2002 Q3,6127,2023-09-20,v95
2002 Q4,14209,2023-09-20,v95
2002 SEP,4545,2023-09-20,v95
2003,46605,2023-09-20,v95
2003 APR,3148,2023-09-20,v95
2003 AUG,4190,2023-09-20,v95
2003 DEC,5160,2023-09-20,v95
2003 FEB,3062,2023-09-20,v95
2003 JAN,772,2023-09-20,v95
2003 JUL,1537,2023-09-20,v95
2003 JUN,4366,2023-09-20,v95
2003 MAR,2505,2023-09-20,v95
2003 MAY,6161,2023-09-20,v95
2003 NOV,5477,2023-09-20,v95
2003 OCT,4311,2023-09-20,v95
2003 Q1,6339,2023-09-20,v95
2003 Q2,13675,2023-09-20,v95
2003 Q3,11643,2023-09-20,v95
2003 Q4,14948,2023-09-20,v95
2003 SEP,5916,2023-09-20,v95
2004,48580,2023-09-20,v95
2004 APR,7831,2023-09-20,v95
2004 AUG,4538,2023-09-20,v95
2004 DEC,5445,2023-09-20,v95
2004 FEB,948,2023-09-20,v95
2004 JAN,986,2023-09-20,v95
2004 JUL,2448,2023-09-20,v95
2004 JUN,2104,2023-09-20,v95
2004 MAR,1190,2023-09-20,v95
2004 MAY,6065,2023-09-20,v95
2004 NOV,5911,2023-09-20,v95
2004 OCT,5164,2023-09-20,v95
2004 Q1,3124,2023-09-20,v95
2004 Q2,16000,2023-09-20,v95
2004 Q3,12936,2023-09-20,v95
2004 Q4,16520,2023-09-20,v95
2004 SEP,5950,2023-09-20,v95
2005,48055,2023-09-20,v95
2005 APR,8506,2023-09-20,v95
2005 AUG,4275,2023-09-20,v95
2005 DEC,5534,2023-09-20,v95
2005 FEB,3080,2023-09-20,v95
2005 JAN,-34,2023-09-20,v95
2005 JUL,1046,2023-09-20,v95
2005 JUN,2397,2023-09-20,v95
2005 MAR,3210,2023-09-20,v95
2005 MAY,2278,2023-09-20,v95
2005 NOV,7951,2023-09-20,v95
2005 OCT,4588,2023-09-20,v95
2005 Q1,6256,2023-09-20,v95
2005 Q2,13181,2023-09-20,v95
2005 Q3,10545,2023-09-20,v95
2005 Q4,18073,2023-09-20,v95
2005 SEP,5224,2023-09-20,v95
2006,43875,2023-09-20,v95
2006 APR,4528,2023-09-20,v95
2006 AUG,3595,2023-09-20,v95
2006 DEC,4604,2023-09-20,v95
2006 FEB,3170,2023-09-20,v95
2006 JAN,-2348,2023-09-20,v95
2006 JUL,1053,2023-09-20,v95
2006 JUN,3779,2023-09-20,v95
2006 MAR,2398,2023-09-20,v95
2006 MAY,4939,2023-09-20,v95
2006 NOV,7137,2023-09-20,v95
2006 OCT,4096,2023-09-20,v95
2006 Q1,3220,2023-09-20,v95
2006 Q2,13246,2023-09-20,v95
2006 Q3,11572,2023-09-20,v95
2006 Q4,15837,2023-09-20,v95
2006 SEP,6924,2023-09-20,v95
2007,42889,2023-09-20,v95
2007 APR,3462,2023-09-20,v95
2007 AUG,5285,2023-09-20,v95
2007 DEC,5506,2023-09-20,v95
2007 FEB,590,2023-09-20,v95
2007 JAN,-4384,2023-09-20,v95
2007 JUL,720,2023-09-20,v95
2007 JUN,4079,2023-09-20,v95
2007 MAR,4371,2023-09-20,v95
2007 MAY,5039,2023-09-20,v95
2007 NOV,6417,2023-09-20,v95
2007 OCT,6233,2023-09-20,v95
2007 Q1,577,2023-09-20,v95
2007 Q2,12580,2023-09-20,v95
2007 Q3,11576,2023-09-20,v95
2007 Q4,18156,2023-09-20,v95
2007 SEP,5571,2023-09-20,v95
2008,90224,2023-09-20,v95
2008 APR,6660,2023-09-20,v95
2008 AUG,8805,2023-09-20,v95
2008 DEC,15612,2023-09-20,v95
2008 FEB,3471,2023-09-20,v95
2008 JAN,-5347,2023-09-20,v95
2008 JUL,3545,2023-09-20,v95
2008 JUN,6873,2023-09-20,v95
2008 MAR,6015,2023-09-20,v95
2008 MAY,7734,2023-09-20,v95
2008 NOV,12669,2023-09-20,v95
2008 OCT,10965,2023-09-20,v95
2008 Q1,4139,2023-09-20,v95
2008 Q2,21267,2023-09-20,v95
2008 Q3,25572,2023-09-20,v95
2008 Q4,39246,2023-09-20,v95
2008 SEP,13222,2023-09-20,v95
2009,161328,2023-09-20,v95
2009 APR,10893,2023-09-20,v95
2009 AUG,11954,2023-09-20,v95
2009 DEC,21310,2023-09-20,v95
2009 FEB,11314,2023-09-20,v95
2009 JAN,7106,2023-09-20,v95
2009 JUL,9243,2023-09-20,v95
2009 JUN,16457,2023-09-20,v95
2009 MAR,14248,2023-09-20,v95
2009 MAY,13560,2023-09-20,v95
2009 NOV,14208,2023-09-20,v95
2009 OCT,14688,2023-09-20,v95
2009 Q1,32668,2023-09-20,v95
2009 Q2,40910,2023-09-20,v95
2009 Q3,37544,2023-09-20,v95
2009 Q4,50206,2023-09-20,v95
2009 SEP,16347,2023-09-20,v95
2010,147599,2023-09-20,v95
2010 APR,9187,2023-09-20,v95
2010 AUG,11516,2023-09-20,v95
2010 DEC,17017,2023-09-20,v95
2010 FEB,9820,2023-09-20,v95
2010 JAN,7686,2023-09-20,v95
2010 JUL,9154,2023-09-20,v95
2010 JUN,12009,2023-09-20,v95
2010 MAR,13176,2023-09-20,v95
2010 MAY,13238,2023-09-20,v95
2010 NOV,14813,2023-09-20,v95
2010 OCT,14191,2023-09-20,v95
2010 Q1,30682,2023-09-20,v95
2010 Q2,34434,2023-09-20,v95
2010 Q3,36462,2023-09-20,v95
2010 Q4,46021,2023-09-20,v95
2010 SEP,15792,2023-09-20,v95
2011,121350,2023-09-20,v95
2011 APR,11846,2023-09-20,v95
2011 AUG,9467,2023-09-20,v95
2011 DEC,13766,2023-09-20,v95
2011 FEB,9711,2023-09-20,v95
2011 JAN,1282,2023-09-20,v95
2011 JUL,4597,2023-09-20,v95
2011 JUN,9829,2023-09-20,v95
2011 MAR,13329,2023-09-20,v95
2011 MAY,9633,2023-09-20,v95
2011 NOV,11211,2023-09-20,v95
2011 OCT,12798,2023-09-20,v95
2011 Q1,24322,2023-09-20,v95
2011 Q2,31308,2023-09-20,v95
2011 Q3,27945,2023-09-20,v95
2011 Q4,37775,2023-09-20,v95
2011 SEP,13881,2023-09-20,v95
2012,130153,2023-09-20,v95
2012 APR,21552,2023-09-20,v95
2012 AUG,9940,2023-09-20,v95
2012 DEC,13872,2023-09-20,v95
2012 FEB,10340,2023-09-20,v95
2012 JAN,701,2023-09-20,v95
2012 JUL,2264,2023-09-20,v95
2012 JUN,8900,2023-09-20,v95
2012 MAR,12750,2023-09-20,v95
2012 MAY,12871,2023-09-20,v95
2012 NOV,12055,2023-09-20,v95
2012 OCT,11966,2023-09-20,v95
2012 Q1,23791,2023-09-20,v95
2012 Q2,43323,2023-09-20,v95
2012 Q3,25146,2023-09-20,v95
2012 Q4,37893,2023-09-20,v95
2012 SEP,12942,2023-09-20,v95
2013,104122,2023-09-20,v95
2013 APR,11420,2023-09-20,v95
2013 AUG,8610,2023-09-20,v95
2013 DEC,10894,2023-09-20,v95
2013 FEB,7798,2023-09-20,v95
2013 JAN,-96,2023-09-20,v95
2013 JUL,3614,2023-09-20,v95
2013 JUN,8347,2023-09-20,v95
2013 MAR,9391,2023-09-20,v95
2013 MAY,9234,2023-09-20,v95
2013 NOV,11491,2023-09-20,v95
2013 OCT,11367,2023-09-20,v95
2013 Q1,17093,2023-09-20,v95
2013 Q2,29001,2023-09-20,v95
2013 Q3,24276,2023-09-20,v95
2013 Q4,33752,2023-09-20,v95
2013 SEP,12052,2023-09-20,v95
2014,104454,2023-09-20,v95
2014 APR,12649,2023-09-20,v95
2014 AUG,8649,2023-09-20,v95
2014 DEC,12221,2023-09-20,v95
2014 FEB,9515,2023-09-20,v95
2014 JAN,253,2023-09-20,v95
2014 JUL,3378,2023-09-20,v95
2014 JUN,7957,2023-09-20,v95
2014 MAR,6261,2023-09-20,v95
2014 MAY,10185,2023-09-20,v95
2014 NOV,9044,2023-09-20,v95
2014 OCT,11278,2023-09-20,v95
2014 Q1,16029,2023-09-20,v95
2014 Q2,30791,2023-09-20,v95
2014 Q3,25091,2023-09-20,v95
2014 Q4,32543,2023-09-20,v95
2014 SEP,13064,2023-09-20,v95
2015,87007,2023-09-20,v95
2015 APR,12103,2023-09-20,v95
2015 AUG,8855,2023-09-20,v95
2015 DEC,7480,2023-09-20,v95
2015 FEB,6527,2023-09-20,v95
2015 JAN,-2999,2023-09-20,v95
2015 JUL,2068,2023-09-20,v95
2015 JUN,7937,2023-09-20,v95
2015 MAR,5949,2023-09-20,v95
2015 MAY,7620,2023-09-20,v95
2015 NOV,9402,2023-09-20,v95
2015 OCT,10535,2023-09-20,v95
2015 Q1,9477,2023-09-20,v95
2015 Q2,27660,2023-09-20,v95
2015 Q3,22453,2023-09-20,v95
2015 Q4,27417,2023-09-20,v95
2015 SEP,11530,2023-09-20,v95
2016,67341,2023-09-20,v95
2016 APR,12139,2023-09-20,v95
2016 AUG,7248,2023-09-20,v95
2016 DEC,5239,2023-09-20,v95
2016 FEB,5852,2023-09-20,v95
2016 JAN,-6100,2023-09-20,v95
2016 JUL,597,2023-09-20,v95
2016 JUN,4903,2023-09-20,v95
2016 MAR,4947,2023-09-20,v95
2016 MAY,7176,2023-09-20,v95
2016 NOV,6868,2023-09-20,v95
2016 OCT,7750,2023-09-20,v95
2016 Q1,4699,2023-09-20,v95
2016 Q2,24218,2023-09-20,v95
2016 Q3,18567,2023-09-20,v95
2016 Q4,19857,2023-09-20,v95
2016 SEP,10722,2023-09-20,v95
2017,54445,2023-09-20,v95
2017 APR,12664,2023-09-20,v95
2017 AUG,5437,2023-09-20,v95
2017 DEC,4459,2023-09-20,v95
2017 FEB,-354,2023-09-20,v95
2017 JAN,-8900,2023-09-20,v95
2017 JUL,175,2023-09-20,v95
2017 JUN,6636,2023-09-20,v95
2017 MAR,2564,2023-09-20,v95
2017 MAY,7116,2023-09-20,v95
2017 NOV,6581,2023-09-20,v95
2017 OCT,7982,2023-09-20,v95
2017 Q1,-6690,2023-09-20,v95
2017 Q2,26416,2023-09-20,v95
2017 Q3,15697,2023-09-20,v95
2017 Q4,19022,2023-09-20,v95
2017 SEP,10085,2023-09-20,v95
2018,51530,2023-09-20,v95
2018 APR,10182,2023-09-20,v95
2018 AUG,7076,2023-09-20,v95
2018 DEC,5441,2023-09-20,v95
2018 FEB,2561,2023-09-20,v95
2018 JAN,-5861,2023-09-20,v95
2018 JUL,-2424,2023-09-20,v95
2018 JUN,4146,2023-09-20,v95
2018 MAR,1993,2023-09-20,v95
2018 MAY,4534,2023-09-20,v95
2018 NOV,5801,2023-09-20,v95
2018 OCT,9189,2023-09-20,v95
2018 Q1,-1307,2023-09-20,v95
2018 Q2,18862,2023-09-20,v95
2018 Q3,13544,2023-09-20,v95
2018 Q4,20431,2023-09-20,v95
2018 SEP,8892,2023-09-20,v95
2019,52413,2023-09-20,v95
2019 APR,11145,2023-09-20,v95
2019 AUG,5314,2023-09-20,v95
2019 DEC,6310,2023-09-20,v95
2019 FEB,1869,2023-09-20,v95
2019 JAN,-10568,2023-09-20,v95
2019 JUL,-796,2023-09-20,v95
2019 JUN,7170,2023-09-20,v95
2019 MAR,193,2023-09-20,v95
2019 MAY,5085,2023-09-20,v95
2019 NOV,5861,2023-09-20,v95
2019 OCT,11817,2023-09-20,v95
2019 Q1,-8506,2023-09-20,v95
2019 Q2,23400,2023-09-20,v95
2019 Q3,13531,2023-09-20,v95
2019 Q4,23988,2023-09-20,v95
2019 SEP,9013,2023-09-20,v95
2020,270773,2023-09-20,v95
2020 APR,49058,2023-09-20,v95
2020 AUG,23996,2023-09-20,v95
2020 DEC,24064,2023-09-20,v95
2020 FEB,1644,2023-09-20,v95
2020 JAN,-8364,2023-09-20,v95
2020 JUL,21797,2023-09-20,v95
2020 JUN,32300,2023-09-20,v95
2020 MAR,7021,2023-09-20,v95
2020 MAY,51272,2023-09-20,v95
2020 NOV,21667,2023-09-20,v95
2020 OCT,17916,2023-09-20,v95
2020 Q1,301,2023-09-20,v95
2020 Q2,132630,2023-09-20,v95
2020 Q3,74195,2023-09-20,v95
2020 Q4,63647,2023-09-20,v95
2020 SEP,28402,2023-09-20,v95
2021,164417,2023-09-20,v95
2021 APR,23919,2023-09-20,v95
2021 AUG,14242,2023-09-20,v95
2021 DEC,10017,2023-09-20,v95
2021 FEB,15301,2023-09-20,v95
2021 JAN,884,2023-09-20,v95
2021 JUL,4562,2023-09-20,v95
2021 JUN,19201,2023-09-20,v95
2021 MAR,25240,2023-09-20,v95
2021 MAY,17540,2023-09-20,v95
2021 NOV,7636,2023-09-20,v95
2021 OCT,8286,2023-09-20,v95
2021 Q1,41425,2023-09-20,v95
2021 Q2,60660,2023-09-20,v95
2021 Q3,36393,2023-09-20,v95
2021 Q4,25939,2023-09-20,v95
2021 SEP,17589,2023-09-20,v95
2022,108156,2023-09-20,v95
2022 APR,13525,2023-09-20,v95
2022 AUG,8099,2023-09-20,v95
2022 DEC,16236,2023-09-20,v95
2022 FEB,6633,2023-09-20,v95
2022 JAN,-12750,2023-09-20,v95
2022 JUL,868,2023-09-20,v95
2022 JUN,18783,2023-09-20,v95
2022 MAR,6044,2023-09-20,v95
2022 MAY,9120,2023-09-20,v95
2022 NOV,15183,2023-09-20,v95
2022 OCT,10511,2023-09-20,v95
2022 Q1,-73,2023-09-20,v95
2022 Q2,41428,2023-09-20,v95
2022 Q3,24871,2023-09-20,v95
2022 Q4,41930,2023-09-20,v95
2022 SEP,15904,2023-09-20,v95
2023 APR,21483,2023-09-20,v95
2023 AUG,11577,2023-09-20,v95
2023 FEB,11750,2023-09-20,v95
2023 JAN,-7886,2023-09-20,v95
2023 JUL,-383,2023-09-20,v95
2023 JUN,19969,2023-09-20,v95
2023 MAR,16340,2023-09-20,v95
2023 MAY,17002,2023-09-20,v95
2023 Q1,20204,2023-09-20,v95
2023 Q2,58454,2023-09-20,v95
2021,164437,2023-10-19,v96
2021 DEC,10038,2023-10-19,v96
2021 Q3,36392,2023-10-19,v96
2021 Q4,25960,2023-10-19,v96
2021 SEP,17588,2023-10-19,v96
2022,108180,2023-10-19,v96
2022 APR,13548,2023-10-19,v96
2022 AUG,8098,2023-10-19,v96
2022 DEC,16197,2023-10-19,v96
2022 FEB,6655,2023-10-19,v96
2022 JAN,-12728,2023-10-19,v96
2022 JUL,869,2023-10-19,v96
2022 JUN,18765,2023-10-19,v96
2022 MAR,6069,2023-10-19,v96
2022 MAY,9144,2023-10-19,v96
2022 NOV,15167,2023-10-19,v96
2022 OCT,10494,2023-10-19,v96
2022 Q1,-4,2023-10-19,v96
2022 Q2,41457,2023-10-19,v96
2022 Q3,24869,2023-10-19,v96
2022 Q4,41858,2023-10-19,v96
2022 SEP,15902,2023-10-19,v96
2023 APR,19127,2023-10-19,v96
2023 AUG,11397,2023-10-19,v96
2023 FEB,11889,2023-10-19,v96
2023 JAN,-7738,2023-10-19,v96
2023 JUL,2823,2023-10-19,v96
2023 JUN,19087,2023-10-19,v96
2023 MAR,15931,2023-10-19,v96
2023 MAY,14880,2023-10-19,v96
2023 Q1,20082,2023-10-19,v96
2023 Q2,53094,2023-10-19,v96
2023 Q3,28567,2023-10-19,v96
2023 SEP,14347,2023-10-19,v96
2022,107542,2023-11-21,v97
2022 APR,13499,2023-11-21,v97
2022 AUG,8021,2023-11-21,v97
2022 DEC,16162,2023-11-21,v97
2022 FEB,6602,2023-11-21,v97
2022 JAN,-12781,2023-11-21,v97
2022 JUL,761,2023-11-21,v97
2022 JUN,18712,2023-11-21,v97
2022 MAR,6015,2023-11-21,v97
2022 MAY,9105,2023-11-21,v97
2022 NOV,15133,2023-11-21,v97
2022 OCT,10459,2023-11-21,v97
2022 Q1,-164,2023-11-21,v97
2022 Q2,41316,2023-11-21,v97
2022 Q3,24636,2023-11-21,v97
2022 Q4,41754,2023-11-21,v97
2022 SEP,15854,2023-11-21,v97
2023 APR,19442,2023-11-21,v97
2023 AUG,11093,2023-11-21,v97
2023 FEB,11909,2023-11-21,v97
2023 JAN,-7718,2023-11-21,v97
2023 JUL,2764,2023-11-21,v97
2023 JUN,19762,2023-11-21,v97
2023 MAR,15941,2023-11-21,v97
2023 MAY,15668,2023-11-21,v97
2023 OCT,14896,2023-11-21,v97
2023 Q1,20132,2023-11-21,v97
2023 Q2,54872,2023-11-21,v97
2023 Q3,28499,2023-11-21,v97
2023 SEP,14642,2023-11-21,v97
2018 DEC,5433,2023-12-21,v98
2018 NOV,5805,2023-12-21,v98
2018 OCT,9193,2023-12-21,v98
2019,52412,2023-12-21,v98
2019 AUG,5312,2023-12-21,v98
2019 DEC,6309,2023-12-21,v98
2019 JUL,-794,2023-12-21,v98
2019 Q4,23987,2023-12-21,v98
2020,270747,2023-12-21,v98
2020 AUG,23998,2023-12-21,v98
2020 DEC,24052,2023-12-21,v98
2020 FEB,1633,2023-12-21,v98
2020 JAN,-8360,2023-12-21,v98
2020 JUL,21796,2023-12-21,v98
2020 MAR,7027,2023-12-21,v98
2020 MAY,51271,2023-12-21,v98
2020 NOV,21659,2023-12-21,v98
2020 OCT,17913,2023-12-21,v98
2020 Q1,300,2023-12-21,v98
2020 Q2,132629,2023-12-21,v98
2020 Q3,74194,2023-12-21,v98
2020 Q4,63624,2023-12-21,v98
2020 SEP,28400,2023-12-21,v98
2021,164436,2023-12-21,v98
2021 AUG,14241,2023-12-21,v98
2021 DEC,10060,2023-12-21,v98
2021 FEB,15278,2023-12-21,v98
2021 JAN,869,2023-12-21,v98
2021 JUL,4560,2023-12-21,v98
2021 JUN,19198,2023-12-21,v98
2021 MAR,25238,2023-12-21,v98
2021 MAY,17538,2023-12-21,v98
2021 NOV,7651,2023-12-21,v98
2021 OCT,8294,2023-12-21,v98
2021 Q1,41385,2023-12-21,v98
2021 Q2,60655,2023-12-21,v98
2021 Q3,36391,2023-12-21,v98
2021 Q4,26005,2023-12-21,v98
2021 SEP,17590,2023-12-21,v98
2022,109515,2023-12-21,v98
2022 APR,13514,2023-12-21,v98
2022 AUG,8086,2023-12-21,v98
2022 DEC,16222,2023-12-21,v98
2022 FEB,7109,2023-12-21,v98
2022 JAN,-12286,2023-12-21,v98
2022 JUL,739,2023-12-21,v98
2022 JUN,18715,2023-12-21,v98
2022 MAR,6519,2023-12-21,v98
2022 MAY,9170,2023-12-21,v98
2022 NOV,15244,2023-12-21,v98
2022 OCT,10580,2023-12-21,v98
2022 Q1,1342,2023-12-21,v98
2022 Q2,41399,2023-12-21,v98
2022 Q3,24728,2023-12-21,v98
2022 Q4,42046,2023-12-21,v98
2022 SEP,15903,2023-12-21,v98
2023 APR,19838,2023-12-21,v98
2023 AUG,11866,2023-12-21,v98
2023 FEB,12273,2023-12-21,v98
2023 JAN,-7309,2023-12-21,v98
2023 JUL,2970,2023-12-21,v98
2023 JUN,19800,2023-12-21,v98
2023 MAR,17400,2023-12-21,v98
2023 MAY,15707,2023-12-21,v98
2023 NOV,14333,2023-12-21,v98
2023 OCT,16027,2023-12-21,v98
2023 Q1,22364,2023-12-21,v98
2023 Q2,55345,2023-12-21,v98
2023 Q3,30682,2023-12-21,v98
2023 SEP,15846,2023-12-21,v98
2021,164453,2024-01-23,v99
2021 APR,23921,2024-01-23,v99
2021 AUG,14243,2024-01-23,v99
2021 DEC,10062,2024-01-23,v99
2021 JUL,4562,2024-01-23,v99
2021 JUN,19200,2024-01-23,v99
2021 MAY,17540,2024-01-23,v99
2021 NOV,7653,2024-01-23,v99
2021 OCT,8296,2024-01-23,v99
2021 Q2,60661,2024-01-23,v99
2021 Q3,36396,2024-01-23,v99
2021 Q4,26011,2024-01-23,v99
2021 SEP,17591,2024-01-23,v99
2022,109441,2024-01-23,v99
2022 APR,13549,2024-01-23,v99
2022 AUG,8069,2024-01-23,v99
2022 DEC,16169,2024-01-23,v99
2022 FEB,7111,2024-01-23,v99
2022 JAN,-12284,2024-01-23,v99
2022 JUL,727,2024-01-23,v99
2022 JUN,18709,2024-01-23,v99
2022 MAR,6582,2024-01-23,v99
2022 MAY,9187,2024-01-23,v99
2022 NOV,15199,2024-01-23,v99
2022 OCT,10546,2024-01-23,v99
2022 Q1,1409,2024-01-23,v99
2022 Q2,41445,2024-01-23,v99
2022 Q3,24673,2024-01-23,v99
2022 Q4,41914,2024-01-23,v99
2022 SEP,15877,2024-01-23,v99
2023,141180,2024-01-23,v99
2023 APR,19129,2024-01-23,v99
2023 AUG,11053,2024-01-23,v99
2023 DEC,7770,2024-01-23,v99
2023 FEB,12179,2024-01-23,v99
2023 JAN,-7386,2024-01-23,v99
2023 JUL,2244,2024-01-23,v99
2023 JUN,18901,2024-01-23,v99
2023 MAR,17260,2024-01-23,v99
2023 MAY,15219,2024-01-23,v99
2023 NOV,13705,2024-01-23,v99
2023 OCT,15659,2024-01-23,v99
2023 Q1,22053,2024-01-23,v99
2023 Q2,53249,2024-01-23,v99
2023 Q3,28744,2024-01-23,v99
2023 Q4,37134,2024-01-23,v99
2023 SEP,15447,2024-01-23,v99
1997,19250,2024-02-21,v100
1997 APR,2855,2024-02-21,v100
1997 AUG,2962,2024-02-21,v100
1997 DEC,947,2024-02-21,v100
1997 JUL,751,2024-02-21,v100
1997 JUN,4966,2024-02-21,v100
1997 MAY,3040,2024-02-21,v100
1997 NOV,-1765,2024-02-21,v100
1997 OCT,-1447,2024-02-21,v100
1997 Q2,10861,2024-02-21,v100
1997 Q3,6033,2024-02-21,v100
1997 Q4,-2265,2024-02-21,v100
1997 SEP,2320,2024-02-21,v100
1998,3963,2024-02-21,v100
1998 APR,1955,2024-02-21,v100
1998 AUG,2117,2024-02-21,v100
1998 DEC,984,2024-02-21,v100
1998 FEB,410,2024-02-21,v100
1998 JAN,-7128,2024-02-21,v100
1998 JUL,-2588,2024-02-21,v100
1998 JUN,3397,2024-02-21,v100
1998 MAR,2594,2024-02-21,v100
1998 MAY,3900,2024-02-21,v100
1998 NOV,3042,2024-02-21,v100
1998 OCT,-6352,2024-02-21,v100
1998 Q1,-4124,2024-02-21,v100
1998 Q2,9252,2024-02-21,v100
1998 Q3,1161,2024-02-21,v100
1998 Q4,-2326,2024-02-21,v100
1998 SEP,1632,2024-02-21,v100
1999,-7295,2024-02-21,v100
1999 APR,439,2024-02-21,v100
1999 AUG,1540,2024-02-21,v100
1999 DEC,1470,2024-02-21,v100
1999 FEB,-2018,2024-02-21,v100
1999 JAN,-6704,2024-02-21,v100
1999 JUL,-3374,2024-02-21,v100
1999 JUN,2436,2024-02-21,v100
1999 MAR,909,2024-02-21,v100
1999 MAY,3446,2024-02-21,v100
1999 NOV,1751,2024-02-21,v100
1999 OCT,-7280,2024-02-21,v100
1999 Q1,-7813,2024-02-21,v100
1999 Q2,6321,2024-02-21,v100
1999 Q3,-1744,2024-02-21,v100
1999 Q4,-4059,2024-02-21,v100
1999 SEP,90,2024-02-21,v100
2000,-16107,2024-02-21,v100
2000 APR,2922,2024-02-21,v100
2000 AUG,3355,2024-02-21,v100
2000 DEC,1505,2024-02-21,v100
2000 FEB,-901,2024-02-21,v100
2000 JAN,-9415,2024-02-21,v100
2000 JUL,-3815,2024-02-21,v100
2000 JUN,2678,2024-02-21,v100
2000 MAR,-1242,2024-02-21,v100
2000 MAY,-9289,2024-02-21,v100
2000 NOV,1215,2024-02-21,v100
2000 OCT,963,2024-02-21,v100
2000 Q1,-11558,2024-02-21,v100
2000 Q2,-3689,2024-02-21,v100
2000 Q3,-4543,2024-02-21,v100
2000 Q4,3683,2024-02-21,v100
2000 SEP,-4083,2024-02-21,v100
2001,-2826,2024-02-21,v100
2001 APR,-372,2024-02-21,v100
2001 AUG,-965,2024-02-21,v100
2001 DEC,3158,2024-02-21,v100
2001 FEB,-3706,2024-02-21,v100
2001 JAN,-6801,2024-02-21,v100
2001 JUL,-1957,2024-02-21,v100
2001 JUN,-425,2024-02-21,v100
2001 MAR,-993,2024-02-21,v100
2001 MAY,1452,2024-02-21,v100
2001 NOV,3350,2024-02-21,v100
2001 OCT,3088,2024-02-21,v100
2001 Q1,-11500,2024-02-21,v100
2001 Q2,655,2024-02-21,v100
2001 Q3,-1577,2024-02-21,v100
2001 Q4,9596,2024-02-21,v100
2001 SEP,1345,2024-02-21,v100
2002,26680,2024-02-21,v100
2002 APR,2395,2024-02-21,v100
2002 AUG,2164,2024-02-21,v100
2002 DEC,4972,2024-02-21,v100
2002 FEB,-189,2024-02-21,v100
2002 JAN,-3360,2024-02-21,v100
2002 JUL,-682,2024-02-21,v100
2002 JUN,3364,2024-02-21,v100
2002 MAR,834,2024-02-21,v100
2002 MAY,3602,2024-02-21,v100
2002 NOV,5263,2024-02-21,v100
2002 OCT,3823,2024-02-21,v100
2002 Q1,-2715,2024-02-21,v100
2002 Q2,9361,2024-02-21,v100
2002 Q3,5976,2024-02-21,v100
2002 Q4,14058,2024-02-21,v100
2002 SEP,4494,2024-02-21,v100
2003,47099,2024-02-21,v100
2003 APR,3219,2024-02-21,v100
2003 AUG,4261,2024-02-21,v100
2003 DEC,5232,2024-02-21,v100
2003 FEB,3013,2024-02-21,v100
2003 JAN,723,2024-02-21,v100
2003 JUL,1608,2024-02-21,v100
2003 JUN,4438,2024-02-21,v100
2003 MAR,2455,2024-02-21,v100
2003 MAY,6232,2024-02-21,v100
2003 NOV,5548,2024-02-21,v100
2003 OCT,4382,2024-02-21,v100
2003 Q1,6191,2024-02-21,v100
2003 Q2,13889,2024-02-21,v100
2003 Q3,11857,2024-02-21,v100
2003 Q4,15162,2024-02-21,v100
2003 SEP,5988,2024-02-21,v100
2004,49362,2024-02-21,v100
2004 APR,7894,2024-02-21,v100
2004 AUG,4601,2024-02-21,v100
2004 DEC,5509,2024-02-21,v100
2004 FEB,1019,2024-02-21,v100
2004 JAN,1057,2024-02-21,v100
2004 JUL,2511,2024-02-21,v100
2004 JUN,2168,2024-02-21,v100
2004 MAR,1260,2024-02-21,v100
2004 MAY,6128,2024-02-21,v100
2004 NOV,5974,2024-02-21,v100
2004 OCT,5227,2024-02-21,v100
2004 Q1,3336,2024-02-21,v100
2004 Q2,16190,2024-02-21,v100
2004 Q3,13126,2024-02-21,v100
2004 Q4,16710,2024-02-21,v100
2004 SEP,6014,2024-02-21,v100
2005,49306,2024-02-21,v100
2005 APR,8624,2024-02-21,v100
2005 AUG,4393,2024-02-21,v100
2005 DEC,5652,2024-02-21,v100
2005 FEB,3143,2024-02-21,v100
2005 JAN,29,2024-02-21,v100
2005 JUL,1164,2024-02-21,v100
2005 JUN,2515,2024-02-21,v100
2005 MAR,3273,2024-02-21,v100
2005 MAY,2396,2024-02-21,v100
2005 NOV,8069,2024-02-21,v100
2005 OCT,4706,2024-02-21,v100
2005 Q1,6445,2024-02-21,v100
2005 Q2,13535,2024-02-21,v100
2005 Q3,10899,2024-02-21,v100
2005 Q4,18427,2024-02-21,v100
2005 SEP,5342,2024-02-21,v100
2006,44787,2024-02-21,v100
2006 APR,4590,2024-02-21,v100
2006 AUG,3657,2024-02-21,v100
2006 DEC,4666,2024-02-21,v100
2006 FEB,3288,2024-02-21,v100
2006 JAN,-2230,2024-02-21,v100
2006 JUL,1115,2024-02-21,v100
2006 JUN,3841,2024-02-21,v100
2006 MAR,2516,2024-02-21,v100
2006 MAY,5001,2024-02-21,v100
2006 NOV,7199,2024-02-21,v100
2006 OCT,4158,2024-02-21,v100
2006 Q1,3574,2024-02-21,v100
2006 Q2,13432,2024-02-21,v100
2006 Q3,11758,2024-02-21,v100
2006 Q4,16023,2024-02-21,v100
2006 SEP,6986,2024-02-21,v100
2007,42743,2024-02-21,v100
2007 APR,3426,2024-02-21,v100
2007 AUG,5249,2024-02-21,v100
2007 DEC,5468,2024-02-21,v100
2007 FEB,652,2024-02-21,v100
2007 JAN,-4322,2024-02-21,v100
2007 JUL,684,2024-02-21,v100
2007 JUN,4041,2024-02-21,v100
2007 MAR,4431,2024-02-21,v100
2007 MAY,5003,2024-02-21,v100
2007 NOV,6381,2024-02-21,v100
2007 OCT,6197,2024-02-21,v100
2007 Q1,761,2024-02-21,v100
2007 Q2,12470,2024-02-21,v100
2007 Q3,11466,2024-02-21,v100
2007 Q4,18046,2024-02-21,v100
2007 SEP,5533,2024-02-21,v100
2008,89386,2024-02-21,v100
2008 APR,6579,2024-02-21,v100
2008 AUG,8724,2024-02-21,v100
2008 DEC,15531,2024-02-21,v100
2008 FEB,3435,2024-02-21,v100
2008 JAN,-5383,2024-02-21,v100
2008 JUL,3464,2024-02-21,v100
2008 JUN,6792,2024-02-21,v100
2008 MAR,5978,2024-02-21,v100
2008 MAY,7653,2024-02-21,v100
2008 NOV,12588,2024-02-21,v100
2008 OCT,10884,2024-02-21,v100
2008 Q1,4030,2024-02-21,v100
2008 Q2,21024,2024-02-21,v100
2008 Q3,25329,2024-02-21,v100
2008 Q4,39003,2024-02-21,v100
2008 SEP,13141,2024-02-21,v100
2009,162262,2024-02-21,v100
2009 APR,11024,2024-02-21,v100
2009 AUG,12085,2024-02-21,v100
2009 DEC,21440,2024-02-21,v100
2009 FEB,11234,2024-02-21,v100
2009 JAN,7026,2024-02-21,v100
2009 JUL,9374,2024-02-21,v100
2009 JUN,16587,2024-02-21,v100
2009 MAR,14166,2024-02-21,v100
2009 MAY,13691,2024-02-21,v100
2009 NOV,14339,2024-02-21,v100
2009 OCT,14819,2024-02-21,v100
2009 Q1,32426,2024-02-21,v100
2009 Q2,41302,2024-02-21,v100
2009 Q3,37936,2024-02-21,v100
2009 Q4,50598,2024-02-21,v100
2009 SEP,16477,2024-02-21,v100
2010,148616,2024-02-21,v100
2010 APR,9257,2024-02-21,v100
2010 AUG,11586,2024-02-21,v100
2010 DEC,17086,2024-02-21,v100
2010 FEB,9950,2024-02-21,v100
2010 JAN,7816,2024-02-21,v100
2010 JUL,9224,2024-02-21,v100
2010 JUN,12078,2024-02-21,v100
2010 MAR,13306,2024-02-21,v100
2010 MAY,13308,2024-02-21,v100
2010 NOV,14883,2024-02-21,v100
2010 OCT,14261,2024-02-21,v100
2010 Q1,31072,2024-02-21,v100
2010 Q2,34643,2024-02-21,v100
2010 Q3,36671,2024-02-21,v100
2010 Q4,46230,2024-02-21,v100
2010 SEP,15861,2024-02-21,v100
2011,121904,2024-02-21,v100
2011 APR,11884,2024-02-21,v100
2011 AUG,9505,2024-02-21,v100
2011 DEC,13805,2024-02-21,v100
2011 FEB,9781,2024-02-21,v100
2011 JAN,1352,2024-02-21,v100
2011 JUL,4635,2024-02-21,v100
2011 JUN,9868,2024-02-21,v100
2011 MAR,13398,2024-02-21,v100
2011 MAY,9671,2024-02-21,v100
2011 NOV,11249,2024-02-21,v100
2011 OCT,12836,2024-02-21,v100
2011 Q1,24531,2024-02-21,v100
2011 Q2,31423,2024-02-21,v100
2011 Q3,28060,2024-02-21,v100
2011 Q4,37890,2024-02-21,v100
2011 SEP,13920,2024-02-21,v100
2012,131043,2024-02-21,v100
2012 APR,21638,2024-02-21,v100
2012 AUG,10026,2024-02-21,v100
2012 DEC,13959,2024-02-21,v100
2012 FEB,10377,2024-02-21,v100
2012 JAN,738,2024-02-21,v100
2012 JUL,2350,2024-02-21,v100
2012 JUN,8987,2024-02-21,v100
2012 MAR,12789,2024-02-21,v100
2012 MAY,12957,2024-02-21,v100
2012 NOV,12141,2024-02-21,v100
2012 OCT,12052,2024-02-21,v100
2012 Q1,23904,2024-02-21,v100
2012 Q2,43582,2024-02-21,v100
2012 Q3,25405,2024-02-21,v100
2012 Q4,38152,2024-02-21,v100
2012 SEP,13029,2024-02-21,v100
2013,105232,2024-02-21,v100
2013 APR,11514,2024-02-21,v100
2013 AUG,8704,2024-02-21,v100
2013 DEC,10989,2024-02-21,v100
2013 FEB,7885,2024-02-21,v100
2013 JAN,-9,2024-02-21,v100
2013 JUL,3708,2024-02-21,v100
2013 JUN,8442,2024-02-21,v100
2013 MAR,9478,2024-02-21,v100
2013 MAY,9328,2024-02-21,v100
2013 NOV,11585,2024-02-21,v100
2013 OCT,11461,2024-02-21,v100
2013 Q1,17354,2024-02-21,v100
2013 Q2,29284,2024-02-21,v100
2013 Q3,24559,2024-02-21,v100
2013 Q4,34035,2024-02-21,v100
2013 SEP,12147,2024-02-21,v100
2014,105642,2024-02-21,v100
2014 APR,12750,2024-02-21,v100
2014 AUG,8750,2024-02-21,v100
2014 DEC,12321,2024-02-21,v100
2014 FEB,9609,2024-02-21,v100
2014 JAN,347,2024-02-21,v100
2014 JUL,3479,2024-02-21,v100
2014 JUN,8057,2024-02-21,v100
2014 MAR,6355,2024-02-21,v100
2014 MAY,10286,2024-02-21,v100
2014 NOV,9145,2024-02-21,v100
2014 OCT,11379,2024-02-21,v100
2014 Q1,16311,2024-02-21,v100
2014 Q2,31093,2024-02-21,v100
2014 Q3,25393,2024-02-21,v100
2014 Q4,32845,2024-02-21,v100
2014 SEP,13164,2024-02-21,v100
2015,87322,2024-02-21,v100
2015 APR,12104,2024-02-21,v100
2015 AUG,8856,2024-02-21,v100
2015 DEC,7483,2024-02-21,v100
2015 FEB,6627,2024-02-21,v100
2015 JAN,-2899,2024-02-21,v100
2015 JUL,2069,2024-02-21,v100
2015 JUN,7940,2024-02-21,v100
2015 MAR,6049,2024-02-21,v100
2015 MAY,7621,2024-02-21,v100
2015 NOV,9403,2024-02-21,v100
2015 OCT,10536,2024-02-21,v100
2015 Q1,9777,2024-02-21,v100
2015 Q2,27665,2024-02-21,v100
2015 Q3,22458,2024-02-21,v100
2015 Q4,27422,2024-02-21,v100
2015 SEP,11533,2024-02-21,v100
2016,69042,2024-02-21,v100
2016 APR,12327,2024-02-21,v100
2016 AUG,7436,2024-02-21,v100
2016 DEC,5428,2024-02-21,v100
2016 FEB,5854,2024-02-21,v100
2016 JAN,-6098,2024-02-21,v100
2016 JUL,785,2024-02-21,v100
2016 JUN,5092,2024-02-21,v100
2016 MAR,4949,2024-02-21,v100
2016 MAY,7364,2024-02-21,v100
2016 NOV,7056,2024-02-21,v100
2016 OCT,7938,2024-02-21,v100
2016 Q1,4705,2024-02-21,v100
2016 Q2,24783,2024-02-21,v100
2016 Q3,19132,2024-02-21,v100
2016 Q4,20422,2024-02-21,v100
2016 SEP,10911,2024-02-21,v100
2017,55326,2024-02-21,v100
2017 APR,12699,2024-02-21,v100
2017 AUG,5472,2024-02-21,v100
2017 DEC,4495,2024-02-21,v100
2017 FEB,-166,2024-02-21,v100
2017 JAN,-8712,2024-02-21,v100
2017 JUL,210,2024-02-21,v100
2017 JUN,6672,2024-02-21,v100
2017 MAR,2751,2024-02-21,v100
2017 MAY,7151,2024-02-21,v100
2017 NOV,6616,2024-02-21,v100
2017 OCT,8017,2024-02-21,v100
2017 Q1,-6127,2024-02-21,v100
2017 Q2,26522,2024-02-21,v100
2017 Q3,15803,2024-02-21,v100
2017 Q4,19128,2024-02-21,v100
2017 SEP,10121,2024-02-21,v100
2018,52133,2024-02-21,v100
2018 APR,10237,2024-02-21,v100
2018 AUG,7131,2024-02-21,v100
2018 DEC,5488,2024-02-21,v100
2018 FEB,2597,2024-02-21,v100
2018 JAN,-5825,2024-02-21,v100
2018 JUL,-2369,2024-02-21,v100
2018 JUN,4201,2024-02-21,v100
2018 MAR,2029,2024-02-21,v100
2018 MAY,4589,2024-02-21,v100
2018 NOV,5860,2024-02-21,v100
2018 OCT,9248,2024-02-21,v100
2018 Q1,-1199,2024-02-21,v100
2018 Q2,19027,2024-02-21,v100
2018 Q3,13709,2024-02-21,v100
2018 Q4,20596,2024-02-21,v100
2018 SEP,8947,2024-02-21,v100
2019,52093,2024-02-21,v100
2019 APR,11092,2024-02-21,v100
2019 AUG,5259,2024-02-21,v100
2019 DEC,6254,2024-02-21,v100
2019 FEB,1923,2024-02-21,v100
2019 JAN,-10514,2024-02-21,v100
2019 JUL,-847,2024-02-21,v100
2019 JUN,7115,2024-02-21,v100
2019 MAR,249,2024-02-21,v100
2019 MAY,5032,2024-02-21,v100
2019 NOV,5808,2024-02-21,v100
2019 OCT,11764,2024-02-21,v100
2019 Q1,-8342,2024-02-21,v100
2019 Q2,23239,2024-02-21,v100
2019 Q3,13370,2024-02-21,v100
2019 Q4,23826,2024-02-21,v100
2019 SEP,8958,2024-02-21,v100
2020,272765,2024-02-21,v100
2020 APR,49300,2024-02-21,v100
2020 AUG,24240,2024-02-21,v100
2020 DEC,24294,2024-02-21,v100
2020 FEB,1579,2024-02-21,v100
2020 JAN,-8414,2024-02-21,v100
2020 JUL,22038,2024-02-21,v100
2020 JUN,32542,2024-02-21,v100
2020 MAR,6975,2024-02-21,v100
2020 MAY,51513,2024-02-21,v100
2020 NOV,21901,2024-02-21,v100
2020 OCT,18155,2024-02-21,v100
2020 Q1,140,2024-02-21,v100
2020 Q2,133355,2024-02-21,v100
2020 Q3,74920,2024-02-21,v100
2020 Q4,64350,2024-02-21,v100
2020 SEP,28642,2024-02-21,v100
2021,166526,2024-02-21,v100
2021 APR,24071,2024-02-21,v100
2021 AUG,14393,2024-02-21,v100
2021 DEC,10211,2024-02-21,v100
2021 FEB,15520,2024-02-21,v100
2021 JAN,1111,2024-02-21,v100
2021 JUL,4712,2024-02-21,v100
2021 JUN,19349,2024-02-21,v100
2021 MAR,25480,2024-02-21,v100
2021 MAY,17690,2024-02-21,v100
2021 NOV,7803,2024-02-21,v100
2021 OCT,8446,2024-02-21,v100
2021 Q1,42111,2024-02-21,v100
2021 Q2,61110,2024-02-21,v100
2021 Q3,36845,2024-02-21,v100
2021 Q4,26460,2024-02-21,v100
2021 SEP,17740,2024-02-21,v100
2022,109133,2024-02-21,v100
2022 APR,13539,2024-02-21,v100
2022 AUG,8060,2024-02-21,v100
2022 DEC,15881,2024-02-21,v100
2022 FEB,7261,2024-02-21,v100
2022 JAN,-12134,2024-02-21,v100
2022 JUL,717,2024-02-21,v100
2022 JUN,18699,2024-02-21,v100
2022 MAR,6733,2024-02-21,v100
2022 MAY,9177,2024-02-21,v100
2022 NOV,14986,2024-02-21,v100
2022 OCT,10450,2024-02-21,v100
2022 Q1,1860,2024-02-21,v100
2022 Q2,41415,2024-02-21,v100
2022 Q3,24541,2024-02-21,v100
2022 Q4,41317,2024-02-21,v100
2022 SEP,15764,2024-02-21,v100
2023,134704,2024-02-21,v100
2023 APR,18684,2024-02-21,v100
2023 AUG,10175,2024-02-21,v100
2023 DEC,7375,2024-02-21,v100
2023 FEB,12027,2024-02-21,v100
2023 JAN,-7541,2024-02-21,v100
2023 JUL,1351,2024-02-21,v100
2023 JUN,18019,2024-02-21,v100
2023 MAR,16923,2024-02-21,v100
2023 MAY,14710,2024-02-21,v100
2023 NOV,13219,2024-02-21,v100
2023 OCT,15131,2024-02-21,v100
2023 Q1,21409,2024-02-21,v100
2023 Q2,51413,2024-02-21,v100
2023 Q3,26157,2024-02-21,v100
2023 Q4,35725,2024-02-21,v100
2023 SEP,14631,2024-02-21,v100
2024 JAN,-16691,2024-02-21,v100
2018,52766,2024-03-21,v101
2018 FEB,2808,2024-03-21,v101
2018 JAN,-5614,2024-03-21,v101
2018 MAR,2240,2024-03-21,v101
2018 Q1,-566,2024-03-21,v101
2021,166407,2024-03-21,v101
2021 APR,24057,2024-03-21,v101
2021 AUG,14380,2024-03-21,v101
2021 DEC,10198,2024-03-21,v101
2021 JUL,4699,2024-03-21,v101
2021 JUN,19336,2024-03-21,v101
2021 MAY,17676,2024-03-21,v101
2021 NOV,7790,2024-03-21,v101
2021 OCT,8433,2024-03-21,v101
2021 Q2,61069,2024-03-21,v101
2021 Q3,36806,2024-03-21,v101
2021 Q4,26421,2024-03-21,v101
2021 SEP,17727,2024-03-21,v101
2022,109607,2024-03-21,v101
2022 APR,13571,2024-03-21,v101
2022 AUG,8139,2024-03-21,v101
2022 DEC,15757,2024-03-21,v101
2022 FEB,7416,2024-03-21,v101
2022 JAN,-11979,2024-03-21,v101
2022 JUL,799,2024-03-21,v101
2022 JUN,18757,2024-03-21,v101
2022 MAR,6880,2024-03-21,v101
2022 MAY,9240,2024-03-21,v101
2022 NOV,14861,2024-03-21,v101
2022 OCT,10325,2024-03-21,v101
2022 Q1,2317,2024-03-21,v101
2022 Q2,41568,2024-03-21,v101
2022 Q3,24779,2024-03-21,v101
2022 Q4,40943,2024-03-21,v101
2022 SEP,15841,2024-03-21,v101
2023,135238,2024-03-21,v101
2023 APR,18804,2024-03-21,v101
2023 AUG,10359,2024-03-21,v101
2023 DEC,7663,2024-03-21,v101
2023 FEB,11843,2024-03-21,v101
2023 JAN,-7726,2024-03-21,v101
2023 JUN,17918,2024-03-21,v101
2023 MAR,16609,2024-03-21,v101
2023 MAY,14580,2024-03-21,v101
2023 NOV,13430,2024-03-21,v101
2023 OCT,15600,2024-03-21,v101
2023 Q1,20726,2024-03-21,v101
2023 Q2,51302,2024-03-21,v101
2023 Q3,26517,2024-03-21,v101
2023 Q4,36693,2024-03-21,v101
2023 SEP,14807,2024-03-21,v101
2024 FEB,8401,2024-03-21,v101
2024 JAN,-16114,2024-03-21,v101
2022,109778,2024-04-22,v102
2022 APR,13569,2024-04-22,v102
2022 AUG,8163,2024-04-22,v102
2022 DEC,15781,2024-04-22,v102
2022 JUL,822,2024-04-22,v102
2022 JUN,18787,2024-04-22,v102
2022 MAY,9238,2024-04-22,v102
2022 NOV,14884,2024-04-22,v102
2022 OCT,10348,2024-04-22,v102
2022 Q2,41594,2024-04-22,v102
2022 Q3,24854,2024-04-22,v102
2022 Q4,41013,2024-04-22,v102
2022 SEP,15869,2024-04-22,v102
2023,135153,2024-04-22,v102
2023 APR,19104,2024-04-22,v102
2023 AUG,10361,2024-04-22,v102
2023 DEC,7589,2024-04-22,v102
2023 FEB,11867,2024-04-22,v102
2023 JAN,-7701,2024-04-22,v102
2023 JUL,1350,2024-04-22,v102
2023 JUN,17899,2024-04-22,v102
2023 MAR,16635,2024-04-22,v102
2023 MAY,14773,2024-04-22,v102
2023 NOV,13243,2024-04-22,v102
2023 OCT,15373,2024-04-22,v102
2023 Q1,20801,2024-04-22,v102
2023 Q2,51776,2024-04-22,v102
2023 Q3,26371,2024-04-22,v102
2023 Q4,36205,2024-04-22,v102
2023 SEP,14660,2024-04-22,v102
2024 FEB,9524,2024-04-22,v102
2024 JAN,-15161,2024-04-22,v102
2024 MAR,11939,2024-04-22,v102
2024 Q1,6302,2024-04-22,v102
2019,52094,2024-05-21,v103
2019 DEC,6255,2024-05-21,v103
2019 Q4,23827,2024-05-21,v103
2020,272794,2024-05-21,v103
2020 APR,49303,2024-05-21,v103
2020 AUG,24243,2024-05-21,v103
2020 DEC,24298,2024-05-21,v103
2020 FEB,1580,2024-05-21,v103
2020 JAN,-8413,2024-05-21,v103
2020 JUL,22041,2024-05-21,v103
2020 JUN,32546,2024-05-21,v103
2020 MAR,6972,2024-05-21,v103
2020 MAY,51516,2024-05-21,v103
2020 NOV,21904,2024-05-21,v103
2020 OCT,18158,2024-05-21,v103
2020 Q1,139,2024-05-21,v103
2020 Q2,133365,2024-05-21,v103
2020 Q3,74930,2024-05-21,v103
2020 Q4,64360,2024-05-21,v103
2020 SEP,28646,2024-05-21,v103
2021,166306,2024-05-21,v103
2021 APR,24063,2024-05-21,v103
2021 AUG,14364,2024-05-21,v103
2021 DEC,10257,2024-05-21,v103
2021 FEB,15523,2024-05-21,v103
2021 JAN,1114,2024-05-21,v103
2021 JUL,4682,2024-05-21,v103
2021 JUN,19373,2024-05-21,v103
2021 MAY,17654,2024-05-21,v103
2021 NOV,7779,2024-05-21,v103
2021 OCT,8420,2024-05-21,v103
2021 Q1,42117,2024-05-21,v103
2021 Q2,61090,2024-05-21,v103
2021 Q3,36643,2024-05-21,v103
2021 Q4,26456,2024-05-21,v103
2021 SEP,17597,2024-05-21,v103
2022,109017,2024-05-21,v103
2022 APR,13555,2024-05-21,v103
2022 AUG,8133,2024-05-21,v103
2022 DEC,15826,2024-05-21,v103
2022 JAN,-11986,2024-05-21,v103
2022 JUL,790,2024-05-21,v103
2022 JUN,18775,2024-05-21,v103
2022 MAR,6663,2024-05-21,v103
2022 MAY,8799,2024-05-21,v103
2022 NOV,14883,2024-05-21,v103
2022 OCT,10333,2024-05-21,v103
2022 Q1,2093,2024-05-21,v103
2022 Q2,41129,2024-05-21,v103
2022 Q3,24753,2024-05-21,v103
2022 Q4,41042,2024-05-21,v103
2022 SEP,15830,2024-05-21,v103
2023,135414,2024-05-21,v103
2023 APR,18984,2024-05-21,v103
2023 AUG,10400,2024-05-21,v103
2023 DEC,7844,2024-05-21,v103
2023 FEB,11885,2024-05-21,v103
2023 JAN,-7688,2024-05-21,v103
2023 JUL,1470,2024-05-21,v103
2023 JUN,17807,2024-05-21,v103
2023 MAR,16739,2024-05-21,v103
2023 MAY,14250,2024-05-21,v103
2023 NOV,13528,2024-05-21,v103
2023 OCT,15710,2024-05-21,v103
2023 Q1,20936,2024-05-21,v103
2023 Q2,51041,2024-05-21,v103
2023 Q3,26355,2024-05-21,v103
2023 Q4,37082,2024-05-21,v103
2023 SEP,14485,2024-05-21,v103
2024 APR,20514,2024-05-21,v103
2024 FEB,9161,2024-05-21,v103
2024 JAN,-15273,2024-05-21,v103
2024 MAR,13063,2024-05-21,v103
2024 Q1,6951,2024-05-21,v103
1997,19249,2024-06-20,v104
1997 DEC,946,2024-06-20,v104
1997 Q4,-2266,2024-06-20,v104
1998,3960,2024-06-20,v104
1998 DEC,983,2024-06-20,v104
1998 JUN,3396,2024-06-20,v104
1998 Q2,9251,2024-06-20,v104
1998 Q3,1160,2024-06-20,v104
1998 Q4,-2327,2024-06-20,v104
1998 SEP,1631,2024-06-20,v104
1999,-7296,2024-06-20,v104
1999 DEC,1469,2024-06-20,v104
1999 Q4,-4060,2024-06-20,v104
2000,-16108,2024-06-20,v104
2000 DEC,1504,2024-06-20,v104
2000 Q4,3682,2024-06-20,v104
2001,-2827,2024-06-20,v104
2001 DEC,3157,2024-06-20,v104
2001 Q4,9595,2024-06-20,v104
2002,26678,2024-06-20,v104
2002 DEC,4971,2024-06-20,v104
2002 JUN,3363,2024-06-20,v104
2002 Q2,9360,2024-06-20,v104
2002 Q4,14057,2024-06-20,v104
2003,47097,2024-06-20,v104
2003 DEC,5231,2024-06-20,v104
2003 JUN,4437,2024-06-20,v104
2003 Q2,13888,2024-06-20,v104
2003 Q4,15161,2024-06-20,v104
2004,49360,2024-06-20,v104
2004 DEC,5508,2024-06-20,v104
2004 JUN,2167,2024-06-20,v104
2004 Q2,16189,2024-06-20,v104
2004 Q4,16709,2024-06-20,v104
2005,49304,2024-06-20,v104
2005 DEC,5651,2024-06-20,v104
2005 JUN,2514,2024-06-20,v104
2005 Q2,13534,2024-06-20,v104
2005 Q4,18426,2024-06-20,v104
2006,44783,2024-06-20,v104
2006 DEC,4665,2024-06-20,v104
2006 JUN,3840,2024-06-20,v104
2006 MAR,2515,2024-06-20,v104
2006 Q1,3573,2024-06-20,v104
2006 Q2,13431,2024-06-20,v104
2006 Q3,11757,2024-06-20,v104
2006 Q4,16022,2024-06-20,v104
2006 SEP,6985,2024-06-20,v104
2007,42739,2024-06-20,v104
2007 DEC,5467,2024-06-20,v104
2007 JUN,4040,2024-06-20,v104
2007 MAR,4430,2024-06-20,v104
2007 Q1,760,2024-06-20,v104
2007 Q2,12469,2024-06-20,v104
2007 Q3,11465,2024-06-20,v104
2007 Q4,18045,2024-06-20,v104
2007 SEP,5532,2024-06-20,v104
2008,89382,2024-06-20,v104
2008 DEC,15530,2024-06-20,v104
2008 JUN,6791,2024-06-20,v104
2008 MAR,5977,2024-06-20,v104
2008 Q1,4029,2024-06-20,v104
2008 Q2,21023,2024-06-20,v104
2008 Q3,25328,2024-06-20,v104
2008 Q4,39002,2024-06-20,v104
2008 SEP,13140,2024-06-20,v104
2009,162258,2024-06-20,v104
2009 DEC,21439,2024-06-20,v104
2009 JUN,16586,2024-06-20,v104
2009 MAR,14165,2024-06-20,v104
2009 Q1,32425,2024-06-20,v104
2009 Q2,41301,2024-06-20,v104
2009 Q3,37935,2024-06-20,v104
2009 Q4,50597,2024-06-20,v104
2009 SEP,16476,2024-06-20,v104
2010,148612,2024-06-20,v104
2010 DEC,17085,2024-06-20,v104
2010 JUN,12077,2024-06-20,v104
2010 MAR,13305,2024-06-20,v104
2010 Q1,31071,2024-06-20,v104
2010 Q2,34642,2024-06-20,v104
2010 Q3,36670,2024-06-20,v104
2010 Q4,46229,2024-06-20,v104
2010 SEP,15860,2024-06-20,v104
2011,121902,2024-06-20,v104
2011 DEC,13804,2024-06-20,v104
2011 JUN,9867,2024-06-20,v104
2011 Q2,31422,2024-06-20,v104
2011 Q4,37889,2024-06-20,v104
2012,131040,2024-06-20,v104
2012 DEC,13958,2024-06-20,v104
2012 JUN,8986,2024-06-20,v104
2012 Q2,43581,2024-06-20,v104
2012 Q3,25404,2024-06-20,v104
2012 Q4,38151,2024-06-20,v104
2012 SEP,13028,2024-06-20,v104
2013,105230,2024-06-20,v104
2013 DEC,10988,2024-06-20,v104
2013 JUN,8441,2024-06-20,v104
2013 Q2,29283,2024-06-20,v104
2013 Q4,34034,2024-06-20,v104
2014,105640,2024-06-20,v104
2014 DEC,12320,2024-06-20,v104
2014 JUN,8056,2024-06-20,v104
2014 Q2,31092,2024-06-20,v104
2014 Q4,32844,2024-06-20,v104
2015,87320,2024-06-20,v104
2015 DEC,7482,2024-06-20,v104
2015 JUN,7939,2024-06-20,v104
2015 Q2,27664,2024-06-20,v104
2015 Q4,27421,2024-06-20,v104
2016,69040,2024-06-20,v104
2016 DEC,5427,2024-06-20,v104
2016 JUN,5091,2024-06-20,v104
2016 Q2,24782,2024-06-20,v104
2016 Q4,20421,2024-06-20,v104
2017,55325,2024-06-20,v104
2017 DEC,4494,2024-06-20,v104
2017 Q4,19127,2024-06-20,v104
2018,52773,2024-06-20,v104
2018 APR,10238,2024-06-20,v104
2018 AUG,7132,2024-06-20,v104
2018 DEC,5487,2024-06-20,v104
2018 JUL,-2368,2024-06-20,v104
2018 JUN,4202,2024-06-20,v104
2018 MAY,4590,2024-06-20,v104
2018 NOV,5861,2024-06-20,v104
2018 OCT,9249,2024-06-20,v104
2018 Q2,19030,2024-06-20,v104
2018 Q3,13712,2024-06-20,v104
2018 Q4,20597,2024-06-20,v104
2018 SEP,8948,2024-06-20,v104
2019,52096,2024-06-20,v104
2019 APR,11093,2024-06-20,v104
2019 AUG,5260,2024-06-20,v104
2019 DEC,6254,2024-06-20,v104
2019 FEB,1922,2024-06-20,v104
2019 JAN,-10515,2024-06-20,v104
2019 JUL,-846,2024-06-20,v104
2019 MAR,247,2024-06-20,v104
2019 MAY,5033,2024-06-20,v104
2019 NOV,5809,2024-06-20,v104
2019 OCT,11765,2024-06-20,v104
2019 Q1,-8346,2024-06-20,v104
2019 Q2,23241,2024-06-20,v104
2019 Q3,13373,2024-06-20,v104
2019 Q4,23828,2024-06-20,v104
2019 SEP,8959,2024-06-20,v104
2020 APR,49304,2024-06-20,v104
2020 AUG,24244,2024-06-20,v104
2020 DEC,24296,2024-06-20,v104
2020 FEB,1579,2024-06-20,v104
2020 JAN,-8414,2024-06-20,v104
2020 JUL,22042,2024-06-20,v104
2020 MAR,6970,2024-06-20,v104
2020 MAY,51517,2024-06-20,v104
2020 NOV,21905,2024-06-20,v104
2020 OCT,18159,2024-06-20,v104
2020 Q1,135,2024-06-20,v104
2020 Q2,133367,2024-06-20,v104
2020 Q3,74932,2024-06-20,v104
2021,166322,2024-06-20,v104
2021 APR,24065,2024-06-20,v104
2021 AUG,14365,2024-06-20,v104
2021 DEC,10256,2024-06-20,v104
2021 FEB,15525,2024-06-20,v104
2021 JAN,1116,2024-06-20,v104
2021 JUL,4683,2024-06-20,v104
2021 JUN,19374,2024-06-20,v104
2021 MAR,25482,2024-06-20,v104
2021 MAY,17656,2024-06-20,v104
2021 NOV,7780,2024-06-20,v104
2021 OCT,8421,2024-06-20,v104
2021 Q1,42123,2024-06-20,v104
2021 Q2,61095,2024-06-20,v104
2021 Q3,36647,2024-06-20,v104
2021 Q4,26457,2024-06-20,v104
2021 SEP,17599,2024-06-20,v104
2022,109050,2024-06-20,v104
2022 APR,13557,2024-06-20,v104
2022 AUG,8137,2024-06-20,v104
2022 DEC,15829,2024-06-20,v104
2022 FEB,7421,2024-06-20,v104
2022 JAN,-11981,2024-06-20,v104
2022 JUL,793,2024-06-20,v104
2022 MAR,6667,2024-06-20,v104
2022 MAY,8801,2024-06-20,v104
2022 NOV,14884,2024-06-20,v104
2022 OCT,10335,2024-06-20,v104
2022 Q1,2107,2024-06-20,v104
2022 Q2,41133,2024-06-20,v104
2022 Q3,24762,2024-06-20,v104
2022 Q4,41048,2024-06-20,v104
2022 SEP,15832,2024-06-20,v104
2023,135328,2024-06-20,v104
2023 APR,18911,2024-06-20,v104
2023 AUG,10383,2024-06-20,v104
2023 DEC,7869,2024-06-20,v104
2023 FEB,11890,2024-06-20,v104
2023 JAN,-7683,2024-06-20,v104
2023 JUL,1451,2024-06-20,v104
2023 JUN,17725,2024-06-20,v104
2023 MAR,16745,2024-06-20,v104
2023 MAY,14176,2024-06-20,v104
2023 NOV,13553,2024-06-20,v104
2023 OCT,15845,2024-06-20,v104
2023 Q1,20952,2024-06-20,v104
2023 Q2,50812,2024-06-20,v104
2023 Q3,26297,2024-06-20,v104
2023 Q4,37267,2024-06-20,v104
2023 SEP,14463,2024-06-20,v104
2024 APR,18444,2024-06-20,v104
2024 FEB,9481,2024-06-20,v104
2024 JAN,-15236,2024-06-20,v104
2024 MAR,13500,2024-06-20,v104
2024 MAY,15024,2024-06-20,v104
2024 Q1,7745,2024-06-20,v104
2022,109145,2024-07-18,v105
2022 DEC,15852,2024-07-18,v105
2022 NOV,14908,2024-07-18,v105
2022 OCT,10358,2024-07-18,v105
2022 Q3,24787,2024-07-18,v105
2022 Q4,41118,2024-07-18,v105
2022 SEP,15857,2024-07-18,v105
2023,135422,2024-07-18,v105
2023 APR,18935,2024-07-18,v105
2023 AUG,10408,2024-07-18,v105
2023 DEC,7775,2024-07-18,v105
2023 FEB,11904,2024-07-18,v105
2023 JAN,-7660,2024-07-18,v105
2023 JUL,1478,2024-07-18,v105
2023 JUN,17750,2024-07-18,v105
2023 MAR,16770,2024-07-18,v105
2023 MAY,14201,2024-07-18,v105
2023 NOV,13551,2024-07-18,v105
2023 OCT,15849,2024-07-18,v105
2023 Q1,21014,2024-07-18,v105
2023 Q2,50886,2024-07-18,v105
2023 Q3,26347,2024-07-18,v105
2023 Q4,37175,2024-07-18,v105
2023 SEP,14461,2024-07-18,v105
2024 APR,18797,2024-07-18,v105
2024 FEB,9350,2024-07-18,v105
2024 JAN,-15353,2024-07-18,v105
2024 JUN,14513,2024-07-18,v105
2024 MAR,13698,2024-07-18,v105
2024 MAY,16497,2024-07-18,v105
2024 Q1,7695,2024-07-18,v105
2024 Q2,49807,2024-07-18,v105
2005,49303,2024-08-20,v106
2005 DEC,5650,2024-08-20,v106
2005 Q4,18425,2024-08-20,v106
2006,44782,2024-08-20,v106
2006 DEC,4664,2024-08-20,v106
2006 Q4,16021,2024-08-20,v106
2007,42738,2024-08-20,v106
2007 DEC,5466,2024-08-20,v106
2007 Q4,18044,2024-08-20,v106
2008,89381,2024-08-20,v106
2008 DEC,15529,2024-08-20,v106
2008 Q4,39001,2024-08-20,v106
2022,109311,2024-08-20,v106
2022 APR,13556,2024-08-20,v106
2022 AUG,8135,2024-08-20,v106
2022 DEC,15935,2024-08-20,v106
2022 JUL,791,2024-08-20,v106
2022 JUN,18774,2024-08-20,v106
2022 MAY,8800,2024-08-20,v106
2022 NOV,14966,2024-08-20,v106
2022 OCT,10391,2024-08-20,v106
2022 Q2,41130,2024-08-20,v106
2022 Q3,24782,2024-08-20,v106
2022 Q4,41292,2024-08-20,v106
2022 SEP,15856,2024-08-20,v106
2023,134259,2024-08-20,v106
2023 APR,18892,2024-08-20,v106
2023 AUG,10207,2024-08-20,v106
2023 DEC,7439,2024-08-20,v106
2023 FEB,11987,2024-08-20,v106
2023 JAN,-7576,2024-08-20,v106
2023 JUL,1289,2024-08-20,v106
2023 JUN,17558,2024-08-20,v106
2023 MAR,16853,2024-08-20,v106
2023 MAY,14166,2024-08-20,v106
2023 NOV,13615,2024-08-20,v106
2023 OCT,15588,2024-08-20,v106
2023 Q1,21264,2024-08-20,v106
2023 Q2,50616,2024-08-20,v106
2023 Q3,25737,2024-08-20,v106
2023 Q4,36642,2024-08-20,v106
2023 SEP,14241,2024-08-20,v106
2024 APR,18545,2024-08-20,v106
2024 FEB,9470,2024-08-20,v106
2024 JAN,-15304,2024-08-20,v106
2024 JUL,3101,2024-08-20,v106
2024 JUN,13476,2024-08-20,v106
2024 MAR,13161,2024-08-20,v106
2024 MAY,16238,2024-08-20,v106
2024 Q1,7327,2024-08-20,v106
2024 Q2,48259,2024-08-20,v106
1997,19143,2024-09-19,v107
1997 APR,2908,2024-09-19,v107
1997 AUG,2830,2024-09-19,v107
1997 DEC,993,2024-09-19,v107
1997 JUL,535,2024-09-19,v107
1997 JUN,4959,2024-09-19,v107
1997 MAY,2951,2024-09-19,v107
1997 NOV,-1694,2024-09-19,v107
1997 OCT,-1597,2024-09-19,v107
1997 Q2,10818,2024-09-19,v107
1997 Q3,6002,2024-09-19,v107
1997 Q4,-2298,2024-09-19,v107
1997 SEP,2637,2024-09-19,v107
1998,3632,2024-09-19,v107
1998 APR,1885,2024-09-19,v107
1998 AUG,1959,2024-09-19,v107
1998 DEC,905,2024-09-19,v107
1998 FEB,182,2024-09-19,v107
1998 JAN,-7519,2024-09-19,v107
1998 JUL,-2690,2024-09-19,v107
1998 JUN,3407,2024-09-19,v107
1998 MAR,3114,2024-09-19,v107
1998 MAY,3886,2024-09-19,v107
1998 NOV,3132,2024-09-19,v107
1998 OCT,-6453,2024-09-19,v107
1998 Q1,-4223,2024-09-19,v107
1998 Q2,9178,2024-09-19,v107
1998 Q3,1093,2024-09-19,v107
1998 Q4,-2416,2024-09-19,v107
1998 SEP,1824,2024-09-19,v107
1999,-7607,2024-09-19,v107
1999 APR,337,2024-09-19,v107
1999 AUG,1523,2024-09-19,v107
1999 DEC,928,2024-09-19,v107
1999 FEB,-2218,2024-09-19,v107
1999 JAN,-6840,2024-09-19,v107
1999 JUL,-3646,2024-09-19,v107
1999 JUN,2483,2024-09-19,v107
1999 MAR,1161,2024-09-19,v107
1999 MAY,3416,2024-09-19,v107
1999 NOV,2461,2024-09-19,v107
1999 OCT,-7525,2024-09-19,v107
1999 Q1,-7897,2024-09-19,v107
1999 Q2,6236,2024-09-19,v107
1999 Q3,-1810,2024-09-19,v107
1999 Q4,-4136,2024-09-19,v107
1999 SEP,313,2024-09-19,v107
2000,-16358,2024-09-19,v107
2000 APR,2817,2024-09-19,v107
2000 AUG,3305,2024-09-19,v107
2000 DEC,1290,2024-09-19,v107
2000 FEB,-1562,2024-09-19,v107
2000 JAN,-9666,2024-09-19,v107
2000 JUL,-3832,2024-09-19,v107
2000 JUN,2670,2024-09-19,v107
2000 MAR,-391,2024-09-19,v107
2000 MAY,-9262,2024-09-19,v107
2000 NOV,1224,2024-09-19,v107
2000 OCT,1099,2024-09-19,v107
2000 Q1,-11619,2024-09-19,v107
2000 Q2,-3775,2024-09-19,v107
2000 Q3,-4577,2024-09-19,v107
2000 Q4,3613,2024-09-19,v107
2000 SEP,-4050,2024-09-19,v107
2001,-2985,2024-09-19,v107
2001 APR,-272,2024-09-19,v107
2001 AUG,-1035,2024-09-19,v107
2001 DEC,2962,2024-09-19,v107
2001 FEB,-3951,2024-09-19,v107
2001 JAN,-6861,2024-09-19,v107
2001 JUL,-1973,2024-09-19,v107
2001 JUN,-584,2024-09-19,v107
2001 MAR,-666,2024-09-19,v107
2001 MAY,1433,2024-09-19,v107
2001 NOV,3328,2024-09-19,v107
2001 OCT,3214,2024-09-19,v107
2001 Q1,-11478,2024-09-19,v107
2001 Q2,577,2024-09-19,v107
2001 Q3,-1588,2024-09-19,v107
2001 Q4,9504,2024-09-19,v107
2001 SEP,1420,2024-09-19,v107
2002,26447,2024-09-19,v107
2002 APR,2396,2024-09-19,v107
2002 AUG,2154,2024-09-19,v107
2002 DEC,4930,2024-09-19,v107
2002 FEB,-317,2024-09-19,v107
2002 JAN,-3398,2024-09-19,v107
2002 JUL,-679,2024-09-19,v107
2002 JUN,3338,2024-09-19,v107
2002 MAR,1013,2024-09-19,v107
2002 MAY,3527,2024-09-19,v107
2002 NOV,5190,2024-09-19,v107
2002 OCT,3830,2024-09-19,v107
2002 Q1,-2702,2024-09-19,v107
2002 Q2,9261,2024-09-19,v107
2002 Q3,5938,2024-09-19,v107
2002 Q4,13950,2024-09-19,v107
2002 SEP,4463,2024-09-19,v107
2003,46798,2024-09-19,v107
2003 APR,3222,2024-09-19,v107
2003 AUG,4247,2024-09-19,v107
2003 DEC,5201,2024-09-19,v107
2003 FEB,2923,2024-09-19,v107
2003 JAN,667,2024-09-19,v107
2003 JUL,1592,2024-09-19,v107
2003 JUN,4433,2024-09-19,v107
2003 MAR,2543,2024-09-19,v107
2003 MAY,6147,2024-09-19,v107
2003 NOV,5470,2024-09-19,v107
2003 OCT,4397,2024-09-19,v107
2003 Q1,6133,2024-09-19,v107
2003 Q2,13802,2024-09-19,v107
2003 Q3,11795,2024-09-19,v107
2003 Q4,15068,2024-09-19,v107
2003 SEP,5956,2024-09-19,v107
2004,49047,2024-09-19,v107
2004 APR,7848,2024-09-19,v107
2004 AUG,4613,2024-09-19,v107
2004 DEC,5455,2024-09-19,v107
2004 FEB,920,2024-09-19,v107
2004 JAN,955,2024-09-19,v107
2004 JUL,2486,2024-09-19,v107
2004 JUN,2254,2024-09-19,v107
2004 MAR,1403,2024-09-19,v107
2004 MAY,5985,2024-09-19,v107
2004 NOV,5928,2024-09-19,v107
2004 OCT,5226,2024-09-19,v107
2004 Q1,3278,2024-09-19,v107
2004 Q2,16087,2024-09-19,v107
2004 Q3,13073,2024-09-19,v107
2004 Q4,16609,2024-09-19,v107
2004 SEP,5974,2024-09-19,v107
2005,48996,2024-09-19,v107
2005 APR,8648,2024-09-19,v107
2005 AUG,4388,2024-09-19,v107
2005 DEC,5582,2024-09-19,v107
2005 FEB,3073,2024-09-19,v107
2005 JAN,-70,2024-09-19,v107
2005 JUL,1138,2024-09-19,v107
2005 JUN,2504,2024-09-19,v107
2005 MAR,3393,2024-09-19,v107
2005 MAY,2296,2024-09-19,v107
2005 NOV,7999,2024-09-19,v107
2005 OCT,4736,2024-09-19,v107
2005 Q1,6396,2024-09-19,v107
2005 Q2,13448,2024-09-19,v107
2005 Q3,10835,2024-09-19,v107
2005 Q4,18317,2024-09-19,v107
2005 SEP,5309,2024-09-19,v107
2006,44270,2024-09-19,v107
2006 APR,4599,2024-09-19,v107
2006 AUG,3656,2024-09-19,v107
2006 DEC,4589,2024-09-19,v107
2006 FEB,3236,2024-09-19,v107
2006 JAN,-2327,2024-09-19,v107
2006 JUL,1108,2024-09-19,v107
2006 JUN,3830,2024-09-19,v107
2006 MAR,2439,2024-09-19,v107
2006 MAY,4903,2024-09-19,v107
2006 NOV,7106,2024-09-19,v107
2006 OCT,4208,2024-09-19,v107
2006 Q1,3348,2024-09-19,v107
2006 Q2,13332,2024-09-19,v107
2006 Q3,11687,2024-09-19,v107
2006 Q4,15903,2024-09-19,v107
2006 SEP,6923,2024-09-19,v107
2007,42444,2024-09-19,v107
2007 APR,3421,2024-09-19,v107
2007 AUG,5239,2024-09-19,v107
2007 DEC,5439,2024-09-19,v107
2007 FEB,644,2024-09-19,v107
2007 JAN,-4381,2024-09-19,v107
2007 JUL,647,2024-09-19,v107
2007 JUN,4015,2024-09-19,v107
2007 MAR,4417,2024-09-19,v107
2007 MAY,4919,2024-09-19,v107
2007 NOV,6346,2024-09-19,v107
2007 OCT,6236,2024-09-19,v107
2007 Q1,680,2024-09-19,v107
2007 Q2,12355,2024-09-19,v107
2007 Q3,11388,2024-09-19,v107
2007 Q4,18021,2024-09-19,v107
2007 SEP,5502,2024-09-19,v107
2008,88657,2024-09-19,v107
2008 APR,6513,2024-09-19,v107
2008 AUG,8757,2024-09-19,v107
2008 DEC,15393,2024-09-19,v107
2008 FEB,3416,2024-09-19,v107
2008 JAN,-5408,2024-09-19,v107
2008 JUL,3468,2024-09-19,v107
2008 JUN,6786,2024-09-19,v107
2008 MAR,5919,2024-09-19,v107
2008 MAY,7542,2024-09-19,v107
2008 NOV,12382,2024-09-19,v107
2008 OCT,10801,2024-09-19,v107
2008 Q1,3927,2024-09-19,v107
2008 Q2,20841,2024-09-19,v107
2008 Q3,25313,2024-09-19,v107
2008 Q4,38576,2024-09-19,v107
2008 SEP,13088,2024-09-19,v107
2009,161765,2024-09-19,v107
2009 APR,10997,2024-09-19,v107
2009 AUG,12041,2024-09-19,v107
2009 DEC,21401,2024-09-19,v107
2009 FEB,11147,2024-09-19,v107
2009 JAN,7000,2024-09-19,v107
2009 JUL,9384,2024-09-19,v107
2009 JUN,16602,2024-09-19,v107
2009 MAR,14095,2024-09-19,v107
2009 MAY,13571,2024-09-19,v107
2009 NOV,14239,2024-09-19,v107
2009 OCT,14868,2024-09-19,v107
2009 Q1,32242,2024-09-19,v107
2009 Q2,41170,2024-09-19,v107
2009 Q3,37845,2024-09-19,v107
2009 Q4,50508,2024-09-19,v107
2009 SEP,16420,2024-09-19,v107
2010,147961,2024-09-19,v107
2010 APR,9209,2024-09-19,v107
2010 AUG,11462,2024-09-19,v107
2010 DEC,17042,2024-09-19,v107
2010 FEB,9909,2024-09-19,v107
2010 JAN,7743,2024-09-19,v107
2010 JUL,9153,2024-09-19,v107
2010 JUN,12066,2024-09-19,v107
2010 MAR,13241,2024-09-19,v107
2010 MAY,13235,2024-09-19,v107
2010 NOV,14754,2024-09-19,v107
2010 OCT,14280,2024-09-19,v107
2010 Q1,30893,2024-09-19,v107
2010 Q2,34510,2024-09-19,v107
2010 Q3,36482,2024-09-19,v107
2010 Q4,46076,2024-09-19,v107
2010 SEP,15867,2024-09-19,v107
2011,121306,2024-09-19,v107
2011 APR,11836,2024-09-19,v107
2011 AUG,9406,2024-09-19,v107
2011 DEC,13794,2024-09-19,v107
2011 FEB,9722,2024-09-19,v107
2011 JAN,1327,2024-09-19,v107
2011 JUL,4571,2024-09-19,v107
2011 JUN,9847,2024-09-19,v107
2011 MAR,13372,2024-09-19,v107
2011 MAY,9592,2024-09-19,v107
2011 NOV,11160,2024-09-19,v107
2011 OCT,12778,2024-09-19,v107
2011 Q1,24421,2024-09-19,v107
2011 Q2,31275,2024-09-19,v107
2011 Q3,27878,2024-09-19,v107
2011 Q4,37732,2024-09-19,v107
2011 SEP,13901,2024-09-19,v107
2012,130358,2024-09-19,v107
2012 APR,21622,2024-09-19,v107
2012 AUG,9946,2024-09-19,v107
2012 DEC,13480,2024-09-19,v107
2012 FEB,10301,2024-09-19,v107
2012 JAN,701,2024-09-19,v107
2012 JUL,2228,2024-09-19,v107
2012 JUN,8878,2024-09-19,v107
2012 MAR,12776,2024-09-19,v107
2012 MAY,12909,2024-09-19,v107
2012 NOV,12293,2024-09-19,v107
2012 OCT,12196,2024-09-19,v107
2012 Q1,23778,2024-09-19,v107
2012 Q2,43409,2024-09-19,v107
2012 Q3,25202,2024-09-19,v107
2012 Q4,37969,2024-09-19,v107
2013,104534,2024-09-19,v107
2013 APR,11399,2024-09-19,v107
2013 AUG,8619,2024-09-19,v107
2013 DEC,10948,2024-09-19,v107
2013 FEB,7152,2024-09-19,v107
2013 JAN,-668,2024-09-19,v107
2013 JUL,3635,2024-09-19,v107
2013 JUN,8442,2024-09-19,v107
2013 MAR,10745,2024-09-19,v107
2013 MAY,9269,2024-09-19,v107
2013 NOV,11544,2024-09-19,v107
2013 OCT,11362,2024-09-19,v107
2013 Q1,17229,2024-09-19,v107
2013 Q2,29110,2024-09-19,v107
2013 Q3,24341,2024-09-19,v107
2013 Q4,33854,2024-09-19,v107
2013 SEP,12087,2024-09-19,v107
2014,104921,2024-09-19,v107
2014 APR,12665,2024-09-19,v107
2014 AUG,8798,2024-09-19,v107
2014 DEC,12140,2024-09-19,v107
2014 FEB,9593,2024-09-19,v107
2014 JAN,359,2024-09-19,v107
2014 JUL,3566,2024-09-19,v107
2014 JUN,8033,2024-09-19,v107
2014 MAR,6220,2024-09-19,v107
2014 MAY,10214,2024-09-19,v107
2014 NOV,8949,2024-09-19,v107
2014 OCT,11567,2024-09-19,v107
2014 Q1,16172,2024-09-19,v107
2014 Q2,30912,2024-09-19,v107
2014 Q3,25181,2024-09-19,v107
2014 Q4,32656,2024-09-19,v107
2014 SEP,12817,2024-09-19,v107
2015,86705,2024-09-19,v107
2015 APR,12094,2024-09-19,v107
2015 AUG,8738,2024-09-19,v107
2015 DEC,7491,2024-09-19,v107
2015 FEB,6562,2024-09-19,v107
2015 JAN,-2972,2024-09-19,v107
2015 JUL,2048,2024-09-19,v107
2015 JUN,7829,2024-09-19,v107
2015 MAR,6028,2024-09-19,v107
2015 MAY,7593,2024-09-19,v107
2015 NOV,9322,2024-09-19,v107
2015 OCT,10477,2024-09-19,v107
2015 Q1,9618,2024-09-19,v107
2015 Q2,27516,2024-09-19,v107
2015 Q3,22281,2024-09-19,v107
2015 Q4,27290,2024-09-19,v107
2015 SEP,11495,2024-09-19,v107
2016,68474,2024-09-19,v107
2016 APR,12299,2024-09-19,v107
2016 AUG,7319,2024-09-19,v107
2016 DEC,5333,2024-09-19,v107
2016 FEB,5743,2024-09-19,v107
2016 JAN,-6156,2024-09-19,v107
2016 JUL,780,2024-09-19,v107
2016 JUN,4998,2024-09-19,v107
2016 MAR,4967,2024-09-19,v107
2016 MAY,7366,2024-09-19,v107
2016 NOV,6968,2024-09-19,v107
2016 OCT,7993,2024-09-19,v107
2016 Q1,4554,2024-09-19,v107
2016 Q2,24663,2024-09-19,v107
2016 Q3,18963,2024-09-19,v107
2016 Q4,20294,2024-09-19,v107
2016 SEP,10864,2024-09-19,v107
2017,54921,2024-09-19,v107
2017 APR,12683,2024-09-19,v107
2017 DEC,4403,2024-09-19,v107
2017 FEB,-154,2024-09-19,v107
2017 JAN,-8672,2024-09-19,v107
2017 JUL,242,2024-09-19,v107
2017 JUN,6526,2024-09-19,v107
2017 MAR,2628,2024-09-19,v107
2017 MAY,7215,2024-09-19,v107
2017 NOV,6567,2024-09-19,v107
2017 OCT,8057,2024-09-19,v107
2017 Q1,-6198,2024-09-19,v107
2017 Q2,26424,2024-09-19,v107
2017 Q3,15668,2024-09-19,v107
2017 Q4,19027,2024-09-19,v107
2017 SEP,9954,2024-09-19,v107
2018,51927,2024-09-19,v107
2018 APR,10167,2024-09-19,v107
2018 AUG,7101,2024-09-19,v107
2018 DEC,5462,2024-09-19,v107
2018 FEB,2629,2024-09-19,v107
2018 JAN,-5774,2024-09-19,v107
2018 JUL,-2395,2024-09-19,v107
2018 JUN,4233,2024-09-19,v107
2018 MAR,1792,2024-09-19,v107
2018 MAY,4620,2024-09-19,v107
2018 NOV,5826,2024-09-19,v107
2018 OCT,9293,2024-09-19,v107
2018 Q1,-1353,2024-09-19,v107
2018 Q2,19020,2024-09-19,v107
2018 Q3,13679,2024-09-19,v107
2018 Q4,20581,2024-09-19,v107
2018 SEP,8973,2024-09-19,v107
2019,51701,2024-09-19,v107
2019 APR,11400,2024-09-19,v107
2019 AUG,5172,2024-09-19,v107
2019 DEC,6280,2024-09-19,v107
2019 FEB,2052,2024-09-19,v107
2019 JAN,-10346,2024-09-19,v107
2019 JUL,-865,2024-09-19,v107
2019 JUN,7042,2024-09-19,v107
2019 MAR,-82,2024-09-19,v107
2019 MAY,4934,2024-09-19,v107
2019 NOV,5680,2024-09-19,v107
2019 OCT,11575,2024-09-19,v107
2019 Q1,-8376,2024-09-19,v107
2019 Q2,23376,2024-09-19,v107
2019 Q3,13166,2024-09-19,v107
2019 Q4,23535,2024-09-19,v107
2019 SEP,8859,2024-09-19,v107
2020,272881,2024-09-19,v107
2020 APR,49308,2024-09-19,v107
2020 AUG,24352,2024-09-19,v107
2020 DEC,24205,2024-09-19,v107
2020 FEB,1878,2024-09-19,v107
2020 JAN,-8071,2024-09-19,v107
2020 JUL,22124,2024-09-19,v107
2020 JUN,32506,2024-09-19,v107
2020 MAR,6865,2024-09-19,v107
2020 MAY,51481,2024-09-19,v107
2020 NOV,21741,2024-09-19,v107
2020 OCT,18193,2024-09-19,v107
2020 Q1,672,2024-09-19,v107
2020 Q2,133295,2024-09-19,v107
2020 Q3,74775,2024-09-19,v107
2020 Q4,64139,2024-09-19,v107
2020 SEP,28299,2024-09-19,v107
2021,163725,2024-09-19,v107
2021 APR,23753,2024-09-19,v107
2021 AUG,14145,2024-09-19,v107
2021 DEC,10030,2024-09-19,v107
2021 FEB,15644,2024-09-19,v107
2021 JAN,1435,2024-09-19,v107
2021 JUL,4556,2024-09-19,v107
2021 JUN,18970,2024-09-19,v107
2021 MAR,25023,2024-09-19,v107
2021 MAY,17364,2024-09-19,v107
2021 NOV,7555,2024-09-19,v107
2021 OCT,8210,2024-09-19,v107
2021 Q1,42102,2024-09-19,v107
2021 Q2,60087,2024-09-19,v107
2021 Q3,35741,2024-09-19,v107
2021 Q4,25795,2024-09-19,v107
2021 SEP,17040,2024-09-19,v107
2022,104694,2024-09-19,v107
2022 APR,13110,2024-09-19,v107
2022 AUG,7777,2024-09-19,v107
2022 DEC,15189,2024-09-19,v107
2022 FEB,7374,2024-09-19,v107
2022 JAN,-11805,2024-09-19,v107
2022 JUL,476,2024-09-19,v107
2022 JUN,18396,2024-09-19,v107
2022 MAR,5622,2024-09-19,v107
2022 MAY,8248,2024-09-19,v107
2022 NOV,14794,2024-09-19,v107
2022 OCT,10271,2024-09-19,v107
2022 Q1,1191,2024-09-19,v107
2022 Q2,39754,2024-09-19,v107
2022 Q3,23495,2024-09-19,v107
2022 Q4,40254,2024-09-19,v107
2022 SEP,15242,2024-09-19,v107
2023,134104,2024-09-19,v107
2023 APR,19179,2024-09-19,v107
2023 AUG,10465,2024-09-19,v107
2023 DEC,6971,2024-09-19,v107
2023 FEB,10922,2024-09-19,v107
2023 JAN,-8619,2024-09-19,v107
2023 JUL,1295,2024-09-19,v107
2023 JUN,18200,2024-09-19,v107
2023 MAR,17241,2024-09-19,v107
2023 MAY,14590,2024-09-19,v107
2023 NOV,13960,2024-09-19,v107
2023 OCT,15463,2024-09-19,v107
2023 Q1,19544,2024-09-19,v107
2023 Q2,51969,2024-09-19,v107
2023 Q3,26197,2024-09-19,v107
2023 Q4,36394,2024-09-19,v107
2023 SEP,14437,2024-09-19,v107
2024 APR,18303,2024-09-19,v107
2024 AUG,13734,2024-09-19,v107
2024 FEB,9863,2024-09-19,v107
2024 JAN,-15720,2024-09-19,v107
2024 JUL,3095,2024-09-19,v107
2024 JUN,13122,2024-09-19,v107
2024 MAR,12986,2024-09-19,v107
2024 MAY,15799,2024-09-19,v107
2024 Q1,7129,2024-09-19,v107
2024 Q2,47224,2024-09-19,v107
2018,51926,2024-10-21,v108
2018 MAR,1791,2024-10-21,v108
2018 Q1,-1354,2024-10-21,v108
2022,104736,2024-10-21,v108
2022 APR,13109,2024-10-21,v108
2022 AUG,7775,2024-10-21,v108
2022 DEC,15241,2024-10-21,v108
2022 JUL,474,2024-10-21,v108
2022 MAY,8247,2024-10-21,v108
2022 NOV,14793,2024-10-21,v108
2022 OCT,10270,2024-10-21,v108
2022 Q2,39752,2024-10-21,v108
2022 Q3,23489,2024-10-21,v108
2022 Q4,40304,2024-10-21,v108
2022 SEP,15240,2024-10-21,v108
2023,134625,2024-10-21,v108
2023 APR,19225,2024-10-21,v108
2023 AUG,10511,2024-10-21,v108
2023 DEC,6963,2024-10-21,v108
2023 FEB,10977,2024-10-21,v108
2023 JAN,-8564,2024-10-21,v108
2023 JUL,1341,2024-10-21,v108
2023 JUN,18245,2024-10-21,v108
2023 MAR,17295,2024-10-21,v108
2023 MAY,14637,2024-10-21,v108
2023 NOV,14005,2024-10-21,v108
2023 OCT,15508,2024-10-21,v108
2023 Q1,19708,2024-10-21,v108
2023 Q2,52107,2024-10-21,v108
2023 Q3,26334,2024-10-21,v108
2023 Q4,36476,2024-10-21,v108
2023 SEP,14482,2024-10-21,v108
2024 APR,18267,2024-10-21,v108
2024 AUG,13022,2024-10-21,v108
2024 FEB,9855,2024-10-21,v108
2024 JAN,-15728,2024-10-21,v108
2024 JUL,2813,2024-10-21,v108
2024 JUN,13087,2024-10-21,v108
2024 MAR,12830,2024-10-21,v108
2024 MAY,15807,2024-10-21,v108
2024 Q1,6957,2024-10-21,v108
2024 Q2,47161,2024-10-21,v108
2024 Q3,32448,2024-10-21,v108
2024 SEP,16613,2024-10-21,v108
2011,121307,2024-11-21,v110
2011 MAR,13373,2024-11-21,v110
2011 Q1,24422,2024-11-21,v110
2012,130359,2024-11-21,v110
2012 MAR,12777,2024-11-21,v110
2012 Q1,23779,2024-11-21,v110
2013,104544,2024-11-21,v110
2013 APR,11400,2024-11-21,v110
2013 AUG,8620,2024-11-21,v110
2013 DEC,10949,2024-11-21,v110
2013 JUL,3636,2024-11-21,v110
2013 JUN,8443,2024-11-21,v110
2013 MAR,10746,2024-11-21,v110
2013 MAY,9270,2024-11-21,v110
2013 NOV,11545,2024-11-21,v110
2013 OCT,11363,2024-11-21,v110
2013 Q1,17230,2024-11-21,v110
2013 Q2,29113,2024-11-21,v110
2013 Q3,24344,2024-11-21,v110
2013 Q4,33857,2024-11-21,v110
2013 SEP,12088,2024-11-21,v110
2014,104914,2024-11-21,v110
2014 FEB,9594,2024-11-21,v110
2014 JAN,360,2024-11-21,v110
2014 MAR,6211,2024-11-21,v110
2014 Q1,16165,2024-11-21,v110
2015,86707,2024-11-21,v110
2015 MAR,6030,2024-11-21,v110
2015 Q1,9620,2024-11-21,v110
2016,68450,2024-11-21,v110
2016 APR,12296,2024-11-21,v110
2016 AUG,7316,2024-11-21,v110
2016 DEC,5330,2024-11-21,v110
2016 JUL,777,2024-11-21,v110
2016 JUN,4995,2024-11-21,v110
2016 MAR,4970,2024-11-21,v110
2016 MAY,7363,2024-11-21,v110
2016 NOV,6965,2024-11-21,v110
2016 OCT,7990,2024-11-21,v110
2016 Q1,4557,2024-11-21,v110
2016 Q2,24654,2024-11-21,v110
2016 Q3,18954,2024-11-21,v110
2016 Q4,20285,2024-11-21,v110
2016 SEP,10861,2024-11-21,v110
2017,54910,2024-11-21,v110
2017 DEC,4402,2024-11-21,v110
2017 FEB,-157,2024-11-21,v110
2017 JAN,-8675,2024-11-21,v110
2017 MAR,2624,2024-11-21,v110
2017 Q1,-6208,2024-11-21,v110
2017 Q4,19026,2024-11-21,v110
2018,51925,2024-11-21,v110
2018 FEB,2628,2024-11-21,v110
2018 JAN,-5775,2024-11-21,v110
2018 MAR,1792,2024-11-21,v110
2018 Q1,-1355,2024-11-21,v110
2019,51693,2024-11-21,v110
2019 MAR,-90,2024-11-21,v110
2019 Q1,-8384,2024-11-21,v110
2020,272971,2024-11-21,v110
2020 APR,49317,2024-11-21,v110
2020 AUG,24361,2024-11-21,v110
2020 DEC,24214,2024-11-21,v110
2020 JUL,22133,2024-11-21,v110
2020 JUN,32515,2024-11-21,v110
2020 MAR,6874,2024-11-21,v110
2020 MAY,51490,2024-11-21,v110
2020 NOV,21750,2024-11-21,v110
2020 OCT,18202,2024-11-21,v110
2020 Q1,681,2024-11-21,v110
2020 Q2,133322,2024-11-21,v110
2020 Q3,74802,2024-11-21,v110
2020 Q4,64166,2024-11-21,v110
2020 SEP,28308,2024-11-21,v110
2021,163337,2024-11-21,v110
2021 APR,23708,2024-11-21,v110
2021 AUG,14100,2024-11-21,v110
2021 DEC,9985,2024-11-21,v110
2021 FEB,15653,2024-11-21,v110
2021 JAN,1444,2024-11-21,v110
2021 JUL,4511,2024-11-21,v110
2021 JUN,18925,2024-11-21,v110
2021 MAR,25022,2024-11-21,v110
2021 MAY,17319,2024-11-21,v110
2021 NOV,7510,2024-11-21,v110
2021 OCT,8165,2024-11-21,v110
2021 Q1,42119,2024-11-21,v110
2021 Q2,59952,2024-11-21,v110
2021 Q3,35606,2024-11-21,v110
2021 Q4,25660,2024-11-21,v110
2021 SEP,16995,2024-11-21,v110
2022,104612,2024-11-21,v110
2022 FEB,7329,2024-11-21,v110
2022 JAN,-11850,2024-11-21,v110
2022 MAR,5588,2024-11-21,v110
2022 Q1,1067,2024-11-21,v110
2023,137075,2024-11-21,v110
2023 APR,19370,2024-11-21,v110
2023 AUG,10764,2024-11-21,v110
2023 DEC,7280,2024-11-21,v110
2023 FEB,11043,2024-11-21,v110
2023 JAN,-8528,2024-11-21,v110
2023 JUL,1584,2024-11-21,v110
2023 JUN,18476,2024-11-21,v110
2023 MAR,17412,2024-11-21,v110
2023 MAY,14815,2024-11-21,v110
2023 NOV,14308,2024-11-21,v110
2023 OCT,15801,2024-11-21,v110
2023 Q1,19927,2024-11-21,v110
2023 Q2,52661,2024-11-21,v110
2023 Q3,27098,2024-11-21,v110
2023 Q4,37389,2024-11-21,v110
2023 SEP,14750,2024-11-21,v110
2024 APR,18487,2024-11-21,v110
2024 AUG,12510,2024-11-21,v110
2024 FEB,10203,2024-11-21,v110
2024 JAN,-15380,2024-11-21,v110
2024 JUL,2344,2024-11-21,v110
2024 JUN,13570,2024-11-21,v110
2024 MAR,13099,2024-11-21,v110
2024 MAY,16231,2024-11-21,v110
2024 OCT,17354,2024-11-21,v110
2024 Q1,7922,2024-11-21,v110
2024 Q2,48288,2024-11-21,v110
2024 Q3,30992,2024-11-21,v110
2024 SEP,16138,2024-11-21,v110
2011,121306,2024-12-20,v111
2011 MAR,13372,2024-12-20,v111
2011 Q1,24421,2024-12-20,v111
2012,130358,2024-12-20,v111
2012 MAR,12776,2024-12-20,v111
2012 Q1,23778,2024-12-20,v111
2013,104534,2024-12-20,v111
2013 APR,11399,2024-12-20,v111
2013 AUG,8619,2024-12-20,v111
2013 DEC,10948,2024-12-20,v111
2013 JUL,3635,2024-12-20,v111
2013 JUN,8442,2024-12-20,v111
2013 MAR,10745,2024-12-20,v111
2013 MAY,9269,2024-12-20,v111
2013 NOV,11544,2024-12-20,v111
2013 OCT,11362,2024-12-20,v111
2013 Q1,17229,2024-12-20,v111
2013 Q2,29110,2024-12-20,v111
2013 Q3,24341,2024-12-20,v111
2013 Q4,33854,2024-12-20,v111
2013 SEP,12087,2024-12-20,v111
2014,104921,2024-12-20,v111
2014 FEB,9596,2024-12-20,v111
2014 JAN,362,2024-12-20,v111
2014 MAR,6214,2024-12-20,v111
2014 Q1,16172,2024-12-20,v111
2015,86719,2024-12-20,v111
2015 APR,12097,2024-12-20,v111
2015 AUG,8740,2024-12-20,v111
2015 DEC,7489,2024-12-20,v111
2015 JUL,2050,2024-12-20,v111
2015 JUN,7833,2024-12-20,v111
2015 MAR,6035,2024-12-20,v111
2015 MAY,7596,2024-12-20,v111
2015 NOV,9319,2024-12-20,v111
2015 OCT,10474,2024-12-20,v111
2015 Q1,9625,2024-12-20,v111
2015 Q2,27526,2024-12-20,v111
2015 Q3,22286,2024-12-20,v111
2015 Q4,27282,2024-12-20,v111
2015 SEP,11496,2024-12-20,v111
2016,68460,2024-12-20,v111
2016 APR,12292,2024-12-20,v111
2016 AUG,7324,2024-12-20,v111
2016 DEC,5339,2024-12-20,v111
2016 FEB,5721,2024-12-20,v111
2016 JAN,-6163,2024-12-20,v111
2016 JUL,785,2024-12-20,v111
2016 JUN,4991,2024-12-20,v111
2016 MAR,4968,2024-12-20,v111
2016 MAY,7359,2024-12-20,v111
2016 NOV,6975,2024-12-20,v111
2016 OCT,8000,2024-12-20,v111
2016 Q1,4526,2024-12-20,v111
2016 Q2,24642,2024-12-20,v111
2016 Q3,18978,2024-12-20,v111
2016 Q4,20314,2024-12-20,v111
2016 SEP,10869,2024-12-20,v111
2017,54853,2024-12-20,v111
2017 APR,12692,2024-12-20,v111
2017 AUG,5477,2024-12-20,v111
2017 DEC,4393,2024-12-20,v111
2017 FEB,-232,2024-12-20,v111
2017 JAN,-8667,2024-12-20,v111
2017 JUL,246,2024-12-20,v111
2017 JUN,6530,2024-12-20,v111
2017 MAR,2626,2024-12-20,v111
2017 MAY,7219,2024-12-20,v111
2017 NOV,6558,2024-12-20,v111
2017 OCT,8049,2024-12-20,v111
2017 Q1,-6273,2024-12-20,v111
2017 Q2,26441,2024-12-20,v111
2017 Q3,15685,2024-12-20,v111
2017 Q4,19000,2024-12-20,v111
2017 SEP,9962,2024-12-20,v111
2018,51911,2024-12-20,v111
2018 APR,10174,2024-12-20,v111
2018 AUG,7095,2024-12-20,v111
2018 DEC,5455,2024-12-20,v111
2018 FEB,2605,2024-12-20,v111
2018 JAN,-5786,2024-12-20,v111
2018 JUL,-2389,2024-12-20,v111
2018 JUN,4243,2024-12-20,v111
2018 MAR,1810,2024-12-20,v111
2018 MAY,4629,2024-12-20,v111
2018 NOV,5821,2024-12-20,v111
2018 OCT,9283,2024-12-20,v111
2018 Q1,-1371,2024-12-20,v111
2018 Q2,19046,2024-12-20,v111
2018 Q3,13677,2024-12-20,v111
2018 Q4,20559,2024-12-20,v111
2018 SEP,8971,2024-12-20,v111
2019,51719,2024-12-20,v111
2019 APR,11399,2024-12-20,v111
2019 DEC,6277,2024-12-20,v111
2019 FEB,2041,2024-12-20,v111
2019 JAN,-10352,2024-12-20,v111
2019 JUL,-871,2024-12-20,v111
2019 JUN,7043,2024-12-20,v111
2019 MAR,-83,2024-12-20,v111
2019 MAY,4933,2024-12-20,v111
2019 NOV,5684,2024-12-20,v111
2019 OCT,11490,2024-12-20,v111
2019 Q1,-8394,2024-12-20,v111
2019 Q2,23375,2024-12-20,v111
2019 Q3,13287,2024-12-20,v111
2019 Q4,23451,2024-12-20,v111
2019 SEP,8986,2024-12-20,v111
2020,272892,2024-12-20,v111
2020 APR,49304,2024-12-20,v111
2020 AUG,24353,2024-12-20,v111
2020 DEC,24210,2024-12-20,v111
2020 FEB,1882,2024-12-20,v111
2020 JAN,-8076,2024-12-20,v111
2020 JUL,22123,2024-12-20,v111
2020 JUN,32507,2024-12-20,v111
2020 MAR,6857,2024-12-20,v111
2020 MAY,51483,2024-12-20,v111
2020 NOV,21747,2024-12-20,v111
2020 OCT,18198,2024-12-20,v111
2020 Q1,663,2024-12-20,v111
2020 Q2,133294,2024-12-20,v111
2020 Q3,74780,2024-12-20,v111
2020 Q4,64155,2024-12-20,v111
2020 SEP,28304,2024-12-20,v111
2021,163172,2024-12-20,v111
2021 APR,23689,2024-12-20,v111
2021 AUG,14082,2024-12-20,v111
2021 DEC,9958,2024-12-20,v111
2021 FEB,15669,2024-12-20,v111
2021 JAN,1445,2024-12-20,v111
2021 JUL,4493,2024-12-20,v111
2021 JUN,18904,2024-12-20,v111
2021 MAR,25026,2024-12-20,v111
2021 MAY,17300,2024-12-20,v111
2021 NOV,7490,2024-12-20,v111
2021 OCT,8145,2024-12-20,v111
2021 Q1,42140,2024-12-20,v111
2021 Q2,59893,2024-12-20,v111
2021 Q3,35546,2024-12-20,v111
2021 Q4,25593,2024-12-20,v111
2021 SEP,16971,2024-12-20,v111
2022,104654,2024-12-20,v111
2022 APR,13193,2024-12-20,v111
2022 AUG,7778,2024-12-20,v111
2022 DEC,15130,2024-12-20,v111
2022 FEB,7302,2024-12-20,v111
2022 JAN,-11876,2024-12-20,v111
2022 JUL,520,2024-12-20,v111
2022 JUN,18454,2024-12-20,v111
2022 MAR,5674,2024-12-20,v111
2022 MAY,8311,2024-12-20,v111
2022 NOV,14697,2024-12-20,v111
2022 OCT,10230,2024-12-20,v111
2022 Q1,1100,2024-12-20,v111
2022 Q2,39958,2024-12-20,v111
2022 Q3,23539,2024-12-20,v111
2022 Q4,40057,2024-12-20,v111
2022 SEP,15241,2024-12-20,v111
2023,141060,2024-12-20,v111
2023 APR,19910,2024-12-20,v111
2023 AUG,11248,2024-12-20,v111
2023 DEC,7689,2024-12-20,v111
2023 FEB,10929,2024-12-20,v111
2023 JAN,-8653,2024-12-20,v111
2023 JUL,2084,2024-12-20,v111
2023 JUN,18979,2024-12-20,v111
2023 MAR,17479,2024-12-20,v111
2023 MAY,15293,2024-12-20,v111
2023 NOV,14687,2024-12-20,v111
2023 OCT,16157,2024-12-20,v111
2023 Q1,19755,2024-12-20,v111
2023 Q2,54182,2024-12-20,v111
2023 Q3,28590,2024-12-20,v111
2023 Q4,38533,2024-12-20,v111
2023 SEP,15258,2024-12-20,v111
2024 APR,19113,2024-12-20,v111
2024 AUG,13439,2024-12-20,v111
2024 FEB,10885,2024-12-20,v111
2024 JAN,-14707,2024-12-20,v111
2024 JUL,3155,2024-12-20,v111
2024 JUN,14348,2024-12-20,v111
2024 MAR,13863,2024-12-20,v111
2024 MAY,16826,2024-12-20,v111
2024 NOV,11249,2024-12-20,v111
2024 OCT,18217,2024-12-20,v111
2024 Q1,10041,2024-12-20,v111
2024 Q2,50287,2024-12-20,v111
2024 Q3,33457,2024-12-20,v111
2024 SEP,16863,2024-12-20,v111
2018,51910,2025-01-22,v112
2018 MAR,1809,2025-01-22,v112
2018 Q1,-1372,2025-01-22,v112
2020,272891,2025-01-22,v112
2020 NOV,21746,2025-01-22,v112
2020 Q4,64154,2025-01-22,v112
2021,163202,2025-01-22,v112
2021 AUG,14085,2025-01-22,v112
2021 DEC,9967,2025-01-22,v112
2021 FEB,15668,2025-01-22,v112
2021 JUL,4494,2025-01-22,v112
2021 NOV,7498,2025-01-22,v112
2021 OCT,8151,2025-01-22,v112
2021 Q1,42139,2025-01-22,v112
2021 Q3,35554,2025-01-22,v112
2021 Q4,25616,2025-01-22,v112
2021 SEP,16975,2025-01-22,v112
2022,104759,2025-01-22,v112
2022 APR,13211,2025-01-22,v112
2022 AUG,7793,2025-01-22,v112
2022 DEC,15103,2025-01-22,v112
2022 FEB,7314,2025-01-22,v112
2022 JAN,-11867,2025-01-22,v112
2022 JUL,540,2025-01-22,v112
2022 JUN,18476,2025-01-22,v112
2022 MAR,5688,2025-01-22,v112
2022 MAY,8331,2025-01-22,v112
2022 NOV,14684,2025-01-22,v112
2022 OCT,10231,2025-01-22,v112
2022 Q1,1135,2025-01-22,v112
2022 Q2,40018,2025-01-22,v112
2022 Q3,23588,2025-01-22,v112
2022 Q4,40018,2025-01-22,v112
2022 SEP,15255,2025-01-22,v112
2023,140724,2025-01-22,v112
2023 APR,19885,2025-01-22,v112
2023 AUG,11221,2025-01-22,v112
2023 DEC,7672,2025-01-22,v112
2023 FEB,10890,2025-01-22,v112
2023 JAN,-8683,2025-01-22,v112
2023 JUL,2057,2025-01-22,v112
2023 JUN,18950,2025-01-22,v112
2023 MAR,17437,2025-01-22,v112
2023 MAY,15267,2025-01-22,v112
2023 NOV,14670,2025-01-22,v112
2023 OCT,16125,2025-01-22,v112
2023 Q1,19644,2025-01-22,v112
2023 Q2,54102,2025-01-22,v112
2023 Q3,28511,2025-01-22,v112
2023 Q4,38467,2025-01-22,v112
2023 SEP,15233,2025-01-22,v112
2024,139917,2025-01-22,v112
2024 APR,19200,2025-01-22,v112
2024 AUG,13051,2025-01-22,v112
2024 DEC,17811,2025-01-22,v112
2024 FEB,10868,2025-01-22,v112
2024 JAN,-14716,2025-01-22,v112
2024 JUL,2626,2025-01-22,v112
2024 JUN,13823,2025-01-22,v112
2024 MAR,13827,2025-01-22,v112
2024 MAY,16896,2025-01-22,v112
2024 NOV,11800,2025-01-22,v112
2024 OCT,17710,2025-01-22,v112
2024 Q1,9979,2025-01-22,v112
2024 Q2,49919,2025-01-22,v112
2024 Q3,32698,2025-01-22,v112
2024 Q4,47321,2025-01-22,v112
2024 SEP,17021,2025-01-22,v112
2018,51911,2025-02-21,v113
2018 MAR,1810,2025-02-21,v113
2018 Q1,-1371,2025-02-21,v113
2023,140924,2025-02-21,v113
2023 APR,19908,2025-02-21,v113
2023 AUG,11243,2025-02-21,v113
2023 DEC,7695,2025-02-21,v113
2023 JUL,2079,2025-02-21,v113
2023 JUN,18972,2025-02-21,v113
2023 MAY,15289,2025-02-21,v113
2023 NOV,14692,2025-02-21,v113
2023 OCT,16147,2025-02-21,v113
2023 Q2,54169,2025-02-21,v113
2023 Q3,28577,2025-02-21,v113
2023 Q4,38534,2025-02-21,v113
2023 SEP,15255,2025-02-21,v113
2024,143684,2025-02-21,v113
2024 APR,19189,2025-02-21,v113
2024 AUG,13855,2025-02-21,v113
2024 DEC,18119,2025-02-21,v113
2024 FEB,10895,2025-02-21,v113
2024 JAN,-14688,2025-02-21,v113
2024 JUL,3004,2025-02-21,v113
2024 JUN,14134,2025-02-21,v113
2024 MAR,13857,2025-02-21,v113
2024 MAY,17034,2025-02-21,v113
2024 NOV,12589,2025-02-21,v113
2024 OCT,17912,2025-02-21,v113
2024 Q1,10064,2025-02-21,v113
2024 Q2,50357,2025-02-21,v113
2024 Q3,34643,2025-02-21,v113
2024 Q4,48620,2025-02-21,v113
2024 SEP,17784,2025-02-21,v113
2025 JAN,-15442,2025-02-21,v113
2020,273122,2025-03-21,v114
2020 APR,49323,2025-03-21,v114
2020 AUG,24376,2025-03-21,v114
2020 DEC,24233,2025-03-21,v114
2020 FEB,1894,2025-03-21,v114
2020 JAN,-8064,2025-03-21,v114
2020 JUL,22146,2025-03-21,v114
2020 JUN,32528,2025-03-21,v114
2020 MAR,6871,2025-03-21,v114
2020 MAY,51502,2025-03-21,v114
2020 NOV,21768,2025-03-21,v114
2020 OCT,18220,2025-03-21,v114
2020 Q1,701,2025-03-21,v114
2020 Q2,133353,2025-03-21,v114
2020 Q3,74847,2025-03-21,v114
2020 Q4,64221,2025-03-21,v114
2020 SEP,28325,2025-03-21,v114
2021,163204,2025-03-21,v114
2021 APR,23691,2025-03-21,v114
2021 AUG,14086,2025-03-21,v114
2021 DEC,9968,2025-03-21,v114
2021 FEB,15665,2025-03-21,v114
2021 JAN,1442,2025-03-21,v114
2021 JUL,4495,2025-03-21,v114
2021 JUN,18903,2025-03-21,v114
2021 MAR,25024,2025-03-21,v114
2021 MAY,17302,2025-03-21,v114
2021 NOV,7499,2025-03-21,v114
2021 OCT,8152,2025-03-21,v114
2021 Q1,42131,2025-03-21,v114
2021 Q2,59896,2025-03-21,v114
2021 Q3,35558,2025-03-21,v114
2021 Q4,25619,2025-03-21,v114
2021 SEP,16977,2025-03-21,v114
2022,108945,2025-03-21,v114
2022 APR,13567,2025-03-21,v114
2022 AUG,7974,2025-03-21,v114
2022 DEC,15865,2025-03-21,v114
2022 FEB,7223,2025-03-21,v114
2022 JAN,-11828,2025-03-21,v114
2022 JUL,712,2025-03-21,v114
2022 JUN,18998,2025-03-21,v114
2022 MAR,5663,2025-03-21,v114
2022 MAY,8869,2025-03-21,v114
2022 NOV,15459,2025-03-21,v114
2022 OCT,10994,2025-03-21,v114
2022 Q1,1058,2025-03-21,v114
2022 Q2,41434,2025-03-21,v114
2022 Q3,24135,2025-03-21,v114
2022 Q4,42318,2025-03-21,v114
2022 SEP,15449,2025-03-21,v114
2023,141529,2025-03-21,v114
2023 APR,19969,2025-03-21,v114
2023 AUG,11344,2025-03-21,v114
2023 DEC,7794,2025-03-21,v114
2023 FEB,10797,2025-03-21,v114
2023 JAN,-8721,2025-03-21,v114
2023 JUL,2163,2025-03-21,v114
2023 JUN,19044,2025-03-21,v114
2023 MAR,17460,2025-03-21,v114
2023 MAY,15355,2025-03-21,v114
2023 NOV,14751,2025-03-21,v114
2023 OCT,16238,2025-03-21,v114
2023 Q1,19536,2025-03-21,v114
2023 Q2,54368,2025-03-21,v114
2023 Q3,28842,2025-03-21,v114
2023 Q4,38783,2025-03-21,v114
2023 SEP,15335,2025-03-21,v114
2024,143892,2025-03-21,v114
2024 APR,19026,2025-03-21,v114
2024 AUG,14154,2025-03-21,v114
2024 DEC,18014,2025-03-21,v114
2024 FEB,10580,2025-03-21,v114
2024 JAN,-15041,2025-03-21,v114
2024 JUL,3267,2025-03-21,v114
2024 JUN,13994,2025-03-21,v114
2024 MAR,13524,2025-03-21,v114
2024 MAY,16999,2025-03-21,v114
2024 NOV,12669,2025-03-21,v114
2024 OCT,18545,2025-03-21,v114
2024 Q1,9063,2025-03-21,v114
2024 Q2,50019,2025-03-21,v114
2024 Q3,35582,2025-03-21,v114
2024 Q4,49228,2025-03-21,v114
2024 SEP,18161,2025-03-21,v114
2025 FEB,10710,2025-03-21,v114
2025 JAN,-13321,2025-03-21,v114
2018,51910,2025-04-22,v115
2018 MAR,1809,2025-04-22,v115
2018 Q1,-1372,2025-04-22,v115
2022,108947,2025-04-22,v115
2022 JUN,18999,2025-04-22,v115
2022 Q2,41435,2025-04-22,v115
2022 Q3,24136,2025-04-22,v115
2022 SEP,15450,2025-04-22,v115
2023,141528,2025-04-22,v115
2023 AUG,11339,2025-04-22,v115
2023 DEC,7799,2025-04-22,v115
2023 JUL,2167,2025-04-22,v115
2023 JUN,19064,2025-04-22,v115
2023 MAR,17461,2025-04-22,v115
2023 NOV,14744,2025-04-22,v115
2023 OCT,16228,2025-04-22,v115
2023 Q1,19537,2025-04-22,v115
2023 Q2,54388,2025-04-22,v115
2023 Q3,28832,2025-04-22,v115
2023 Q4,38771,2025-04-22,v115
2023 SEP,15326,2025-04-22,v115
2024,146373,2025-04-22,v115
2024 APR,19204,2025-04-22,v115
2024 AUG,14364,2025-04-22,v115
2024 DEC,18334,2025-04-22,v115
2024 FEB,10610,2025-04-22,v115
2024 JAN,-15021,2025-04-22,v115
2024 JUL,3429,2025-04-22,v115
2024 JUN,14180,2025-04-22,v115
2024 MAR,13607,2025-04-22,v115
2024 MAY,17176,2025-04-22,v115
2024 NOV,13103,2025-04-22,v115
2024 OCT,18962,2025-04-22,v115
2024 Q1,9196,2025-04-22,v115
2024 Q2,50560,2025-04-22,v115
2024 Q3,36218,2025-04-22,v115
2024 Q4,50399,2025-04-22,v115
2024 SEP,18425,2025-04-22,v115
2025 FEB,12310,2025-04-22,v115
2025 JAN,-14017,2025-04-22,v115
2025 MAR,16444,2025-04-22,v115
2025 Q1,14737,2025-04-22,v115
2020 FEB,1893,2025-05-21,v116
2020 JAN,-8063,2025-05-21,v116
2023,141394,2025-05-21,v116
2023 AUG,11317,2025-05-21,v116
2023 DEC,7777,2025-05-21,v116
2023 JUL,2145,2025-05-21,v116
2023 NOV,14721,2025-05-21,v116
2023 OCT,16206,2025-05-21,v116
2023 Q3,28765,2025-05-21,v116
2023 Q4,38704,2025-05-21,v116
2023 SEP,15303,2025-05-21,v116
2024,146417,2025-05-21,v116
2024 APR,19137,2025-05-21,v116
2024 AUG,14323,2025-05-21,v116
2024 DEC,18524,2025-05-21,v116
2024 FEB,10627,2025-05-21,v116
2024 JAN,-15003,2025-05-21,v116
2024 JUL,3379,2025-05-21,v116
2024 JUN,14135,2025-05-21,v116
2024 MAR,13572,2025-05-21,v116
2024 MAY,17075,2025-05-21,v116
2024 NOV,13195,2025-05-21,v116
2024 OCT,19070,2025-05-21,v116
2024 Q2,50347,2025-05-21,v116
2024 Q3,36085,2025-05-21,v116
2024 Q4,50789,2025-05-21,v116
2024 SEP,18383,2025-05-21,v116
2025 APR,20155,2025-05-21,v116
2025 FEB,11801,2025-05-21,v116
2025 JAN,-14908,2025-05-21,v116
2025 MAR,14139,2025-05-21,v116
2025 Q1,11032,2025-05-21,v116
2018,51911,2025-06-19,v117
2018 MAR,1810,2025-06-19,v117
2018 Q1,-1371,2025-06-19,v117
2020,273115,2025-06-19,v117
2020 AUG,24375,2025-06-19,v117
2020 DEC,24232,2025-06-19,v117
2020 JUL,22145,2025-06-19,v117
2020 MAY,51501,2025-06-19,v117
2020 NOV,21767,2025-06-19,v117
2020 OCT,18219,2025-06-19,v117
2020 Q2,133352,2025-06-19,v117
2020 Q3,74844,2025-06-19,v117
2020 Q4,64218,2025-06-19,v117
2020 SEP,28324,2025-06-19,v117
2021,163199,2025-06-19,v117
2021 FEB,15664,2025-06-19,v117
2021 JAN,1441,2025-06-19,v117
2021 MAR,25022,2025-06-19,v117
2021 NOV,7498,2025-06-19,v117
2021 Q1,42127,2025-06-19,v117
2021 Q4,25618,2025-06-19,v117
2022,108591,2025-06-19,v117
2022 APR,13521,2025-06-19,v117
2022 AUG,7936,2025-06-19,v117
2022 DEC,15831,2025-06-19,v117
2022 JUL,672,2025-06-19,v117
2022 JUN,18954,2025-06-19,v117
2022 MAY,8823,2025-06-19,v117
2022 NOV,15425,2025-06-19,v117
2022 OCT,10959,2025-06-19,v117
2022 Q2,41298,2025-06-19,v117
2022 Q3,24020,2025-06-19,v117
2022 Q4,42215,2025-06-19,v117
2022 SEP,15412,2025-06-19,v117
2023,140620,2025-06-19,v117
2023 APR,19880,2025-06-19,v117
2023 AUG,11237,2025-06-19,v117
2023 DEC,7710,2025-06-19,v117
2023 FEB,10782,2025-06-19,v117
2023 JAN,-8737,2025-06-19,v117
2023 JUL,2064,2025-06-19,v117
2023 JUN,18973,2025-06-19,v117
2023 MAR,17447,2025-06-19,v117
2023 MAY,15266,2025-06-19,v117
2023 NOV,14649,2025-06-19,v117
2023 OCT,16131,2025-06-19,v117
2023 Q1,19492,2025-06-19,v117
2023 Q2,54119,2025-06-19,v117
2023 Q3,28519,2025-06-19,v117
2023 Q4,38490,2025-06-19,v117
2023 SEP,15218,2025-06-19,v117
2024,146818,2025-06-19,v117
2024 APR,19087,2025-06-19,v117
2024 AUG,14329,2025-06-19,v117
2024 DEC,18466,2025-06-19,v117
2024 FEB,10874,2025-06-19,v117
2024 JAN,-14756,2025-06-19,v117
2024 JUL,3380,2025-06-19,v117
2024 JUN,14066,2025-06-19,v117
2024 MAR,13817,2025-06-19,v117
2024 MAY,17025,2025-06-19,v117
2024 NOV,13152,2025-06-19,v117
2024 OCT,18996,2025-06-19,v117
2024 Q1,9935,2025-06-19,v117
2024 Q2,50178,2025-06-19,v117
2024 Q3,36091,2025-06-19,v117
2024 Q4,50614,2025-06-19,v117
2024 SEP,18382,2025-06-19,v117
2025 APR,20052,2025-06-19,v117
2025 FEB,12069,2025-06-19,v117
2025 JAN,-14557,2025-06-19,v117
2025 MAR,14282,2025-06-19,v117
2025 MAY,17686,2025-06-19,v117
2025 Q1,11794,2025-06-19,v117
2018,51910,2025-07-21,v118
2018 MAR,1809,2025-07-21,v118
2018 Q1,-1372,2025-07-21,v118
2023,140750,2025-07-21,v118
2023 DEC,7742,2025-07-21,v118
2023 NOV,14682,2025-07-21,v118
2023 OCT,16164,2025-07-21,v118
2023 Q3,28551,2025-07-21,v118
2023 Q4,38588,2025-07-21,v118
2023 SEP,15250,2025-07-21,v118
2024,147002,2025-07-21,v118
2024 APR,19120,2025-07-21,v118
2024 AUG,14356,2025-07-21,v118
2024 DEC,18398,2025-07-21,v118
2024 FEB,10908,2025-07-21,v118
2024 JAN,-14723,2025-07-21,v118
2024 JUL,3412,2025-07-21,v118
2024 JUN,14097,2025-07-21,v118
2024 MAR,13847,2025-07-21,v118
2024 MAY,17058,2025-07-21,v118
2024 Q1,10032,2025-07-21,v118
2024 Q2,50275,2025-07-21,v118
2024 Q3,36149,2025-07-21,v118
2024 Q4,50546,2025-07-21,v118
2024 SEP,18381,2025-07-21,v118
2025 APR,19685,2025-07-21,v118
2025 FEB,12009,2025-07-21,v118
2025 JAN,-14607,2025-07-21,v118
2025 JUN,20684,2025-07-21,v118
2025 MAR,14462,2025-07-21,v118
2025 MAY,17440,2025-07-21,v118
2025 Q1,11864,2025-07-21,v118
2025 Q2,57809,2025-07-21,v118
2018,51794,2025-08-20,v119
2018 APR,10161,2025-08-20,v119
2018 AUG,7082,2025-08-20,v119
2018 DEC,5442,2025-08-20,v119
2018 JUL,-2402,2025-08-20,v119
2018 JUN,4230,2025-08-20,v119
2018 MAY,4617,2025-08-20,v119
2018 NOV,5807,2025-08-20,v119
2018 OCT,9271,2025-08-20,v119
2018 Q2,19008,2025-08-20,v119
2018 Q3,13638,2025-08-20,v119
2018 Q4,20520,2025-08-20,v119
2018 SEP,8958,2025-08-20,v119
2019,51581,2025-08-20,v119
2019 APR,11390,2025-08-20,v119
2019 AUG,5162,2025-08-20,v119
2019 DEC,6268,2025-08-20,v119
2019 FEB,2028,2025-08-20,v119
2019 JAN,-10364,2025-08-20,v119
2019 JUL,-883,2025-08-20,v119
2019 JUN,7032,2025-08-20,v119
2019 MAR,-108,2025-08-20,v119
2019 MAY,4923,2025-08-20,v119
2019 NOV,5677,2025-08-20,v119
2019 OCT,11480,2025-08-20,v119
2019 Q1,-8444,2025-08-20,v119
2019 Q2,23345,2025-08-20,v119
2019 Q3,13255,2025-08-20,v119
2019 Q4,23425,2025-08-20,v119
2019 SEP,8976,2025-08-20,v119
2020,272954,2025-08-20,v119
2020 APR,49314,2025-08-20,v119
2020 AUG,24302,2025-08-20,v119
2020 DEC,24197,2025-08-20,v119
2020 FEB,2059,2025-08-20,v119
2020 JAN,-8072,2025-08-20,v119
2020 JUL,22125,2025-08-20,v119
2020 JUN,32484,2025-08-20,v119
2020 MAR,6981,2025-08-20,v119
2020 MAY,51438,2025-08-20,v119
2020 NOV,21683,2025-08-20,v119
2020 OCT,18182,2025-08-20,v119
2020 Q1,968,2025-08-20,v119
2020 Q2,133236,2025-08-20,v119
2020 Q3,74688,2025-08-20,v119
2020 Q4,64062,2025-08-20,v119
2020 SEP,28261,2025-08-20,v119
2021,163093,2025-08-20,v119
2021 APR,23687,2025-08-20,v119
2021 AUG,14087,2025-08-20,v119
2021 DEC,9965,2025-08-20,v119
2021 FEB,15642,2025-08-20,v119
2021 JAN,1412,2025-08-20,v119
2021 JUL,4489,2025-08-20,v119
2021 JUN,18899,2025-08-20,v119
2021 MAR,24999,2025-08-20,v119
2021 MAY,17297,2025-08-20,v119
2021 NOV,7495,2025-08-20,v119
2021 OCT,8149,2025-08-20,v119
2021 Q1,42053,2025-08-20,v119
2021 Q2,59883,2025-08-20,v119
2021 Q3,35548,2025-08-20,v119
2021 Q4,25609,2025-08-20,v119
2021 SEP,16972,2025-08-20,v119
2022,108627,2025-08-20,v119
2022 AUG,7940,2025-08-20,v119
2022 DEC,15845,2025-08-20,v119
2022 FEB,7220,2025-08-20,v119
2022 JAN,-11830,2025-08-20,v119
2022 JUL,675,2025-08-20,v119
2022 JUN,18952,2025-08-20,v119
2022 MAR,5661,2025-08-20,v119
2022 MAY,8822,2025-08-20,v119
2022 NOV,15436,2025-08-20,v119
2022 OCT,10966,2025-08-20,v119
2022 Q1,1051,2025-08-20,v119
2022 Q2,41295,2025-08-20,v119
2022 Q3,24034,2025-08-20,v119
2022 Q4,42247,2025-08-20,v119
2022 SEP,15419,2025-08-20,v119
2023,141418,2025-08-20,v119
2023 APR,19891,2025-08-20,v119
2023 AUG,11253,2025-08-20,v119
2023 DEC,7792,2025-08-20,v119
2023 FEB,10798,2025-08-20,v119
2023 JAN,-8722,2025-08-20,v119
2023 JUL,2506,2025-08-20,v119
2023 JUN,18984,2025-08-20,v119
2023 MAR,17466,2025-08-20,v119
2023 MAY,15277,2025-08-20,v119
2023 NOV,14720,2025-08-20,v119
2023 OCT,16188,2025-08-20,v119
2023 Q1,19542,2025-08-20,v119
2023 Q2,54152,2025-08-20,v119
2023 Q3,29024,2025-08-20,v119
2023 Q4,38700,2025-08-20,v119
2023 SEP,15265,2025-08-20,v119
2024,146009,2025-08-20,v119
2024 APR,18963,2025-08-20,v119
2024 AUG,14279,2025-08-20,v119
2024 DEC,18228,2025-08-20,v119
2024 FEB,10979,2025-08-20,v119
2024 JAN,-14650,2025-08-20,v119
2024 JUL,3369,2025-08-20,v119
2024 JUN,14006,2025-08-20,v119
2024 MAR,13856,2025-08-20,v119
2024 MAY,16894,2025-08-20,v119
2024 NOV,12991,2025-08-20,v119
2024 OCT,18834,2025-08-20,v119
2024 Q1,10185,2025-08-20,v119
2024 Q2,49863,2025-08-20,v119
2024 Q3,35908,2025-08-20,v119
2024 Q4,50053,2025-08-20,v119
2024 SEP,18260,2025-08-20,v119
2025 APR,19575,2025-08-20,v119
2025 FEB,12199,2025-08-20,v119
2025 JAN,-14377,2025-08-20,v119
2025 JUL,1054,2025-08-20,v119
2025 JUN,22560,2025-08-20,v119
2025 MAR,14640,2025-08-20,v119
2025 MAY,16792,2025-08-20,v119
2025 Q1,12462,2025-08-20,v119
2025 Q2,58927,2025-08-20,v119
1997,19312,2025-09-18,v120
1997 APR,2926,2025-09-18,v120
1997 AUG,2849,2025-09-18,v120
1997 DEC,1013,2025-09-18,v120
1997 JUL,554,2025-09-18,v120
1997 JUN,4977,2025-09-18,v120
1997 MAY,2969,2025-09-18,v120
1997 NOV,-1675,2025-09-18,v120
1997 OCT,-1578,2025-09-18,v120
1997 Q2,10872,2025-09-18,v120
1997 Q3,6059,2025-09-18,v120
1997 Q4,-2240,2025-09-18,v120
1997 SEP,2656,2025-09-18,v120
1998,3854,2025-09-18,v120
1998 APR,1907,2025-09-18,v120
1998 AUG,1976,2025-09-18,v120
1998 DEC,917,2025-09-18,v120
1998 FEB,203,2025-09-18,v120
1998 JAN,-7498,2025-09-18,v120
1998 JUL,-2673,2025-09-18,v120
1998 JUN,3427,2025-09-18,v120
1998 MAR,3138,2025-09-18,v120
1998 MAY,3908,2025-09-18,v120
1998 NOV,3145,2025-09-18,v120
1998 OCT,-6440,2025-09-18,v120
1998 Q1,-4157,2025-09-18,v120
1998 Q2,9242,2025-09-18,v120
1998 Q3,1147,2025-09-18,v120
1998 Q4,-2378,2025-09-18,v120
1998 SEP,1844,2025-09-18,v120
1999,-7654,2025-09-18,v120
1999 APR,335,2025-09-18,v120
1999 AUG,1516,2025-09-18,v120
1999 DEC,920,2025-09-18,v120
1999 FEB,-2214,2025-09-18,v120
1999 JAN,-6836,2025-09-18,v120
1999 JUL,-3653,2025-09-18,v120
1999 JUN,2479,2025-09-18,v120
1999 MAR,1162,2025-09-18,v120
1999 MAY,3414,2025-09-18,v120
1999 NOV,2451,2025-09-18,v120
1999 OCT,-7535,2025-09-18,v120
1999 Q1,-7888,2025-09-18,v120
1999 Q2,6228,2025-09-18,v120
1999 Q3,-1830,2025-09-18,v120
1999 Q4,-4164,2025-09-18,v120
1999 SEP,307,2025-09-18,v120
2000,-16427,2025-09-18,v120
2000 APR,2810,2025-09-18,v120
2000 AUG,3300,2025-09-18,v120
2000 DEC,1284,2025-09-18,v120
2000 FEB,-1567,2025-09-18,v120
2000 JAN,-9671,2025-09-18,v120
2000 JUL,-3837,2025-09-18,v120
2000 JUN,2663,2025-09-18,v120
2000 MAR,-400,2025-09-18,v120
2000 MAY,-9269,2025-09-18,v120
2000 NOV,1219,2025-09-18,v120
2000 OCT,1094,2025-09-18,v120
2000 Q1,-11638,2025-09-18,v120
2000 Q2,-3796,2025-09-18,v120
2000 Q3,-4590,2025-09-18,v120
2000 Q4,3597,2025-09-18,v120
2000 SEP,-4053,2025-09-18,v120
2001,-3111,2025-09-18,v120
2001 APR,-281,2025-09-18,v120
2001 AUG,-1044,2025-09-18,v120
2001 DEC,2947,2025-09-18,v120
2001 FEB,-3959,2025-09-18,v120
2001 JAN,-6869,2025-09-18,v120
2001 JUL,-1982,2025-09-18,v120
2001 JUN,-591,2025-09-18,v120
2001 MAR,-678,2025-09-18,v120
2001 MAY,1424,2025-09-18,v120
2001 NOV,3314,2025-09-18,v120
2001 OCT,3200,2025-09-18,v120
2001 Q1,-11506,2025-09-18,v120
2001 Q2,552,2025-09-18,v120
2001 Q3,-1618,2025-09-18,v120
2001 Q4,9461,2025-09-18,v120
2001 SEP,1408,2025-09-18,v120
2002,26203,2025-09-18,v120
2002 APR,2376,2025-09-18,v120
2002 AUG,2132,2025-09-18,v120
2002 DEC,4907,2025-09-18,v120
2002 FEB,-337,2025-09-18,v120
2002 JAN,-3418,2025-09-18,v120
2002 JUL,-701,2025-09-18,v120
2002 JUN,3323,2025-09-18,v120
2002 MAR,995,2025-09-18,v120
2002 MAY,3507,2025-09-18,v120
2002 NOV,5167,2025-09-18,v120
2002 OCT,3807,2025-09-18,v120
2002 Q1,-2760,2025-09-18,v120
2002 Q2,9206,2025-09-18,v120
2002 Q3,5876,2025-09-18,v120
2002 Q4,13881,2025-09-18,v120
2002 SEP,4445,2025-09-18,v120
2003,46394,2025-09-18,v120
2003 APR,3179,2025-09-18,v120
2003 AUG,4217,2025-09-18,v120
2003 DEC,5168,2025-09-18,v120
2003 FEB,2896,2025-09-18,v120
2003 JAN,640,2025-09-18,v120
2003 JUL,1562,2025-09-18,v120
2003 JUN,4394,2025-09-18,v120
2003 MAR,2516,2025-09-18,v120
2003 MAY,6104,2025-09-18,v120
2003 NOV,5433,2025-09-18,v120
2003 OCT,4360,2025-09-18,v120
2003 Q1,6052,2025-09-18,v120
2003 Q2,13677,2025-09-18,v120
2003 Q3,11704,2025-09-18,v120
2003 Q4,14961,2025-09-18,v120
2003 SEP,5925,2025-09-18,v120
2004,48573,2025-09-18,v120
2004 APR,7804,2025-09-18,v120
2004 AUG,4575,2025-09-18,v120
2004 DEC,5414,2025-09-18,v120
2004 FEB,886,2025-09-18,v120
2004 JAN,921,2025-09-18,v120
2004 JUL,2448,2025-09-18,v120
2004 JUN,2211,2025-09-18,v120
2004 MAR,1373,2025-09-18,v120
2004 MAY,5941,2025-09-18,v120
2004 NOV,5883,2025-09-18,v120
2004 OCT,5181,2025-09-18,v120
2004 Q1,3180,2025-09-18,v120
2004 Q2,15956,2025-09-18,v120
2004 Q3,12959,2025-09-18,v120
2004 Q4,16478,2025-09-18,v120
2004 SEP,5936,2025-09-18,v120
2005,48446,2025-09-18,v120
2005 APR,8602,2025-09-18,v120
2005 AUG,4342,2025-09-18,v120
2005 DEC,5531,2025-09-18,v120
2005 FEB,3031,2025-09-18,v120
2005 JAN,-112,2025-09-18,v120
2005 JUL,1092,2025-09-18,v120
2005 JUN,2460,2025-09-18,v120
2005 MAR,3350,2025-09-18,v120
2005 MAY,2250,2025-09-18,v120
2005 NOV,7949,2025-09-18,v120
2005 OCT,4686,2025-09-18,v120
2005 Q1,6269,2025-09-18,v120
2005 Q2,13312,2025-09-18,v120
2005 Q3,10699,2025-09-18,v120
2005 Q4,18166,2025-09-18,v120
2005 SEP,5265,2025-09-18,v120
2006,43612,2025-09-18,v120
2006 APR,4543,2025-09-18,v120
2006 AUG,3600,2025-09-18,v120
2006 DEC,4532,2025-09-18,v120
2006 FEB,3185,2025-09-18,v120
2006 JAN,-2378,2025-09-18,v120
2006 JUL,1052,2025-09-18,v120
2006 JUN,3774,2025-09-18,v120
2006 MAR,2388,2025-09-18,v120
2006 MAY,4847,2025-09-18,v120
2006 NOV,7050,2025-09-18,v120
2006 OCT,4152,2025-09-18,v120
2006 Q1,3195,2025-09-18,v120
2006 Q2,13164,2025-09-18,v120
2006 Q3,11519,2025-09-18,v120
2006 Q4,15734,2025-09-18,v120
2006 SEP,6867,2025-09-18,v120
2007,41812,2025-09-18,v120
2007 APR,3369,2025-09-18,v120
2007 AUG,5188,2025-09-18,v120
2007 DEC,5387,2025-09-18,v120
2007 FEB,592,2025-09-18,v120
2007 JAN,-4433,2025-09-18,v120
2007 JUL,596,2025-09-18,v120
2007 JUN,3961,2025-09-18,v120
2007 MAR,4361,2025-09-18,v120
2007 MAY,4867,2025-09-18,v120
2007 NOV,6292,2025-09-18,v120
2007 OCT,6183,2025-09-18,v120
2007 Q1,520,2025-09-18,v120
2007 Q2,12197,2025-09-18,v120
2007 Q3,11233,2025-09-18,v120
2007 Q4,17862,2025-09-18,v120
2007 SEP,5449,2025-09-18,v120
2008,87978,2025-09-18,v120
2008 APR,6455,2025-09-18,v120
2008 AUG,8700,2025-09-18,v120
2008 DEC,15335,2025-09-18,v120
2008 FEB,3359,2025-09-18,v120
2008 JAN,-5466,2025-09-18,v120
2008 JUL,3411,2025-09-18,v120
2008 JUN,6731,2025-09-18,v120
2008 MAR,5868,2025-09-18,v120
2008 MAY,7484,2025-09-18,v120
2008 NOV,12325,2025-09-18,v120
2008 OCT,10744,2025-09-18,v120
2008 Q1,3761,2025-09-18,v120
2008 Q2,20670,2025-09-18,v120
2008 Q3,25143,2025-09-18,v120
2008 Q4,38404,2025-09-18,v120
2008 SEP,13032,2025-09-18,v120
2009,161022,2025-09-18,v120
2009 APR,10933,2025-09-18,v120
2009 AUG,11980,2025-09-18,v120
2009 DEC,21336,2025-09-18,v120
2009 FEB,11092,2025-09-18,v120
2009 JAN,6945,2025-09-18,v120
2009 JUL,9323,2025-09-18,v120
2009 JUN,16535,2025-09-18,v120
2009 MAR,14038,2025-09-18,v120
2009 MAY,13507,2025-09-18,v120
2009 NOV,14174,2025-09-18,v120
2009 OCT,14803,2025-09-18,v120
2009 Q1,32075,2025-09-18,v120
2009 Q2,40975,2025-09-18,v120
2009 Q3,37659,2025-09-18,v120
2009 Q4,50313,2025-09-18,v120
2009 SEP,16356,2025-09-18,v120
2010,148623,2025-09-18,v120
2010 APR,9263,2025-09-18,v120
2010 AUG,11649,2025-09-18,v120
2010 DEC,17092,2025-09-18,v120
2010 FEB,9843,2025-09-18,v120
2010 JAN,7677,2025-09-18,v120
2010 JUL,9340,2025-09-18,v120
2010 JUN,12116,2025-09-18,v120
2010 MAR,13178,2025-09-18,v120
2010 MAY,13289,2025-09-18,v120
2010 NOV,14802,2025-09-18,v120
2010 OCT,14328,2025-09-18,v120
2010 Q1,30698,2025-09-18,v120
2010 Q2,34668,2025-09-18,v120
2010 Q3,37035,2025-09-18,v120
2010 Q4,46222,2025-09-18,v120
2010 SEP,16046,2025-09-18,v120
2011,122169,2025-09-18,v120
2011 APR,11909,2025-09-18,v120
2011 AUG,9569,2025-09-18,v120
2011 DEC,13969,2025-09-18,v120
2011 FEB,9602,2025-09-18,v120
2011 JAN,1207,2025-09-18,v120
2011 JUL,4734,2025-09-18,v120
2011 JUN,9921,2025-09-18,v120
2011 MAR,13252,2025-09-18,v120
2011 MAY,9665,2025-09-18,v120
2011 NOV,11328,2025-09-18,v120
2011 OCT,12946,2025-09-18,v120
2011 Q1,24061,2025-09-18,v120
2011 Q2,31495,2025-09-18,v120
2011 Q3,28370,2025-09-18,v120
2011 Q4,38243,2025-09-18,v120
2011 SEP,14067,2025-09-18,v120
2012,130509,2025-09-18,v120
2012 APR,21572,2025-09-18,v120
2012 AUG,9993,2025-09-18,v120
2012 DEC,13482,2025-09-18,v120
2012 FEB,10351,2025-09-18,v120
2012 JAN,751,2025-09-18,v120
2012 JUL,2275,2025-09-18,v120
2012 JUN,8829,2025-09-18,v120
2012 MAR,12848,2025-09-18,v120
2012 MAY,12859,2025-09-18,v120
2012 NOV,12284,2025-09-18,v120
2012 OCT,12187,2025-09-18,v120
2012 Q1,23950,2025-09-18,v120
2012 Q2,43260,2025-09-18,v120
2012 Q3,25346,2025-09-18,v120
2012 Q4,37953,2025-09-18,v120
2012 SEP,13078,2025-09-18,v120
2013,103611,2025-09-18,v120
2013 APR,11269,2025-09-18,v120
2013 AUG,8537,2025-09-18,v120
2013 DEC,10875,2025-09-18,v120
2013 FEB,7132,2025-09-18,v120
2013 JAN,-688,2025-09-18,v120
2013 JUL,3553,2025-09-18,v120
2013 JUN,8308,2025-09-18,v120
2013 MAR,10728,2025-09-18,v120
2013 MAY,9139,2025-09-18,v120
2013 NOV,11469,2025-09-18,v120
2013 OCT,11287,2025-09-18,v120
2013 Q1,17172,2025-09-18,v120
2013 Q2,28716,2025-09-18,v120
2013 Q3,24092,2025-09-18,v120
2013 Q4,33631,2025-09-18,v120
2013 SEP,12002,2025-09-18,v120
2014,104008,2025-09-18,v120
2014 APR,12557,2025-09-18,v120
2014 AUG,8733,2025-09-18,v120
2014 DEC,12059,2025-09-18,v120
2014 FEB,9542,2025-09-18,v120
2014 JAN,308,2025-09-18,v120
2014 JUL,3501,2025-09-18,v120
2014 JUN,7931,2025-09-18,v120
2014 MAR,6157,2025-09-18,v120
2014 MAY,10106,2025-09-18,v120
2014 NOV,8872,2025-09-18,v120
2014 OCT,11490,2025-09-18,v120
2014 Q1,16007,2025-09-18,v120
2014 Q2,30594,2025-09-18,v120
2014 Q3,24986,2025-09-18,v120
2014 Q4,32421,2025-09-18,v120
2014 SEP,12752,2025-09-18,v120
2015,85621,2025-09-18,v120
2015 APR,11968,2025-09-18,v120
2015 AUG,8646,2025-09-18,v120
2015 DEC,7398,2025-09-18,v120
2015 FEB,6511,2025-09-18,v120
2015 JAN,-3023,2025-09-18,v120
2015 JUL,1956,2025-09-18,v120
2015 JUN,7702,2025-09-18,v120
2015 MAR,5979,2025-09-18,v120
2015 MAY,7466,2025-09-18,v120
2015 NOV,9228,2025-09-18,v120
2015 OCT,10384,2025-09-18,v120
2015 Q1,9467,2025-09-18,v120
2015 Q2,27136,2025-09-18,v120
2015 Q3,22008,2025-09-18,v120
2015 Q4,27010,2025-09-18,v120
2015 SEP,11406,2025-09-18,v120
2016,67814,2025-09-18,v120
2016 APR,12177,2025-09-18,v120
2016 AUG,7255,2025-09-18,v120
2016 DEC,5302,2025-09-18,v120
2016 FEB,5726,2025-09-18,v120
2016 JAN,-6159,2025-09-18,v120
2016 JUL,718,2025-09-18,v120
2016 JUN,4874,2025-09-18,v120
2016 MAR,4973,2025-09-18,v120
2016 MAY,7243,2025-09-18,v120
2016 NOV,6936,2025-09-18,v120
2016 OCT,7964,2025-09-18,v120
2016 Q1,4540,2025-09-18,v120
2016 Q2,24294,2025-09-18,v120
2016 Q3,18778,2025-09-18,v120
2016 Q4,20202,2025-09-18,v120
2016 SEP,10805,2025-09-18,v120
2017,54621,2025-09-18,v120
2017 APR,12622,2025-09-18,v120
2017 AUG,5448,2025-09-18,v120
2017 DEC,4359,2025-09-18,v120
2017 FEB,-177,2025-09-18,v120
2017 JAN,-8612,2025-09-18,v120
2017 JUL,217,2025-09-18,v120
2017 JUN,6456,2025-09-18,v120
2017 MAR,2679,2025-09-18,v120
2017 MAY,7150,2025-09-18,v120
2017 NOV,6526,2025-09-18,v120
2017 OCT,8021,2025-09-18,v120
2017 Q1,-6110,2025-09-18,v120
2017 Q2,26228,2025-09-18,v120
2017 Q3,15597,2025-09-18,v120
2017 Q4,18906,2025-09-18,v120
2017 SEP,9932,2025-09-18,v120
2018,51027,2025-09-18,v120
2018 APR,10035,2025-09-18,v120
2018 AUG,6985,2025-09-18,v120
2018 DEC,5431,2025-09-18,v120
2018 FEB,2580,2025-09-18,v120
2018 JAN,-5813,2025-09-18,v120
2018 JUL,-2495,2025-09-18,v120
2018 JUN,4101,2025-09-18,v120
2018 MAR,1785,2025-09-18,v120
2018 MAY,4491,2025-09-18,v120
2018 NOV,5792,2025-09-18,v120
2018 OCT,9257,2025-09-18,v120
2018 Q1,-1448,2025-09-18,v120
2018 Q2,18627,2025-09-18,v120
2018 Q3,13368,2025-09-18,v120
2018 Q4,20480,2025-09-18,v120
2018 SEP,8878,2025-09-18,v120
2019,49621,2025-09-18,v120
2019 APR,11140,2025-09-18,v120
2019 AUG,4888,2025-09-18,v120
2019 DEC,6045,2025-09-18,v120
2019 FEB,2124,2025-09-18,v120
2019 JAN,-10269,2025-09-18,v120
2019 JUL,-1154,2025-09-18,v120
2019 JUN,6788,2025-09-18,v120
2019 MAR,-21,2025-09-18,v120
2019 MAY,4672,2025-09-18,v120
2019 NOV,5448,2025-09-18,v120
2019 OCT,11253,2025-09-18,v120
2019 Q1,-8166,2025-09-18,v120
2019 Q2,22600,2025-09-18,v120
2019 Q3,12441,2025-09-18,v120
2019 Q4,22746,2025-09-18,v120
2019 SEP,8707,2025-09-18,v120
2020,269955,2025-09-18,v120
2020 APR,49002,2025-09-18,v120
2020 AUG,24017,2025-09-18,v120
2020 DEC,23926,2025-09-18,v120
2020 FEB,1935,2025-09-18,v120
2020 JAN,-8195,2025-09-18,v120
2020 JUL,21840,2025-09-18,v120
2020 JUN,32161,2025-09-18,v120
2020 MAR,6846,2025-09-18,v120
2020 MAY,51122,2025-09-18,v120
2020 NOV,21412,2025-09-18,v120
2020 OCT,17910,2025-09-18,v120
2020 Q1,586,2025-09-18,v120
2020 Q2,132285,2025-09-18,v120
2020 Q3,73836,2025-09-18,v120
2020 Q4,63248,2025-09-18,v120
2020 SEP,27979,2025-09-18,v120
2021,161180,2025-09-18,v120
2021 APR,23529,2025-09-18,v120
2021 AUG,13903,2025-09-18,v120
2021 DEC,9836,2025-09-18,v120
2021 FEB,15473,2025-09-18,v120
2021 JAN,1247,2025-09-18,v120
2021 JUL,4307,2025-09-18,v120
2021 JUN,18731,2025-09-18,v120
2021 MAR,24838,2025-09-18,v120
2021 MAY,17138,2025-09-18,v120
2021 NOV,7369,2025-09-18,v120
2021 OCT,8023,2025-09-18,v120
2021 Q1,41558,2025-09-18,v120
2021 Q2,59398,2025-09-18,v120
2021 Q3,34996,2025-09-18,v120
2021 Q4,25228,2025-09-18,v120
2021 SEP,16786,2025-09-18,v120
2022,107928,2025-09-18,v120
2022 APR,13409,2025-09-18,v120
2022 AUG,7848,2025-09-18,v120
2022 DEC,15918,2025-09-18,v120
2022 FEB,7097,2025-09-18,v120
2022 JAN,-11958,2025-09-18,v120
2022 JUL,585,2025-09-18,v120
2022 JUN,18851,2025-09-18,v120
2022 MAR,5538,2025-09-18,v120
2022 MAY,8709,2025-09-18,v120
2022 NOV,15533,2025-09-18,v120
2022 OCT,11064,2025-09-18,v120
2022 Q1,677,2025-09-18,v120
2022 Q2,40969,2025-09-18,v120
2022 Q3,23767,2025-09-18,v120
2022 Q4,42515,2025-09-18,v120
2022 SEP,15334,2025-09-18,v120
2023,143143,2025-09-18,v120
2023 APR,19952,2025-09-18,v120
2023 AUG,11417,2025-09-18,v120
2023 DEC,8043,2025-09-18,v120
2023 FEB,10914,2025-09-18,v120
2023 JAN,-8633,2025-09-18,v120
2023 JUL,2671,2025-09-18,v120
2023 JUN,19038,2025-09-18,v120
2023 MAR,17569,2025-09-18,v120
2023 MAY,15333,2025-09-18,v120
2023 NOV,14977,2025-09-18,v120
2023 OCT,16444,2025-09-18,v120
2023 Q1,19850,2025-09-18,v120
2023 Q2,54323,2025-09-18,v120
2023 Q3,29506,2025-09-18,v120
2023 Q4,39464,2025-09-18,v120
2023 SEP,15418,2025-09-18,v120
2024,146877,2025-09-18,v120
2024 APR,18721,2025-09-18,v120
2024 AUG,14424,2025-09-18,v120
2024 DEC,18143,2025-09-18,v120
2024 FEB,11253,2025-09-18,v120
2024 JAN,-14370,2025-09-18,v120
2024 JUL,3521,2025-09-18,v120
2024 JUN,14031,2025-09-18,v120
2024 MAR,14139,2025-09-18,v120
2024 MAY,16909,2025-09-18,v120
2024 NOV,13001,2025-09-18,v120
2024 OCT,18845,2025-09-18,v120
2024 Q1,11022,2025-09-18,v120
2024 Q2,49661,2025-09-18,v120
2024 Q3,36205,2025-09-18,v120
2024 Q4,49989,2025-09-18,v120
2025 APR,20463,2025-09-18,v120
2025 AUG,17962,2025-09-18,v120
2025 FEB,11709,2025-09-18,v120
2025 JAN,-15020,2025-09-18,v120
2025 JUL,2818,2025-09-18,v120
2025 JUN,24028,2025-09-18,v120
2025 MAR,13709,2025-09-18,v120
2025 MAY,18529,2025-09-18,v120
2025 Q1,10398,2025-09-18,v120
2025 Q2,63020,2025-09-18,v120
2021,161179,2025-10-20,v121
2021 Q3,34995,2025-10-20,v121
2021 SEP,16785,2025-10-20,v121
2022,107919,2025-10-20,v121
2022 APR,13408,2025-10-20,v121
2022 AUG,7846,2025-10-20,v121
2022 JAN,-11957,2025-10-20,v121
2022 JUL,584,2025-10-20,v121
2022 MAY,8708,2025-10-20,v121
2022 NOV,15532,2025-10-20,v121
2022 OCT,11063,2025-10-20,v121
2022 Q1,678,2025-10-20,v121
2022 Q2,40967,2025-10-20,v121
2022 Q3,23761,2025-10-20,v121
2022 Q4,42513,2025-10-20,v121
2022 SEP,15331,2025-10-20,v121
2023,143198,2025-10-20,v121
2023 DEC,8090,2025-10-20,v121
2023 FEB,10916,2025-10-20,v121
2023 JAN,-8631,2025-10-20,v121
2023 JUL,2670,2025-10-20,v121
2023 JUN,19040,2025-10-20,v121
2023 MAR,17571,2025-10-20,v121
2023 Q1,19856,2025-10-20,v121
2023 Q2,54325,2025-10-20,v121
2023 Q4,39511,2025-10-20,v121
2023 SEP,15419,2025-10-20,v121
2024,150567,2025-10-20,v121
2024 APR,19191,2025-10-20,v121
2024 AUG,14759,2025-10-20,v121
2024 DEC,18489,2025-10-20,v121
2024 FEB,11301,2025-10-20,v121
2024 JAN,-14323,2025-10-20,v121
2024 JUL,3856,2025-10-20,v121
2024 JUN,14459,2025-10-20,v121
2024 MAR,14189,2025-10-20,v121
2024 MAY,17379,2025-10-20,v121
2024 NOV,13389,2025-10-20,v121
2024 OCT,19239,2025-10-20,v121
2024 Q1,11167,2025-10-20,v121
2024 Q2,51029,2025-10-20,v121
2024 Q3,37254,2025-10-20,v121
2024 Q4,51117,2025-10-20,v121
2024 SEP,18639,2025-10-20,v121
2025 APR,19948,2025-10-20,v121
2025 AUG,15318,2025-10-20,v121
2025 FEB,11616,2025-10-20,v121
2025 JAN,-14985,2025-10-20,v121
2025 JUL,1439,2025-10-20,v121
2025 JUN,24355,2025-10-20,v121
2025 MAR,13425,2025-10-20,v121
2025 MAY,18504,2025-10-20,v121
2025 Q1,10056,2025-10-20,v121
2025 Q2,62807,2025-10-20,v121
2025 Q3,37003,2025-10-20,v121
2025 SEP,20246,2025-10-20,v121
2023,143200,2025-11-21,v122
2023 AUG,11418,2025-11-21,v122
2023 JUN,19041,2025-11-21,v122
2023 Q2,54326,2025-11-21,v122
2023 Q3,29507,2025-11-21,v122
2024,151017,2025-11-21,v122
2024 APR,19229,2025-11-21,v122
2024 AUG,14798,2025-11-21,v122
2024 DEC,18524,2025-11-21,v122
2024 FEB,11337,2025-11-21,v122
2024 JAN,-14287,2025-11-21,v122
2024 JUL,3894,2025-11-21,v122
2024 JUN,14498,2025-11-21,v122
2024 MAR,14225,2025-11-21,v122
2024 MAY,17417,2025-11-21,v122
2024 NOV,13427,2025-11-21,v122
2024 OCT,19277,2025-11-21,v122
2024 Q1,11275,2025-11-21,v122
2024 Q2,51144,2025-11-21,v122
2024 Q3,37370,2025-11-21,v122
2024 Q4,51228,2025-11-21,v122
2024 SEP,18678,2025-11-21,v122
2025 APR,19991,2025-11-21,v122
2025 AUG,14855,2025-11-21,v122
2025 FEB,11597,2025-11-21,v122
2025 JAN,-15005,2025-11-21,v122
2025 JUL,1175,2025-11-21,v122
2025 JUN,24768,2025-11-21,v122
2025 MAR,13395,2025-11-21,v122
2025 MAY,18708,2025-11-21,v122
2025 OCT,17434,2025-11-21,v122
2025 Q1,9987,2025-11-21,v122
2025 Q2,63467,2025-11-21,v122
2025 Q3,35924,2025-11-21,v122
2025 SEP,19894,2025-11-21,v122
1997,19381,2025-12-19,v123
1997 APR,2934,2025-12-19,v123
1997 AUG,2857,2025-12-19,v123
1997 DEC,1020,2025-12-19,v123
1997 JUL,562,2025-12-19,v123
1997 JUN,4984,2025-12-19,v123
1997 MAY,2977,2025-12-19,v123
1997 NOV,-1667,2025-12-19,v123
1997 OCT,-1570,2025-12-19,v123
1997 Q2,10895,2025-12-19,v123
1997 Q3,6082,2025-12-19,v123
1997 Q4,-2217,2025-12-19,v123
1997 SEP,2663,2025-12-19,v123
1998,3875,2025-12-19,v123
1998 FEB,211,2025-12-19,v123
1998 JAN,-7490,2025-12-19,v123
1998 MAR,3143,2025-12-19,v123
1998 Q1,-4136,2025-12-19,v123
2000,-16426,2025-12-19,v123
2000 FEB,-1566,2025-12-19,v123
2000 JAN,-9670,2025-12-19,v123
2000 MAR,-401,2025-12-19,v123
2000 Q1,-11637,2025-12-19,v123
2001,-3107,2025-12-19,v123
2001 DEC,2948,2025-12-19,v123
2001 JUN,-590,2025-12-19,v123
2001 MAR,-677,2025-12-19,v123
2001 Q1,-11505,2025-12-19,v123
2001 Q2,553,2025-12-19,v123
2001 Q3,-1617,2025-12-19,v123
2001 Q4,9462,2025-12-19,v123
2001 SEP,1409,2025-12-19,v123
2002,26201,2025-12-19,v123
2002 MAR,993,2025-12-19,v123
2002 Q1,-2762,2025-12-19,v123
2004,48574,2025-12-19,v123
2004 FEB,887,2025-12-19,v123
2004 JAN,922,2025-12-19,v123
2004 MAR,1372,2025-12-19,v123
2004 Q1,3181,2025-12-19,v123
2006,43613,2025-12-19,v123
2006 MAR,2389,2025-12-19,v123
2006 Q1,3196,2025-12-19,v123
2007,41813,2025-12-19,v123
2007 MAR,4362,2025-12-19,v123
2007 Q1,521,2025-12-19,v123
2008,87979,2025-12-19,v123
2008 MAR,5869,2025-12-19,v123
2008 Q1,3762,2025-12-19,v123
2009,161020,2025-12-19,v123
2009 APR,10932,2025-12-19,v123
2009 AUG,11979,2025-12-19,v123
2009 DEC,21337,2025-12-19,v123
2009 JUL,9322,2025-12-19,v123
2009 JUN,16536,2025-12-19,v123
2009 MAR,14039,2025-12-19,v123
2009 MAY,13506,2025-12-19,v123
2009 NOV,14173,2025-12-19,v123
2009 OCT,14802,2025-12-19,v123
2009 Q1,32076,2025-12-19,v123
2009 Q2,40974,2025-12-19,v123
2009 Q3,37658,2025-12-19,v123
2009 Q4,50312,2025-12-19,v123
2009 SEP,16357,2025-12-19,v123
2010,148622,2025-12-19,v123
2010 DEC,17091,2025-12-19,v123
2010 FEB,9844,2025-12-19,v123
2010 JAN,7678,2025-12-19,v123
2010 JUN,12115,2025-12-19,v123
2010 Q1,30700,2025-12-19,v123
2010 Q2,34667,2025-12-19,v123
2010 Q3,37034,2025-12-19,v123
2010 Q4,46221,2025-12-19,v123
2010 SEP,16045,2025-12-19,v123
2011,122164,2025-12-19,v123
2011 DEC,13968,2025-12-19,v123
2011 FEB,9601,2025-12-19,v123
2011 JAN,1206,2025-12-19,v123
2011 JUN,9920,2025-12-19,v123
2011 Q1,24059,2025-12-19,v123
2011 Q2,31494,2025-12-19,v123
2011 Q3,28369,2025-12-19,v123
2011 Q4,38242,2025-12-19,v123
2011 SEP,14066,2025-12-19,v123
2012,130503,2025-12-19,v123
2012 DEC,13481,2025-12-19,v123
2012 FEB,10350,2025-12-19,v123
2012 JAN,750,2025-12-19,v123
2012 JUN,8828,2025-12-19,v123
2012 MAR,12847,2025-12-19,v123
2012 Q1,23947,2025-12-19,v123
2012 Q2,43259,2025-12-19,v123
2012 Q3,25345,2025-12-19,v123
2012 Q4,37952,2025-12-19,v123
2012 SEP,13077,2025-12-19,v123
2014,104006,2025-12-19,v123
2014 FEB,9541,2025-12-19,v123
2014 JAN,307,2025-12-19,v123
2014 Q1,16005,2025-12-19,v123
2015,85620,2025-12-19,v123
2015 MAR,5978,2025-12-19,v123
2015 Q1,9466,2025-12-19,v123
2016,67813,2025-12-19,v123
2016 MAR,4972,2025-12-19,v123
2016 Q1,4539,2025-12-19,v123
2020,269956,2025-12-19,v123
2020 MAR,6847,2025-12-19,v123
2020 Q1,587,2025-12-19,v123
2021,161177,2025-12-19,v123
2021 APR,23528,2025-12-19,v123
2021 AUG,13902,2025-12-19,v123
2021 DEC,9837,2025-12-19,v123
2021 JUL,4306,2025-12-19,v123
2021 JUN,18732,2025-12-19,v123
2021 MAY,17137,2025-12-19,v123
2021 NOV,7368,2025-12-19,v123
2021 OCT,8022,2025-12-19,v123
2021 Q2,59397,2025-12-19,v123
2021 Q4,25227,2025-12-19,v123
2021 SEP,16787,2025-12-19,v123
2022,107926,2025-12-19,v123
2022 APR,13409,2025-12-19,v123
2022 AUG,7848,2025-12-19,v123
2022 JUL,586,2025-12-19,v123
2022 MAR,5535,2025-12-19,v123
2022 MAY,8709,2025-12-19,v123
2022 NOV,15533,2025-12-19,v123
2022 OCT,11064,2025-12-19,v123
2022 Q1,675,2025-12-19,v123
2022 Q2,40969,2025-12-19,v123
2022 Q3,23767,2025-12-19,v123
2022 Q4,42515,2025-12-19,v123
2022 SEP,15333,2025-12-19,v123
2023,143216,2025-12-19,v123
2023 APR,19953,2025-12-19,v123
2023 AUG,11420,2025-12-19,v123
2023 DEC,8094,2025-12-19,v123
2023 JUL,2672,2025-12-19,v123
2023 JUN,19043,2025-12-19,v123
2023 MAR,17569,2025-12-19,v123
2023 MAY,15334,2025-12-19,v123
2023 NOV,14979,2025-12-19,v123
2023 OCT,16446,2025-12-19,v123
2023 Q1,19854,2025-12-19,v123
2023 Q2,54330,2025-12-19,v123
2023 Q3,29513,2025-12-19,v123
2023 Q4,39519,2025-12-19,v123
2023 SEP,15421,2025-12-19,v123
2024,152240,2025-12-19,v123
2024 APR,19391,2025-12-19,v123
2024 AUG,14908,2025-12-19,v123
2024 DEC,18690,2025-12-19,v123
2024 FEB,11332,2025-12-19,v123
2024 JAN,-14329,2025-12-19,v123
2024 JUL,3999,2025-12-19,v123
2024 JUN,14666,2025-12-19,v123
2024 MAR,14234,2025-12-19,v123
2024 MAY,17577,2025-12-19,v123
2024 NOV,13554,2025-12-19,v123
2024 OCT,19397,2025-12-19,v123
2024 Q1,11237,2025-12-19,v123
2024 Q2,51634,2025-12-19,v123
2024 Q3,37728,2025-12-19,v123
2024 Q4,51641,2025-12-19,v123
2024 SEP,18821,2025-12-19,v123
2025 APR,19801,2025-12-19,v123
2025 AUG,14347,2025-12-19,v123
2025 FEB,12110,2025-12-19,v123
2025 JAN,-14473,2025-12-19,v123
2025 JUL,601,2025-12-19,v123
2025 JUN,24676,2025-12-19,v123
2025 MAR,13924,2025-12-19,v123
2025 MAY,18743,2025-12-19,v123
2025 NOV,11653,2025-12-19,v123
2025 OCT,21189,2025-12-19,v123
2025 Q1,11561,2025-12-19,v123
2025 Q2,63220,2025-12-19,v123
2025 Q3,36278,2025-12-19,v123
2025 SEP,21330,2025-12-19,v123
2023,143180,2026-01-22,v124
2023 APR,19949,2026-01-22,v124
2023 AUG,11414,2026-01-22,v124
2023 DEC,8091,2026-01-22,v124
2023 JUL,2667,2026-01-22,v124
2023 JUN,19038,2026-01-22,v124
2023 MAY,15330,2026-01-22,v124
2023 NOV,14977,2026-01-22,v124
2023 OCT,16443,2026-01-22,v124
2023 Q2,54317,2026-01-22,v124
2023 Q3,29498,2026-01-22,v124
2023 Q4,39511,2026-01-22,v124
2023 SEP,15417,2026-01-22,v124
2024,152010,2026-01-22,v124
2024 APR,19364,2026-01-22,v124
2024 AUG,14882,2026-01-22,v124
2024 DEC,18663,2026-01-22,v124
2024 FEB,11330,2026-01-22,v124
2024 JAN,-14331,2026-01-22,v124
2024 JUL,3973,2026-01-22,v124
2024 JUN,14638,2026-01-22,v124
2024 MAR,14247,2026-01-22,v124
2024 MAY,17551,2026-01-22,v124
2024 NOV,13529,2026-01-22,v124
2024 OCT,19371,2026-01-22,v124
2024 Q1,11246,2026-01-22,v124
2024 Q2,51553,2026-01-22,v124
2024 Q3,37648,2026-01-22,v124
2024 Q4,51563,2026-01-22,v124
2024 SEP,18793,2026-01-22,v124
2025,151924,2026-01-22,v124
2025 APR,19949,2026-01-22,v124
2025 AUG,14721,2026-01-22,v124
2025 DEC,11578,2026-01-22,v124
2025 FEB,12081,2026-01-22,v124
2025 JAN,-14499,2026-01-22,v124
2025 JUL,998,2026-01-22,v124
2025 JUN,24672,2026-01-22,v124
2025 MAR,13926,2026-01-22,v124
2025 MAY,18890,2026-01-22,v124
2025 NOV,10941,2026-01-22,v124
2025 OCT,16874,2026-01-22,v124
2025 Q1,11508,2026-01-22,v124
2025 Q2,63511,2026-01-22,v124
2025 Q3,37512,2026-01-22,v124
2025 Q4,39393,2026-01-22,v124
2025 SEP,21793,2026-01-22,v124
2021,161176,2026-02-20,v125
2021 DEC,9836,2026-02-20,v125
2021 Q4,25226,2026-02-20,v125
2022,107940,2026-02-20,v125
2022 APR,13408,2026-02-20,v125
2022 AUG,7850,2026-02-20,v125
2022 DEC,15924,2026-02-20,v125
2022 FEB,7096,2026-02-20,v125
2022 JAN,-11958,2026-02-20,v125
2022 JUN,18850,2026-02-20,v125
2022 MAR,5534,2026-02-20,v125
2022 MAY,8708,2026-02-20,v125
2022 NOV,15538,2026-02-20,v125
2022 OCT,11068,2026-02-20,v125
2022 Q1,672,2026-02-20,v125
2022 Q2,40966,2026-02-20,v125
2022 Q3,23772,2026-02-20,v125
2022 Q4,42530,2026-02-20,v125
2022 SEP,15336,2026-02-20,v125
2023,143325,2026-02-20,v125
2023 APR,19960,2026-02-20,v125
2023 AUG,11428,2026-02-20,v125
2023 DEC,8104,2026-02-20,v125
2023 FEB,10925,2026-02-20,v125
2023 JAN,-8623,2026-02-20,v125
2023 JUL,2681,2026-02-20,v125
2023 JUN,19051,2026-02-20,v125
2023 MAR,17579,2026-02-20,v125
2023 MAY,15342,2026-02-20,v125
2023 NOV,14991,2026-02-20,v125
2023 OCT,16457,2026-02-20,v125
2023 Q1,19881,2026-02-20,v125
2023 Q2,54353,2026-02-20,v125
2023 Q3,29539,2026-02-20,v125
2023 Q4,39552,2026-02-20,v125
2023 SEP,15430,2026-02-20,v125
2024,152426,2026-02-20,v125
2024 APR,19420,2026-02-20,v125
2024 AUG,14927,2026-02-20,v125
2024 DEC,18678,2026-02-20,v125
2024 FEB,11344,2026-02-20,v125
2024 JAN,-14319,2026-02-20,v125
2024 JUL,4019,2026-02-20,v125
2024 JUN,14685,2026-02-20,v125
2024 MAR,14270,2026-02-20,v125
2024 MAY,17605,2026-02-20,v125
2024 NOV,13555,2026-02-20,v125
2024 OCT,19406,2026-02-20,v125
2024 Q1,11295,2026-02-20,v125
2024 Q2,51710,2026-02-20,v125
2024 Q3,37782,2026-02-20,v125
2024 Q4,51639,2026-02-20,v125
2024 SEP,18836,2026-02-20,v125
2025,154053,2026-02-20,v125
2025 APR,20007,2026-02-20,v125
2025 AUG,15239,2026-02-20,v125
2025 DEC,13355,2026-02-20,v125
2025 FEB,12117,2026-02-20,v125
2025 JAN,-14462,2026-02-20,v125
2025 JUL,1473,2026-02-20,v125
2025 JUN,24689,2026-02-20,v125
2025 MAR,13956,2026-02-20,v125
2025 MAY,18645,2026-02-20,v125
2025 NOV,10380,2026-02-20,v125
2025 OCT,16183,2026-02-20,v125
2025 Q1,11611,2026-02-20,v125
2025 Q2,63341,2026-02-20,v125
2025 Q3,39183,2026-02-20,v125
2025 Q4,39918,2026-02-20,v125
2025 SEP,22471,2026-02-20,v125
2026 JAN,-30366,2026-02-20,v125
2019,49618,2026-03-20,v126
2019 APR,11139,2026-03-20,v126
2019 DEC,6044,2026-03-20,v126
2019 JUN,6789,2026-03-20,v126
2019 MAY,4671,2026-03-20,v126
2019 Q2,22599,2026-03-20,v126
2019 Q3,12440,2026-03-20,v126
2019 Q4,22745,2026-03-20,v126
2019 SEP,8706,2026-03-20,v126
2020,269991,2026-03-20,v126
2020 APR,49006,2026-03-20,v126
2020 AUG,24021,2026-03-20,v126
2020 DEC,23930,2026-03-20,v126
2020 FEB,1934,2026-03-20,v126
2020 JAN,-8196,2026-03-20,v126
2020 JUL,21844,2026-03-20,v126
2020 JUN,32165,2026-03-20,v126
2020 MAR,6848,2026-03-20,v126
2020 MAY,51126,2026-03-20,v126
2020 NOV,21416,2026-03-20,v126
2020 OCT,17914,2026-03-20,v126
2020 Q1,586,2026-03-20,v126
2020 Q2,132297,2026-03-20,v126
2020 Q3,73848,2026-03-20,v126
2020 Q4,63260,2026-03-20,v126
2020 SEP,27983,2026-03-20,v126
2021,161116,2026-03-20,v126
2021 APR,23520,2026-03-20,v126
2021 AUG,13897,2026-03-20,v126
2021 DEC,9826,2026-03-20,v126
2021 FEB,15477,2026-03-20,v126
2021 JAN,1251,2026-03-20,v126
2021 JUL,4301,2026-03-20,v126
2021 JUN,18719,2026-03-20,v126
2021 MAR,24841,2026-03-20,v126
2021 MAY,17129,2026-03-20,v126
2021 NOV,7361,2026-03-20,v126
2021 OCT,8015,2026-03-20,v126
2021 Q1,41569,2026-03-20,v126
2021 Q2,59368,2026-03-20,v126
2021 Q3,34977,2026-03-20,v126
2021 Q4,25202,2026-03-20,v126
2021 SEP,16779,2026-03-20,v126
2022,108118,2026-03-20,v126
2022 APR,13430,2026-03-20,v126
2022 AUG,7867,2026-03-20,v126
2022 DEC,15941,2026-03-20,v126
2022 FEB,7095,2026-03-20,v126
2022 JAN,-11959,2026-03-20,v126
2022 JUL,603,2026-03-20,v126
2022 JUN,18867,2026-03-20,v126
2022 MAR,5537,2026-03-20,v126
2022 MAY,8730,2026-03-20,v126
2022 NOV,15563,2026-03-20,v126
2022 OCT,11093,2026-03-20,v126
2022 Q1,673,2026-03-20,v126
2022 Q2,41027,2026-03-20,v126
2022 Q3,23821,2026-03-20,v126
2022 Q4,42597,2026-03-20,v126
2022 SEP,15351,2026-03-20,v126
2023,143548,2026-03-20,v126
2023 APR,19988,2026-03-20,v126
2023 AUG,11450,2026-03-20,v126
2023 DEC,8117,2026-03-20,v126
2023 FEB,10937,2026-03-20,v126
2023 JAN,-8611,2026-03-20,v126
2023 JUL,2703,2026-03-20,v126
2023 JUN,19080,2026-03-20,v126
2023 MAR,17589,2026-03-20,v126
2023 MAY,15370,2026-03-20,v126
2023 NOV,15000,2026-03-20,v126
2023 OCT,16466,2026-03-20,v126
2023 Q1,19915,2026-03-20,v126
2023 Q2,54438,2026-03-20,v126
2023 Q3,29612,2026-03-20,v126
2023 Q4,39583,2026-03-20,v126
2023 SEP,15459,2026-03-20,v126
2024,151455,2026-03-20,v126
2024 APR,19329,2026-03-20,v126
2024 AUG,14803,2026-03-20,v126
2024 DEC,18568,2026-03-20,v126
2024 FEB,11353,2026-03-20,v126
2024 JAN,-14310,2026-03-20,v126
2024 JUL,3895,2026-03-20,v126
2024 JUN,14586,2026-03-20,v126
2024 MAR,14282,2026-03-20,v126
2024 MAY,17500,2026-03-20,v126
2024 NOV,13446,2026-03-20,v126
2024 OCT,19298,2026-03-20,v126
2024 Q1,11325,2026-03-20,v126
2024 Q2,51415,2026-03-20,v126
2024 Q3,37403,2026-03-20,v126
2024 Q4,51312,2026-03-20,v126
2024 SEP,18705,2026-03-20,v126
2025,155024,2026-03-20,v126
2025 APR,20023,2026-03-20,v126
2025 AUG,15545,2026-03-20,v126
2025 DEC,13692,2026-03-20,v126
2025 FEB,12125,2026-03-20,v126
2025 JAN,-14455,2026-03-20,v126
2025 JUL,1710,2026-03-20,v126
2025 JUN,24325,2026-03-20,v126
2025 MAR,13964,2026-03-20,v126
2025 MAY,18554,2026-03-20,v126
2025 NOV,10369,2026-03-20,v126
2025 OCT,16424,2026-03-20,v126
2025 Q1,11634,2026-03-20,v126
2025 Q2,62902,2026-03-20,v126
2025 Q3,40003,2026-03-20,v126
2025 Q4,40485,2026-03-20,v126
2025 SEP,22748,2026-03-20,v126
2026 FEB,14329,2026-03-20,v126
2026 JAN,-31855,2026-03-20,v126
2018,51026,2026-04-22,v127
2018 MAR,1784,2026-04-22,v127
2018 Q1,-1449,2026-04-22,v127
2023,143560,2026-04-22,v127
2023 DEC,8118,2026-04-22,v127
2023 JUN,19082,2026-04-22,v127
2023 NOV,15003,2026-04-22,v127
2023 OCT,16469,2026-04-22,v127
2023 Q2,54440,2026-04-22,v127
2023 Q3,29615,2026-04-22,v127
2023 Q4,39590,2026-04-22,v127
2023 SEP,15462,2026-04-22,v127
2024,151470,2026-04-22,v127
2024 APR,19328,2026-04-22,v127
2024 AUG,14799,2026-04-22,v127
2024 DEC,18581,2026-04-22,v127
2024 FEB,11357,2026-04-22,v127
2024 JAN,-14306,2026-04-22,v127
2024 JUL,3890,2026-04-22,v127
2024 JUN,14582,2026-04-22,v127
2024 MAR,14283,2026-04-22,v127
2024 MAY,17498,2026-04-22,v127
2024 NOV,13455,2026-04-22,v127
2024 OCT,19300,2026-04-22,v127
2024 Q1,11334,2026-04-22,v127
2024 Q2,51408,2026-04-22,v127
2024 Q3,37392,2026-04-22,v127
2024 Q4,51336,2026-04-22,v127
2024 SEP,18703,2026-04-22,v127
2025,150545,2026-04-22,v127
2025 APR,19662,2026-04-22,v127
2025 AUG,15165,2026-04-22,v127
2025 DEC,12671,2026-04-22,v127
2025 FEB,12162,2026-04-22,v127
2025 JAN,-14421,2026-04-22,v127
2025 JUL,1241,2026-04-22,v127
2025 JUN,24336,2026-04-22,v127
2025 MAR,13977,2026-04-22,v127
2025 MAY,18389,2026-04-22,v127
2025 NOV,9586,2026-04-22,v127
2025 OCT,15626,2026-04-22,v127
2025 Q1,11718,2026-04-22,v127
2025 Q2,62387,2026-04-22,v127
2025 Q3,38557,2026-04-22,v127
2025 Q4,37883,2026-04-22,v127
2025 SEP,22151,2026-04-22,v127
2026 FEB,12821,2026-04-22,v127
2026 JAN,-32225,2026-04-22,v127
2026 MAR,12605,2026-04-22,v127
2026 Q1,-6799,2026-04-22,v127
2024,151440,2026-05-21,v128
2024 AUG,14794,2026-05-21,v128
2024 DEC,18576,2026-05-21,v128
2024 JUL,3885,2026-05-21,v128
2024 NOV,13450,2026-05-21,v128
2024 OCT,19295,2026-05-21,v128
2024 Q3,37377,2026-05-21,v128
2024 Q4,51321,2026-05-21,v128
2024 SEP,18698,2026-05-21,v128
2025,150556,2026-05-21,v128
2025 APR,19464,2026-05-21,v128
2025 AUG,15144,2026-05-21,v128
2025 DEC,12805,2026-05-21,v128
2025 FEB,12157,2026-05-21,v128
2025 JAN,-14426,2026-05-21,v128
2025 JUL,1298,2026-05-21,v128
2025 JUN,24222,2026-05-21,v128
2025 MAR,13972,2026-05-21,v128
2025 MAY,18203,2026-05-21,v128
2025 NOV,9739,2026-05-21,v128
2025 OCT,15855,2026-05-21,v128
2025 Q1,11703,2026-05-21,v128
2025 Q2,61889,2026-05-21,v128
2025 Q3,38565,2026-05-21,v128
2025 Q4,38399,2026-05-21,v128
2025 SEP,22123,2026-05-21,v128
2026 APR,24343,2026-05-21,v128
2026 FEB,11774,2026-05-21,v128
2026 JAN,-33129,2026-05-21,v128
2026 MAR,11483,2026-05-21,v128
2026 Q1,-9872,2026-05-21,v128
2012,130512,2026-06-18,v129
2012 AUG,9994,2026-06-18,v129
2012 DEC,13484,2026-06-18,v129
2012 JUL,2276,2026-06-18,v129
2012 NOV,12286,2026-06-18,v129
2012 OCT,12189,2026-06-18,v129
2012 Q3,25347,2026-06-18,v129
2012 Q4,37959,2026-06-18,v129
2013,103620,2026-06-18,v129
2013 AUG,8538,2026-06-18,v129
2013 DEC,10876,2026-06-18,v129
2013 FEB,7135,2026-06-18,v129
2013 JAN,-685,2026-06-18,v129
2013 JUL,3554,2026-06-18,v129
2013 JUN,8310,2026-06-18,v129
2013 MAR,10727,2026-06-18,v129
2013 OCT,11286,2026-06-18,v129
2013 Q1,17177,2026-06-18,v129
2013 Q2,28718,2026-06-18,v129
2013 Q3,24094,2026-06-18,v129
2014,103991,2026-06-18,v129
2014 APR,12556,2026-06-18,v129
2014 AUG,8732,2026-06-18,v129
2014 JUL,3500,2026-06-18,v129
2014 JUN,7930,2026-06-18,v129
2014 MAR,6154,2026-06-18,v129
2014 MAY,10105,2026-06-18,v129
2014 NOV,8869,2026-06-18,v129
2014 OCT,11487,2026-06-18,v129
2014 Q1,16002,2026-06-18,v129
2014 Q2,30591,2026-06-18,v129
2014 Q3,24983,2026-06-18,v129
2014 Q4,32415,2026-06-18,v129
2014 SEP,12751,2026-06-18,v129
2015,85643,2026-06-18,v129
2015 APR,11971,2026-06-18,v129
2015 AUG,8648,2026-06-18,v129
2015 DEC,7400,2026-06-18,v129
2015 FEB,6512,2026-06-18,v129
2015 JAN,-3022,2026-06-18,v129
2015 JUL,1958,2026-06-18,v129
2015 JUN,7705,2026-06-18,v129
2015 MAR,5977,2026-06-18,v129
2015 MAY,7469,2026-06-18,v129
2015 NOV,9230,2026-06-18,v129
2015 OCT,10386,2026-06-18,v129
2015 Q1,9467,2026-06-18,v129
2015 Q2,27145,2026-06-18,v129
2015 Q3,22015,2026-06-18,v129
2015 Q4,27016,2026-06-18,v129
2015 SEP,11409,2026-06-18,v129
2016,67828,2026-06-18,v129
2016 APR,12180,2026-06-18,v129
2016 AUG,7258,2026-06-18,v129
2016 DEC,5305,2026-06-18,v129
2016 FEB,5724,2026-06-18,v129
2016 JAN,-6161,2026-06-18,v129
2016 JUL,721,2026-06-18,v129
2016 JUN,4876,2026-06-18,v129
2016 MAR,4969,2026-06-18,v129
2016 MAY,7246,2026-06-18,v129
2016 NOV,6938,2026-06-18,v129
2016 OCT,7966,2026-06-18,v129
2016 Q1,4532,2026-06-18,v129
2016 Q2,24302,2026-06-18,v129
2016 Q3,18785,2026-06-18,v129
2016 Q4,20209,2026-06-18,v129
2016 SEP,10806,2026-06-18,v129
2017,54632,2026-06-18,v129
2017 APR,12624,2026-06-18,v129
2017 AUG,5450,2026-06-18,v129
2017 DEC,4360,2026-06-18,v129
2017 FEB,-179,2026-06-18,v129
2017 JAN,-8614,2026-06-18,v129
2017 JUL,219,2026-06-18,v129
2017 JUN,6458,2026-06-18,v129
2017 MAR,2675,2026-06-18,v129
2017 MAY,7152,2026-06-18,v129
2017 NOV,6529,2026-06-18,v129
2017 OCT,8024,2026-06-18,v129
2017 Q1,-6118,2026-06-18,v129
2017 Q2,26234,2026-06-18,v129
2017 Q3,15603,2026-06-18,v129
2017 Q4,18913,2026-06-18,v129
2017 SEP,9934,2026-06-18,v129
2018,51037,2026-06-18,v129
2018 APR,10036,2026-06-18,v129
2018 AUG,6986,2026-06-18,v129
2018 DEC,5433,2026-06-18,v129
2018 FEB,2578,2026-06-18,v129
2018 JAN,-5815,2026-06-18,v129
2018 JUL,-2494,2026-06-18,v129
2018 JUN,4103,2026-06-18,v129
2018 MAY,4492,2026-06-18,v129
2018 NOV,5794,2026-06-18,v129
2018 OCT,9259,2026-06-18,v129
2018 Q1,-1453,2026-06-18,v129
2018 Q2,18631,2026-06-18,v129
2018 Q3,13373,2026-06-18,v129
2018 Q4,20486,2026-06-18,v129
2018 SEP,8881,2026-06-18,v129
2019,49646,2026-06-18,v129
2019 APR,11142,2026-06-18,v129
2019 AUG,4891,2026-06-18,v129
2019 DEC,6050,2026-06-18,v129
2019 FEB,2125,2026-06-18,v129
2019 JAN,-10270,2026-06-18,v129
2019 JUL,-1151,2026-06-18,v129
2019 JUN,6791,2026-06-18,v129
2019 MAR,-19,2026-06-18,v129
2019 MAY,4674,2026-06-18,v129
2019 NOV,5450,2026-06-18,v129
2019 OCT,11255,2026-06-18,v129
2019 Q1,-8164,2026-06-18,v129
2019 Q2,22607,2026-06-18,v129
2019 Q3,12448,2026-06-18,v129
2019 Q4,22755,2026-06-18,v129
2019 SEP,8708,2026-06-18,v129
2020,269984,2026-06-18,v129
2020 APR,49007,2026-06-18,v129
2020 DEC,23929,2026-06-18,v129
2020 FEB,1931,2026-06-18,v129
2020 JAN,-8200,2026-06-18,v129
2020 MAR,6846,2026-06-18,v129
2020 MAY,51127,2026-06-18,v129
2020 Q1,577,2026-06-18,v129
2020 Q2,132299,2026-06-18,v129
2020 Q3,73849,2026-06-18,v129
2020 Q4,63259,2026-06-18,v129
2020 SEP,27984,2026-06-18,v129
2021,161122,2026-06-18,v129
2021 APR,23521,2026-06-18,v129
2021 AUG,13896,2026-06-18,v129
2021 DEC,9827,2026-06-18,v129
2021 FEB,15478,2026-06-18,v129
2021 JAN,1250,2026-06-18,v129
2021 JUL,4300,2026-06-18,v129
2021 JUN,18721,2026-06-18,v129
2021 MAR,24842,2026-06-18,v129
2021 MAY,17130,2026-06-18,v129
2021 Q1,41570,2026-06-18,v129
2021 Q2,59372,2026-06-18,v129
2021 Q4,25203,2026-06-18,v129
2021 SEP,16781,2026-06-18,v129
2022,108131,2026-06-18,v129
2022 APR,13432,2026-06-18,v129
2022 AUG,7869,2026-06-18,v129
2022 DEC,15943,2026-06-18,v129
2022 JUL,605,2026-06-18,v129
2022 JUN,18871,2026-06-18,v129
2022 MAR,5532,2026-06-18,v129
2022 MAY,8732,2026-06-18,v129
2022 NOV,15564,2026-06-18,v129
2022 OCT,11094,2026-06-18,v129
2022 Q1,668,2026-06-18,v129
2022 Q2,41035,2026-06-18,v129
2022 Q3,23827,2026-06-18,v129
2022 Q4,42601,2026-06-18,v129
2022 SEP,15353,2026-06-18,v129
2023,143576,2026-06-18,v129
2023 APR,19991,2026-06-18,v129
2023 AUG,11452,2026-06-18,v129
2023 FEB,10935,2026-06-18,v129
2023 JAN,-8613,2026-06-18,v129
2023 JUL,2705,2026-06-18,v129
2023 JUN,19085,2026-06-18,v129
2023 MAR,17588,2026-06-18,v129
2023 MAY,15373,2026-06-18,v129
2023 NOV,15007,2026-06-18,v129
2023 OCT,16473,2026-06-18,v129
2023 Q1,19910,2026-06-18,v129
2023 Q2,54449,2026-06-18,v129
2023 Q3,29619,2026-06-18,v129
2023 Q4,39598,2026-06-18,v129
2024,152004,2026-06-18,v129
2024 APR,19358,2026-06-18,v129
2024 AUG,14873,2026-06-18,v129
2024 DEC,18646,2026-06-18,v129
2024 FEB,11372,2026-06-18,v129
2024 JAN,-14291,2026-06-18,v129
2024 JUL,3963,2026-06-18,v129
2024 JUN,14617,2026-06-18,v129
2024 MAR,14295,2026-06-18,v129
2024 MAY,17528,2026-06-18,v129
2024 NOV,13512,2026-06-18,v129
2024 OCT,19357,2026-06-18,v129
2024 Q1,11376,2026-06-18,v129
2024 Q2,51503,2026-06-18,v129
2024 Q3,37610,2026-06-18,v129
2024 Q4,51515,2026-06-18,v129
2024 SEP,18774,2026-06-18,v129
2025,147593,2026-06-18,v129
2025 APR,19521,2026-06-18,v129
2025 AUG,14823,2026-06-18,v129
2025 DEC,12505,2026-06-18,v129
2025 FEB,11869,2026-06-18,v129
2025 JAN,-14715,2026-06-18,v129
2025 JUL,977,2026-06-18,v129
2025 JUN,23878,2026-06-18,v129
2025 MAR,13684,2026-06-18,v129
2025 MAY,17857,2026-06-18,v129
2025 NOV,9440,2026-06-18,v129
2025 OCT,15682,2026-06-18,v129
2025 Q1,10838,2026-06-18,v129
2025 Q2,61256,2026-06-18,v129
2025 Q3,37872,2026-06-18,v129
2025 Q4,37627,2026-06-18,v129
2025 SEP,22072,2026-06-18,v129
2026 APR,23033,2026-06-18,v129
2026 FEB,12260,2026-06-18,v129
2026 JAN,-32911,2026-06-18,v129
2026 MAR,11857,2026-06-18,v129
2026 MAY,23294,2026-06-18,v129
2026 Q1,-8794,2026-06-18,v129
2024,152144,2026-07-20,v130
2024 DEC,18649,2026-07-20,v130
2024 MAR,14417,2026-07-20,v130
2024 NOV,13517,2026-07-20,v130
2024 OCT,19362,2026-07-20,v130
2024 Q1,11498,2026-07-20,v130
2024 Q3,37615,2026-07-20,v130
2024 Q4,51528,2026-07-20,v130
2024 SEP,18779,2026-07-20,v130
2025,147602,2026-07-20,v130
2025 APR,19524,2026-07-20,v130
2025 AUG,14828,2026-07-20,v130
2025 DEC,12478,2026-07-20,v130
2025 FEB,11873,2026-07-20,v130
2025 JAN,-14711,2026-07-20,v130
2025 JUL,982,2026-07-20,v130
2025 JUN,23883,2026-07-20,v130
2025 MAR,13689,2026-07-20,v130
2025 MAY,17861,2026-07-20,v130
2025 Q1,10851,2026-07-20,v130
2025 Q2,61268,2026-07-20,v130
2025 Q3,37883,2026-07-20,v130
2025 Q4,37600,2026-07-20,v130
2025 SEP,22073,2026-07-20,v130
2026 APR,21581,2026-07-20,v130
2026 FEB,12224,2026-07-20,v130
2026 JAN,-32933,2026-07-20,v130
2026 JUN,15989,2026-07-20,v130
2026 MAR,11994,2026-07-20,v130
2026 MAY,19995,2026-07-20,v130
2026 Q1,-8715,2026-07-20,v130
2026 Q2,57565,2026-07-20,v130
2023,143563,2026-08-20,current
2023 AUG,11451,2026-08-20,current
2023 DEC,8113,2026-08-20,current
2023 JUN,19086,2026-08-20,current
2023 NOV,15005,2026-08-20,current
2023 OCT,16470,2026-08-20,current
2023 Q2,54450,2026-08-20,current
2023 Q3,29615,2026-08-20,current
2023 Q4,39588,2026-08-20,current
2023 SEP,15459,2026-08-20,current
2024,152075,2026-08-20,current
2024 APR,19353,2026-08-20,current
2024 AUG,14867,2026-08-20,current
2024 DEC,18667,2026-08-20,current
2024 FEB,11368,2026-08-20,current
2024 JAN,-14295,2026-08-20,current
2024 JUL,3956,2026-08-20,current
2024 JUN,14608,2026-08-20,current
2024 MAR,14354,2026-08-20,current
2024 MAY,17521,2026-08-20,current
2024 NOV,13531,2026-08-20,current
2024 OCT,19372,2026-08-20,current
2024 Q1,11427,2026-08-20,current
2024 Q2,51482,2026-08-20,current
2024 Q3,37596,2026-08-20,current
2024 Q4,51570,2026-08-20,current
2024 SEP,18773,2026-08-20,current
2025,148756,2026-08-20,current
2025 APR,19642,2026-08-20,current
2025 AUG,14939,2026-08-20,current
2025 DEC,12576,2026-08-20,current
2025 FEB,11936,2026-08-20,current
2025 JAN,-14672,2026-08-20,current
2025 JUL,1067,2026-08-20,current
2025 JUN,24003,2026-08-20,current
2025 MAR,13763,2026-08-20,current
2025 MAY,17978,2026-08-20,current
2025 NOV,9544,2026-08-20,current
2025 OCT,15790,2026-08-20,current
2025 Q1,11027,2026-08-20,current
2025 Q2,61623,2026-08-20,current
2025 Q3,38196,2026-08-20,current
2025 Q4,37910,2026-08-20,current
2025 SEP,22190,2026-08-20,current
2026 APR,23127,2026-08-20,current
2026 FEB,12428,2026-08-20,current
2026 JAN,-32289,2026-08-20,current
2026 JUL,1800,2026-08-20,current
2026 JUN,12784,2026-08-20,current
2026 MAR,11955,2026-08-20,current
2026 MAY,18985,2026-08-20,current
2026 Q1,-7906,2026-08-20,current
2026 Q2,54896,2026-08-20,current
