period,value,released,version
1998,-7560,2015-11-06,v1
1998 APR,-323,2015-11-06,v1
1998 AUG,-337,2015-11-06,v1
1998 DEC,-735,2015-11-06,v1
1998 FEB,-318,2015-11-06,v1
1998 JAN,379,2015-11-06,v1
1998 JUL,-778,2015-11-06,v1
1998 JUN,-1079,2015-11-06,v1
1998 MAR,-518,2015-11-06,v1
1998 MAY,-928,2015-11-06,v1
1998 NOV,-1061,2015-11-06,v1
1998 OCT,-804,2015-11-06,v1
1998 Q1,-457,2015-11-06,v1
1998 Q2,-2330,2015-11-06,v1
1998 Q3,-2173,2015-11-06,v1
1998 Q4,-2600,2015-11-06,v1
1998 SEP,-1058,2015-11-06,v1
1999,-15872,2015-11-06,v1
1999 APR,-1100,2015-11-06,v1
1999 AUG,-1277,2015-11-06,v1
1999 DEC,-1652,2015-11-06,v1
1999 FEB,-938,2015-11-06,v1
1999 JAN,-1166,2015-11-06,v1
1999 JUL,-1919,2015-11-06,v1
1999 JUN,-1871,2015-11-06,v1
1999 MAR,-965,2015-11-06,v1
1999 MAY,-752,2015-11-06,v1
1999 NOV,-1642,2015-11-06,v1
1999 OCT,-1355,2015-11-06,v1
1999 Q1,-3069,2015-11-06,v1
1999 Q2,-3723,2015-11-06,v1
1999 Q3,-4431,2015-11-06,v1
1999 Q4,-4649,2015-11-06,v1
1999 SEP,-1235,2015-11-06,v1
2000,-20186,2015-11-06,v1
2000 APR,-1765,2015-11-06,v1
2000 AUG,-1003,2015-11-06,v1
2000 DEC,-2531,2015-11-06,v1
2000 FEB,-1448,2015-11-06,v1
2000 JAN,-1645,2015-11-06,v1
2000 JUL,-1933,2015-11-06,v1
2000 JUN,-1333,2015-11-06,v1
2000 MAR,-1109,2015-11-06,v1
2000 MAY,-1687,2015-11-06,v1
2000 NOV,-2353,2015-11-06,v1
2000 OCT,-1757,2015-11-06,v1
2000 Q1,-4202,2015-11-06,v1
2000 Q2,-4785,2015-11-06,v1
2000 Q3,-4558,2015-11-06,v1
2000 Q4,-6641,2015-11-06,v1
2000 SEP,-1622,2015-11-06,v1
2001,-25961,2015-11-06,v1
2001 APR,-1708,2015-11-06,v1
2001 AUG,-3183,2015-11-06,v1
2001 DEC,-2508,2015-11-06,v1
2001 FEB,-1631,2015-11-06,v1
2001 JAN,-1829,2015-11-06,v1
2001 JUL,-2171,2015-11-06,v1
2001 JUN,-2676,2015-11-06,v1
2001 MAR,-1854,2015-11-06,v1
2001 MAY,-2234,2015-11-06,v1
2001 NOV,-2137,2015-11-06,v1
2001 OCT,-2023,2015-11-06,v1
2001 Q1,-5314,2015-11-06,v1
2001 Q2,-6618,2015-11-06,v1
2001 Q3,-7361,2015-11-06,v1
2001 Q4,-6668,2015-11-06,v1
2001 SEP,-2007,2015-11-06,v1
2002,-32758,2015-11-06,v1
2002 APR,-2948,2015-11-06,v1
2002 AUG,-2901,2015-11-06,v1
2002 DEC,-2272,2015-11-06,v1
2002 FEB,-2242,2015-11-06,v1
2002 JAN,-2013,2015-11-06,v1
2002 JUL,-3151,2015-11-06,v1
2002 JUN,-3413,2015-11-06,v1
2002 MAR,-2496,2015-11-06,v1
2002 MAY,-2621,2015-11-06,v1
2002 NOV,-3525,2015-11-06,v1
2002 OCT,-2973,2015-11-06,v1
2002 Q1,-6751,2015-11-06,v1
2002 Q2,-8982,2015-11-06,v1
2002 Q3,-8255,2015-11-06,v1
2002 Q4,-8770,2015-11-06,v1
2002 SEP,-2203,2015-11-06,v1
2003,-30156,2015-11-06,v1
2003 APR,-1172,2015-11-06,v1
2003 AUG,-1943,2015-11-06,v1
2003 DEC,-2543,2015-11-06,v1
2003 FEB,-2111,2015-11-06,v1
2003 JAN,-2236,2015-11-06,v1
2003 JUL,-1925,2015-11-06,v1
2003 JUN,-3168,2015-11-06,v1
2003 MAR,-3111,2015-11-06,v1
2003 MAY,-2546,2015-11-06,v1
2003 NOV,-3047,2015-11-06,v1
2003 OCT,-2953,2015-11-06,v1
2003 Q1,-7458,2015-11-06,v1
2003 Q2,-6886,2015-11-06,v1
2003 Q3,-7269,2015-11-06,v1
2003 Q4,-8543,2015-11-06,v1
2003 SEP,-3401,2015-11-06,v1
2004,-35258,2015-11-06,v1
2004 APR,-2695,2015-11-06,v1
2004 AUG,-3388,2015-11-06,v1
2004 DEC,-2362,2015-11-06,v1
2004 FEB,-2408,2015-11-06,v1
2004 JAN,-3779,2015-11-06,v1
2004 JUL,-3223,2015-11-06,v1
2004 JUN,-3042,2015-11-06,v1
2004 MAR,-2411,2015-11-06,v1
2004 MAY,-2730,2015-11-06,v1
2004 NOV,-2739,2015-11-06,v1
2004 OCT,-3471,2015-11-06,v1
2004 Q1,-8598,2015-11-06,v1
2004 Q2,-8467,2015-11-06,v1
2004 Q3,-9621,2015-11-06,v1
2004 Q4,-8572,2015-11-06,v1
2004 SEP,-3010,2015-11-06,v1
2005,-36386,2015-11-06,v1
2005 APR,-3754,2015-11-06,v1
2005 AUG,-3424,2015-11-06,v1
2005 DEC,-3346,2015-11-06,v1
2005 FEB,-2971,2015-11-06,v1
2005 JAN,-3405,2015-11-06,v1
2005 JUL,-2710,2015-11-06,v1
2005 JUN,-2422,2015-11-06,v1
2005 MAR,-3171,2015-11-06,v1
2005 MAY,-2870,2015-11-06,v1
2005 NOV,-3304,2015-11-06,v1
2005 OCT,-2412,2015-11-06,v1
2005 Q1,-9547,2015-11-06,v1
2005 Q2,-9046,2015-11-06,v1
2005 Q3,-8731,2015-11-06,v1
2005 Q4,-9062,2015-11-06,v1
2005 SEP,-2597,2015-11-06,v1
2006,-36123,2015-11-06,v1
2006 APR,-1724,2015-11-06,v1
2006 AUG,-3177,2015-11-06,v1
2006 DEC,-4119,2015-11-06,v1
2006 FEB,-2807,2015-11-06,v1
2006 JAN,-3577,2015-11-06,v1
2006 JUL,-2781,2015-11-06,v1
2006 JUN,-2056,2015-11-06,v1
2006 MAR,-2432,2015-11-06,v1
2006 MAY,-2748,2015-11-06,v1
2006 NOV,-4396,2015-11-06,v1
2006 OCT,-3520,2015-11-06,v1
2006 Q1,-8816,2015-11-06,v1
2006 Q2,-6528,2015-11-06,v1
2006 Q3,-8744,2015-11-06,v1
2006 Q4,-12035,2015-11-06,v1
2006 SEP,-2786,2015-11-06,v1
2007,-39733,2015-11-06,v1
2007 APR,-2153,2015-11-06,v1
2007 AUG,-3432,2015-11-06,v1
2007 DEC,-3685,2015-11-06,v1
2007 FEB,-3211,2015-11-06,v1
2007 JAN,-3402,2015-11-06,v1
2007 JUL,-3602,2015-11-06,v1
2007 JUN,-2838,2015-11-06,v1
2007 MAR,-3753,2015-11-06,v1
2007 MAY,-2699,2015-11-06,v1
2007 NOV,-3547,2015-11-06,v1
2007 OCT,-3541,2015-11-06,v1
2007 Q1,-10366,2015-11-06,v1
2007 Q2,-7690,2015-11-06,v1
2007 Q3,-10904,2015-11-06,v1
2007 Q4,-10773,2015-11-06,v1
2007 SEP,-3870,2015-11-06,v1
2008,-46430,2015-11-06,v1
2008 APR,-3836,2015-11-06,v1
2008 AUG,-3744,2015-11-06,v1
2008 DEC,-2521,2015-11-06,v1
2008 FEB,-5077,2015-11-06,v1
2008 JAN,-4996,2015-11-06,v1
2008 JUL,-4002,2015-11-06,v1
2008 JUN,-3787,2015-11-06,v1
2008 MAR,-4340,2015-11-06,v1
2008 MAY,-3267,2015-11-06,v1
2008 NOV,-4104,2015-11-06,v1
2008 OCT,-3603,2015-11-06,v1
2008 Q1,-14413,2015-11-06,v1
2008 Q2,-10890,2015-11-06,v1
2008 Q3,-10899,2015-11-06,v1
2008 Q4,-10228,2015-11-06,v1
2008 SEP,-3153,2015-11-06,v1
2009,-34711,2015-11-06,v1
2009 APR,-3572,2015-11-06,v1
2009 AUG,-2266,2015-11-06,v1
2009 DEC,-3091,2015-11-06,v1
2009 FEB,-2662,2015-11-06,v1
2009 JAN,-3291,2015-11-06,v1
2009 JUL,-2561,2015-11-06,v1
2009 JUN,-2875,2015-11-06,v1
2009 MAR,-3351,2015-11-06,v1
2009 MAY,-2546,2015-11-06,v1
2009 NOV,-2716,2015-11-06,v1
2009 OCT,-3072,2015-11-06,v1
2009 Q1,-9304,2015-11-06,v1
2009 Q2,-8993,2015-11-06,v1
2009 Q3,-7535,2015-11-06,v1
2009 Q4,-8879,2015-11-06,v1
2009 SEP,-2708,2015-11-06,v1
2010,-43045,2015-11-06,v1
2010 APR,-3277,2015-11-06,v1
2010 AUG,-4154,2015-11-06,v1
2010 DEC,-3852,2015-11-06,v1
2010 FEB,-2105,2015-11-06,v1
2010 JAN,-3848,2015-11-06,v1
2010 JUL,-4222,2015-11-06,v1
2010 JUN,-2442,2015-11-06,v1
2010 MAR,-4025,2015-11-06,v1
2010 MAY,-3306,2015-11-06,v1
2010 NOV,-3771,2015-11-06,v1
2010 OCT,-3918,2015-11-06,v1
2010 Q1,-9978,2015-11-06,v1
2010 Q2,-9025,2015-11-06,v1
2010 Q3,-12501,2015-11-06,v1
2010 Q4,-11541,2015-11-06,v1
2010 SEP,-4125,2015-11-06,v1
2011,-26210,2015-11-06,v1
2011 APR,-702,2015-11-06,v1
2011 AUG,-2591,2015-11-06,v1
2011 DEC,-2240,2015-11-06,v1
2011 FEB,-379,2015-11-06,v1
2011 JAN,-1384,2015-11-06,v1
2011 JUL,-2736,2015-11-06,v1
2011 JUN,-1850,2015-11-06,v1
2011 MAR,-1508,2015-11-06,v1
2011 MAY,-2041,2015-11-06,v1
2011 NOV,-3810,2015-11-06,v1
2011 OCT,-2568,2015-11-06,v1
2011 Q1,-3271,2015-11-06,v1
2011 Q2,-4593,2015-11-06,v1
2011 Q3,-9728,2015-11-06,v1
2011 Q4,-8618,2015-11-06,v1
2011 SEP,-4401,2015-11-06,v1
2012,-33883,2015-11-06,v1
2012 APR,-4159,2015-11-06,v1
2012 AUG,-4038,2015-11-06,v1
2012 DEC,-3589,2015-11-06,v1
2012 FEB,-2180,2015-11-06,v1
2012 JAN,-2207,2015-11-06,v1
2012 JUL,-774,2015-11-06,v1
2012 JUN,-3300,2015-11-06,v1
2012 MAR,-2395,2015-11-06,v1
2012 MAY,-2110,2015-11-06,v1
2012 NOV,-3612,2015-11-06,v1
2012 OCT,-3338,2015-11-06,v1
2012 Q1,-6782,2015-11-06,v1
2012 Q2,-9569,2015-11-06,v1
2012 Q3,-6993,2015-11-06,v1
2012 Q4,-10539,2015-11-06,v1
2012 SEP,-2181,2015-11-06,v1
2013,-34233,2015-11-06,v1
2013 APR,-1540,2015-11-06,v1
2013 AUG,-1472,2015-11-06,v1
2013 DEC,-2335,2015-11-06,v1
2013 FEB,-3132,2015-11-06,v1
2013 JAN,-2287,2015-11-06,v1
2013 JUL,-2346,2015-11-06,v1
2013 JUN,-2554,2015-11-06,v1
2013 MAR,-1989,2015-11-06,v1
2013 MAY,-2948,2015-11-06,v1
2013 NOV,-5287,2015-11-06,v1
2013 OCT,-5181,2015-11-06,v1
2013 Q1,-7408,2015-11-06,v1
2013 Q2,-7042,2015-11-06,v1
2013 Q3,-6980,2015-11-06,v1
2013 Q4,-12803,2015-11-06,v1
2013 SEP,-3162,2015-11-06,v1
2014,-34532,2015-11-06,v1
2014 APR,-2490,2015-11-06,v1
2014 AUG,-3022,2015-11-06,v1
2014 DEC,-5385,2015-11-06,v1
2014 FEB,-3352,2015-11-06,v1
2014 JAN,-4164,2015-11-06,v1
2014 JUL,-3586,2015-11-06,v1
2014 JUN,-1639,2015-11-06,v1
2014 MAR,-2471,2015-11-06,v1
2014 MAY,-1672,2015-11-06,v1
2014 NOV,-2554,2015-11-06,v1
2014 OCT,-1532,2015-11-06,v1
2014 Q1,-9987,2015-11-06,v1
2014 Q2,-5801,2015-11-06,v1
2014 Q3,-9273,2015-11-06,v1
2014 Q4,-9471,2015-11-06,v1
2014 SEP,-2665,2015-11-06,v1
2015 APR,-2277,2015-11-06,v1
2015 AUG,-2905,2015-11-06,v1
2015 FEB,-3443,2015-11-06,v1
2015 JAN,-3286,2015-11-06,v1
2015 JUL,-4280,2015-11-06,v1
2015 JUN,-413,2015-11-06,v1
2015 MAR,-3799,2015-11-06,v1
2015 MAY,-769,2015-11-06,v1
2015 Q1,-10528,2015-11-06,v1
2015 Q2,-3459,2015-11-06,v1
2015 Q3,-8538,2015-11-06,v1
2015 SEP,-1353,2015-11-06,v1
2014,-34003,2015-12-10,v2
2014 APR,-2657,2015-12-10,v2
2014 AUG,-3013,2015-12-10,v2
2014 DEC,-5266,2015-12-10,v2
2014 FEB,-2861,2015-12-10,v2
2014 JAN,-3876,2015-12-10,v2
2014 JUL,-3583,2015-12-10,v2
2014 JUN,-2364,2015-12-10,v2
2014 MAR,-2242,2015-12-10,v2
2014 MAY,-1839,2015-12-10,v2
2014 NOV,-2370,2015-12-10,v2
2014 OCT,-1109,2015-12-10,v2
2014 Q1,-8979,2015-12-10,v2
2014 Q2,-6860,2015-12-10,v2
2014 Q3,-9419,2015-12-10,v2
2014 Q4,-8745,2015-12-10,v2
2014 SEP,-2823,2015-12-10,v2
2015 APR,-2194,2015-12-10,v2
2015 AUG,-3223,2015-12-10,v2
2015 FEB,-3181,2015-12-10,v2
2015 JAN,-2981,2015-12-10,v2
2015 JUL,-4512,2015-12-10,v2
2015 JUN,-635,2015-12-10,v2
2015 MAR,-3779,2015-12-10,v2
2015 MAY,-934,2015-12-10,v2
2015 OCT,-4140,2015-12-10,v2
2015 Q1,-9941,2015-12-10,v2
2015 Q2,-3763,2015-12-10,v2
2015 Q3,-8808,2015-12-10,v2
2015 SEP,-1073,2015-12-10,v2
2014 APR,-2552,2016-01-08,v3
2014 AUG,-3042,2016-01-08,v3
2014 DEC,-5467,2016-01-08,v3
2014 FEB,-2995,2016-01-08,v3
2014 JAN,-3993,2016-01-08,v3
2014 JUL,-3476,2016-01-08,v3
2014 JUN,-2149,2016-01-08,v3
2014 MAR,-2287,2016-01-08,v3
2014 MAY,-1631,2016-01-08,v3
2014 NOV,-2565,2016-01-08,v3
2014 OCT,-1287,2016-01-08,v3
2014 Q1,-9275,2016-01-08,v3
2014 Q2,-6332,2016-01-08,v3
2014 Q3,-9476,2016-01-08,v3
2014 Q4,-9319,2016-01-08,v3
2014 SEP,-2958,2016-01-08,v3
2015 APR,-2548,2016-01-08,v3
2015 AUG,-3160,2016-01-08,v3
2015 FEB,-3432,2016-01-08,v3
2015 JAN,-3200,2016-01-08,v3
2015 JUL,-4575,2016-01-08,v3
2015 JUN,-885,2016-01-08,v3
2015 MAR,-4074,2016-01-08,v3
2015 MAY,-1270,2016-01-08,v3
2015 NOV,-3170,2016-01-08,v3
2015 OCT,-3507,2016-01-08,v3
2015 Q1,-10706,2016-01-08,v3
2015 Q2,-4703,2016-01-08,v3
2015 Q3,-8714,2016-01-08,v3
2015 SEP,-979,2016-01-08,v3
2014,-34402,2016-01-08,v4
2015,-34741,2016-01-08,v4
2015 APR,-2584,2016-01-08,v4
2015 AUG,-3058,2016-01-08,v4
2015 DEC,-2709,2016-01-08,v4
2015 FEB,-3554,2016-01-08,v4
2015 JAN,-3337,2016-01-08,v4
2015 JUL,-4558,2016-01-08,v4
2015 JUN,-941,2016-01-08,v4
2015 MAR,-4142,2016-01-08,v4
2015 MAY,-1256,2016-01-08,v4
2015 NOV,-4031,2016-01-08,v4
2015 OCT,-3612,2016-01-08,v4
2015 Q1,-11033,2016-01-08,v4
2015 Q2,-4781,2016-01-08,v4
2015 Q3,-8575,2016-01-08,v4
2015 Q4,-10352,2016-01-08,v4
2015 SEP,-959,2016-01-08,v4
2015,-36630,2016-03-11,v5
2015 APR,-2550,2016-03-11,v5
2015 AUG,-3120,2016-03-11,v5
2015 DEC,-3699,2016-03-11,v5
2015 FEB,-3429,2016-03-11,v5
2015 JAN,-3247,2016-03-11,v5
2015 JUL,-4526,2016-03-11,v5
2015 JUN,-904,2016-03-11,v5
2015 MAR,-4003,2016-03-11,v5
2015 MAY,-1229,2016-03-11,v5
2015 NOV,-4677,2016-03-11,v5
2015 OCT,-4033,2016-03-11,v5
2015 Q1,-10679,2016-03-11,v5
2015 Q2,-4683,2016-03-11,v5
2015 Q3,-8859,2016-03-11,v5
2015 Q4,-12409,2016-03-11,v5
2015 SEP,-1213,2016-03-11,v5
2016 JAN,-3459,2016-03-11,v5
1948,-216,2016-04-08,v6
1949,-181,2016-04-08,v6
1950,-59,2016-04-08,v6
1951,-661,2016-04-08,v6
1952,-151,2016-04-08,v6
1953,-123,2016-04-08,v6
1954,-98,2016-04-08,v6
1955,-277,2016-04-08,v6
1955 Q1,-76,2016-04-08,v6
1955 Q2,-70,2016-04-08,v6
1955 Q3,-77,2016-04-08,v6
1955 Q4,-54,2016-04-08,v6
1956,70,2016-04-08,v6
1956 Q1,-1,2016-04-08,v6
1956 Q2,34,2016-04-08,v6
1956 Q3,8,2016-04-08,v6
1956 Q4,29,2016-04-08,v6
1957,82,2016-04-08,v6
1957 Q1,3,2016-04-08,v6
1957 Q2,12,2016-04-08,v6
1957 Q3,14,2016-04-08,v6
1957 Q4,53,2016-04-08,v6
1958,141,2016-04-08,v6
1958 Q1,71,2016-04-08,v6
1958 Q2,24,2016-04-08,v6
1958 Q3,31,2016-04-08,v6
1958 Q4,15,2016-04-08,v6
1959,-10,2016-04-08,v6
1959 Q1,7,2016-04-08,v6
1959 Q2,5,2016-04-08,v6
1959 Q3,7,2016-04-08,v6
1959 Q4,-29,2016-04-08,v6
1960,-378,2016-04-08,v6
1960 Q1,-49,2016-04-08,v6
1960 Q2,-112,2016-04-08,v6
1960 Q3,-113,2016-04-08,v6
1960 Q4,-104,2016-04-08,v6
1961,-109,2016-04-08,v6
1961 Q1,-50,2016-04-08,v6
1961 Q2,-54,2016-04-08,v6
1961 Q3,3,2016-04-08,v6
1961 Q4,-8,2016-04-08,v6
1962,-70,2016-04-08,v6
1962 Q1,-21,2016-04-08,v6
1962 Q2,-7,2016-04-08,v6
1962 Q3,-29,2016-04-08,v6
1962 Q4,-13,2016-04-08,v6
1963,-139,2016-04-08,v6
1963 Q1,6,2016-04-08,v6
1963 Q2,-29,2016-04-08,v6
1963 Q3,-45,2016-04-08,v6
1963 Q4,-71,2016-04-08,v6
1964,-608,2016-04-08,v6
1964 Q1,-164,2016-04-08,v6
1964 Q2,-120,2016-04-08,v6
1964 Q3,-159,2016-04-08,v6
1964 Q4,-165,2016-04-08,v6
1965,-354,2016-04-08,v6
1965 Q1,-76,2016-04-08,v6
1965 Q2,-102,2016-04-08,v6
1965 Q3,-97,2016-04-08,v6
1965 Q4,-79,2016-04-08,v6
1966,-100,2016-04-08,v6
1966 Q1,-98,2016-04-08,v6
1966 Q2,-74,2016-04-08,v6
1966 Q3,-54,2016-04-08,v6
1966 Q4,126,2016-04-08,v6
1967,-490,2016-04-08,v6
1967 Q1,-14,2016-04-08,v6
1967 Q2,-75,2016-04-08,v6
1967 Q3,-73,2016-04-08,v6
1967 Q4,-328,2016-04-08,v6
1968,-429,2016-04-08,v6
1968 Q1,-152,2016-04-08,v6
1968 Q2,-151,2016-04-08,v6
1968 Q3,-74,2016-04-08,v6
1968 Q4,-52,2016-04-08,v6
1969,109,2016-04-08,v6
1969 Q1,-85,2016-04-08,v6
1969 Q2,18,2016-04-08,v6
1969 Q3,124,2016-04-08,v6
1969 Q4,52,2016-04-08,v6
1970,361,2016-04-08,v6
1970 Q1,202,2016-04-08,v6
1970 Q2,29,2016-04-08,v6
1970 Q3,4,2016-04-08,v6
1970 Q4,126,2016-04-08,v6
1971,738,2016-04-08,v6
1971 Q1,84,2016-04-08,v6
1971 Q2,162,2016-04-08,v6
1971 Q3,283,2016-04-08,v6
1971 Q4,209,2016-04-08,v6
1972,-106,2016-04-08,v6
1972 Q1,56,2016-04-08,v6
1972 Q2,68,2016-04-08,v6
1972 Q3,-188,2016-04-08,v6
1972 Q4,-42,2016-04-08,v6
1973,-1769,2016-04-08,v6
1973 Q1,-251,2016-04-08,v6
1973 Q2,-288,2016-04-08,v6
1973 Q3,-483,2016-04-08,v6
1973 Q4,-747,2016-04-08,v6
1974,-4065,2016-04-08,v6
1974 Q1,-987,2016-04-08,v6
1974 Q2,-1129,2016-04-08,v6
1974 Q3,-967,2016-04-08,v6
1974 Q4,-982,2016-04-08,v6
1975,-1671,2016-04-08,v6
1975 Q1,-514,2016-04-08,v6
1975 Q2,-285,2016-04-08,v6
1975 Q3,-658,2016-04-08,v6
1975 Q4,-214,2016-04-08,v6
1976,-1208,2016-04-08,v6
1976 Q1,110,2016-04-08,v6
1976 Q2,-433,2016-04-08,v6
1976 Q3,-513,2016-04-08,v6
1976 Q4,-372,2016-04-08,v6
1977,1264,2016-04-08,v6
1977 Q1,-130,2016-04-08,v6
1977 Q2,-3,2016-04-08,v6
1977 Q3,734,2016-04-08,v6
1977 Q4,663,2016-04-08,v6
1978,2504,2016-04-08,v6
1978 Q1,404,2016-04-08,v6
1978 Q2,765,2016-04-08,v6
1978 Q3,553,2016-04-08,v6
1978 Q4,782,2016-04-08,v6
1979,1059,2016-04-08,v6
1979 Q1,-452,2016-04-08,v6
1979 Q2,496,2016-04-08,v6
1979 Q3,584,2016-04-08,v6
1979 Q4,431,2016-04-08,v6
1980,5538,2016-04-08,v6
1980 Q1,606,2016-04-08,v6
1980 Q2,740,2016-04-08,v6
1980 Q3,1916,2016-04-08,v6
1980 Q4,2276,2016-04-08,v6
1981,7762,2016-04-08,v6
1981 Q1,2887,2016-04-08,v6
1981 Q2,2278,2016-04-08,v6
1981 Q3,1115,2016-04-08,v6
1981 Q4,1482,2016-04-08,v6
1982,5875,2016-04-08,v6
1982 Q1,1451,2016-04-08,v6
1982 Q2,1025,2016-04-08,v6
1982 Q3,1424,2016-04-08,v6
1982 Q4,1975,2016-04-08,v6
1983,3513,2016-04-08,v6
1983 Q1,1079,2016-04-08,v6
1983 Q2,582,2016-04-08,v6
1983 Q3,1124,2016-04-08,v6
1983 Q4,728,2016-04-08,v6
1984,365,2016-04-08,v6
1984 Q1,945,2016-04-08,v6
1984 Q2,-112,2016-04-08,v6
1984 Q3,-75,2016-04-08,v6
1984 Q4,-393,2016-04-08,v6
1985,4744,2016-04-08,v6
1985 Q1,-223,2016-04-08,v6
1985 Q2,1882,2016-04-08,v6
1985 Q3,1640,2016-04-08,v6
1985 Q4,1445,2016-04-08,v6
1986,-1786,2016-04-08,v6
1986 Q1,590,2016-04-08,v6
1986 Q2,-368,2016-04-08,v6
1986 Q3,-1104,2016-04-08,v6
1986 Q4,-904,2016-04-08,v6
1987,-3167,2016-04-08,v6
1987 Q1,364,2016-04-08,v6
1987 Q2,-692,2016-04-08,v6
1987 Q3,-895,2016-04-08,v6
1987 Q4,-1944,2016-04-08,v6
1988,-14790,2016-04-08,v6
1988 Q1,-2592,2016-04-08,v6
1988 Q2,-3145,2016-04-08,v6
1988 Q3,-3925,2016-04-08,v6
1988 Q4,-5128,2016-04-08,v6
1989,-17975,2016-04-08,v6
1989 Q1,-4907,2016-04-08,v6
1989 Q2,-4893,2016-04-08,v6
1989 Q3,-5028,2016-04-08,v6
1989 Q4,-3147,2016-04-08,v6
1990,-10762,2016-04-08,v6
1990 Q1,-3798,2016-04-08,v6
1990 Q2,-3480,2016-04-08,v6
1990 Q3,-2042,2016-04-08,v6
1990 Q4,-1442,2016-04-08,v6
1991,-2226,2016-04-08,v6
1991 Q1,-1196,2016-04-08,v6
1991 Q2,-238,2016-04-08,v6
1991 Q3,-294,2016-04-08,v6
1991 Q4,-498,2016-04-08,v6
1992,-4549,2016-04-08,v6
1992 Q1,-226,2016-04-08,v6
1992 Q2,-928,2016-04-08,v6
1992 Q3,-1929,2016-04-08,v6
1992 Q4,-1466,2016-04-08,v6
1993,-2285,2016-04-08,v6
1993 Q1,-548,2016-04-08,v6
1993 Q2,-1156,2016-04-08,v6
1993 Q3,-548,2016-04-08,v6
1993 Q4,-33,2016-04-08,v6
1994,135,2016-04-08,v6
1994 Q1,8,2016-04-08,v6
1994 Q2,-551,2016-04-08,v6
1994 Q3,372,2016-04-08,v6
1994 Q4,306,2016-04-08,v6
1995,2642,2016-04-08,v6
1995 Q1,3100,2016-04-08,v6
1995 Q2,-427,2016-04-08,v6
1995 Q3,-779,2016-04-08,v6
1995 Q4,748,2016-04-08,v6
1996,1916,2016-04-08,v6
1996 Q1,-458,2016-04-08,v6
1996 Q2,265,2016-04-08,v6
1996 Q3,798,2016-04-08,v6
1996 Q4,1311,2016-04-08,v6
1997,4140,2016-04-08,v6
1997 APR,196,2016-04-08,v6
1997 AUG,555,2016-04-08,v6
1997 DEC,-165,2016-04-08,v6
1997 FEB,683,2016-04-08,v6
1997 JAN,1081,2016-04-08,v6
1997 JUL,856,2016-04-08,v6
1997 JUN,227,2016-04-08,v6
1997 MAR,275,2016-04-08,v6
1997 MAY,423,2016-04-08,v6
1997 NOV,-184,2016-04-08,v6
1997 OCT,135,2016-04-08,v6
1997 Q1,2101,2016-04-08,v6
1997 Q2,595,2016-04-08,v6
1997 Q3,1677,2016-04-08,v6
1997 Q4,-233,2016-04-08,v6
1997 SEP,377,2016-04-08,v6
2014,-34003,2016-04-08,v6
2015,-36673,2016-04-08,v6
2015 APR,-2571,2016-04-08,v6
2015 AUG,-3155,2016-04-08,v6
2015 DEC,-3601,2016-04-08,v6
2015 FEB,-3470,2016-04-08,v6
2015 JAN,-3276,2016-04-08,v6
2015 JUL,-4562,2016-04-08,v6
2015 JUN,-925,2016-04-08,v6
2015 MAR,-4046,2016-04-08,v6
2015 MAY,-1241,2016-04-08,v6
2015 NOV,-4604,2016-04-08,v6
2015 OCT,-4000,2016-04-08,v6
2015 Q1,-10792,2016-04-08,v6
2015 Q2,-4737,2016-04-08,v6
2015 Q3,-8939,2016-04-08,v6
2015 Q4,-12205,2016-04-08,v6
2015 SEP,-1222,2016-04-08,v6
2016 FEB,-4840,2016-04-08,v6
2016 JAN,-5234,2016-04-08,v6
2014,-34402,2016-05-10,v7
2016 FEB,-4301,2016-05-10,v7
2016 JAN,-5142,2016-05-10,v7
2016 MAR,-3830,2016-05-10,v7
2016 Q1,-13273,2016-05-10,v7
2016 APR,-3294,2016-06-09,v8
2016 FEB,-4451,2016-06-09,v8
2016 JAN,-5207,2016-06-09,v8
2016 MAR,-3532,2016-06-09,v8
2016 Q1,-13190,2016-06-09,v8
1998,-7910,2016-07-08,v9
1998 APR,-449,2016-07-08,v9
1998 AUG,-250,2016-07-08,v9
1998 DEC,-750,2016-07-08,v9
1998 FEB,-371,2016-07-08,v9
1998 JAN,216,2016-07-08,v9
1998 JUL,-884,2016-07-08,v9
1998 JUN,-1334,2016-07-08,v9
1998 MAR,-593,2016-07-08,v9
1998 MAY,-1151,2016-07-08,v9
1998 NOV,-884,2016-07-08,v9
1998 OCT,-597,2016-07-08,v9
1998 Q1,-748,2016-07-08,v9
1998 Q2,-2934,2016-07-08,v9
1998 Q3,-1997,2016-07-08,v9
1998 Q4,-2231,2016-07-08,v9
1998 SEP,-863,2016-07-08,v9
1999,-16169,2016-07-08,v9
1999 APR,-1266,2016-07-08,v9
1999 AUG,-1031,2016-07-08,v9
1999 DEC,-1696,2016-07-08,v9
1999 FEB,-1244,2016-07-08,v9
1999 JAN,-1347,2016-07-08,v9
1999 JUL,-1740,2016-07-08,v9
1999 JUN,-1783,2016-07-08,v9
1999 MAR,-1296,2016-07-08,v9
1999 MAY,-784,2016-07-08,v9
1999 NOV,-1637,2016-07-08,v9
1999 OCT,-1289,2016-07-08,v9
1999 Q1,-3887,2016-07-08,v9
1999 Q2,-3833,2016-07-08,v9
1999 Q3,-3827,2016-07-08,v9
1999 Q4,-4622,2016-07-08,v9
1999 SEP,-1056,2016-07-08,v9
2000,-20439,2016-07-08,v9
2000 APR,-1701,2016-07-08,v9
2000 AUG,-1534,2016-07-08,v9
2000 DEC,-1864,2016-07-08,v9
2000 FEB,-1562,2016-07-08,v9
2000 JAN,-1723,2016-07-08,v9
2000 JUL,-2441,2016-07-08,v9
2000 JUN,-1547,2016-07-08,v9
2000 MAR,-1144,2016-07-08,v9
2000 MAY,-1699,2016-07-08,v9
2000 NOV,-1729,2016-07-08,v9
2000 OCT,-1583,2016-07-08,v9
2000 Q1,-4429,2016-07-08,v9
2000 Q2,-4947,2016-07-08,v9
2000 Q3,-5887,2016-07-08,v9
2000 Q4,-5176,2016-07-08,v9
2000 SEP,-1912,2016-07-08,v9
2001,-26108,2016-07-08,v9
2001 APR,-1944,2016-07-08,v9
2001 AUG,-3150,2016-07-08,v9
2001 DEC,-2552,2016-07-08,v9
2001 FEB,-1634,2016-07-08,v9
2001 JAN,-1456,2016-07-08,v9
2001 JUL,-2226,2016-07-08,v9
2001 JUN,-2740,2016-07-08,v9
2001 MAR,-2110,2016-07-08,v9
2001 MAY,-2395,2016-07-08,v9
2001 NOV,-2026,2016-07-08,v9
2001 OCT,-1924,2016-07-08,v9
2001 Q1,-5200,2016-07-08,v9
2001 Q2,-7079,2016-07-08,v9
2001 Q3,-7327,2016-07-08,v9
2001 Q4,-6502,2016-07-08,v9
2001 SEP,-1951,2016-07-08,v9
2002,-32945,2016-07-08,v9
2002 APR,-2908,2016-07-08,v9
2002 AUG,-2706,2016-07-08,v9
2002 DEC,-2392,2016-07-08,v9
2002 FEB,-2640,2016-07-08,v9
2002 JAN,-2307,2016-07-08,v9
2002 JUL,-2799,2016-07-08,v9
2002 JUN,-2956,2016-07-08,v9
2002 MAR,-2792,2016-07-08,v9
2002 MAY,-2284,2016-07-08,v9
2002 NOV,-3717,2016-07-08,v9
2002 OCT,-3218,2016-07-08,v9
2002 Q1,-7739,2016-07-08,v9
2002 Q2,-8148,2016-07-08,v9
2002 Q3,-7731,2016-07-08,v9
2002 Q4,-9327,2016-07-08,v9
2002 SEP,-2226,2016-07-08,v9
2003,-30386,2016-07-08,v9
2003 APR,-1183,2016-07-08,v9
2003 AUG,-1953,2016-07-08,v9
2003 DEC,-2638,2016-07-08,v9
2003 FEB,-1863,2016-07-08,v9
2003 JAN,-2104,2016-07-08,v9
2003 JUL,-2089,2016-07-08,v9
2003 JUN,-3387,2016-07-08,v9
2003 MAR,-2939,2016-07-08,v9
2003 MAY,-2723,2016-07-08,v9
2003 NOV,-3098,2016-07-08,v9
2003 OCT,-3015,2016-07-08,v9
2003 Q1,-6906,2016-07-08,v9
2003 Q2,-7293,2016-07-08,v9
2003 Q3,-7436,2016-07-08,v9
2003 Q4,-8751,2016-07-08,v9
2003 SEP,-3394,2016-07-08,v9
2004,-35397,2016-07-08,v9
2004 APR,-2719,2016-07-08,v9
2004 AUG,-3450,2016-07-08,v9
2004 DEC,-2282,2016-07-08,v9
2004 FEB,-2372,2016-07-08,v9
2004 JAN,-3796,2016-07-08,v9
2004 JUL,-3336,2016-07-08,v9
2004 JUN,-3118,2016-07-08,v9
2004 MAR,-2387,2016-07-08,v9
2004 MAY,-2795,2016-07-08,v9
2004 NOV,-2669,2016-07-08,v9
2004 OCT,-3464,2016-07-08,v9
2004 Q1,-8555,2016-07-08,v9
2004 Q2,-8632,2016-07-08,v9
2004 Q3,-9795,2016-07-08,v9
2004 Q4,-8415,2016-07-08,v9
2004 SEP,-3009,2016-07-08,v9
2005,-36502,2016-07-08,v9
2005 APR,-3666,2016-07-08,v9
2005 AUG,-3471,2016-07-08,v9
2005 DEC,-3477,2016-07-08,v9
2005 FEB,-2875,2016-07-08,v9
2005 JAN,-3311,2016-07-08,v9
2005 JUL,-2723,2016-07-08,v9
2005 JUN,-2385,2016-07-08,v9
2005 MAR,-3136,2016-07-08,v9
2005 MAY,-2834,2016-07-08,v9
2005 NOV,-3384,2016-07-08,v9
2005 OCT,-2552,2016-07-08,v9
2005 Q1,-9322,2016-07-08,v9
2005 Q2,-8885,2016-07-08,v9
2005 Q3,-8882,2016-07-08,v9
2005 Q4,-9413,2016-07-08,v9
2005 SEP,-2688,2016-07-08,v9
2006,-36113,2016-07-08,v9
2006 APR,-1976,2016-07-08,v9
2006 AUG,-3484,2016-07-08,v9
2006 DEC,-3409,2016-07-08,v9
2006 FEB,-2896,2016-07-08,v9
2006 JAN,-3688,2016-07-08,v9
2006 JUL,-3237,2016-07-08,v9
2006 JUN,-2495,2016-07-08,v9
2006 MAR,-2621,2016-07-08,v9
2006 MAY,-3125,2016-07-08,v9
2006 NOV,-3518,2016-07-08,v9
2006 OCT,-2968,2016-07-08,v9
2006 Q1,-9205,2016-07-08,v9
2006 Q2,-7596,2016-07-08,v9
2006 Q3,-9417,2016-07-08,v9
2006 Q4,-9895,2016-07-08,v9
2006 SEP,-2696,2016-07-08,v9
2007,-39942,2016-07-08,v9
2007 APR,-2521,2016-07-08,v9
2007 AUG,-3511,2016-07-08,v9
2007 DEC,-3315,2016-07-08,v9
2007 FEB,-3451,2016-07-08,v9
2007 JAN,-3184,2016-07-08,v9
2007 JUL,-3746,2016-07-08,v9
2007 JUN,-2920,2016-07-08,v9
2007 MAR,-4239,2016-07-08,v9
2007 MAY,-2893,2016-07-08,v9
2007 NOV,-3074,2016-07-08,v9
2007 OCT,-3261,2016-07-08,v9
2007 Q1,-10874,2016-07-08,v9
2007 Q2,-8334,2016-07-08,v9
2007 Q3,-11084,2016-07-08,v9
2007 Q4,-9650,2016-07-08,v9
2007 SEP,-3827,2016-07-08,v9
2008,-46189,2016-07-08,v9
2008 APR,-4537,2016-07-08,v9
2008 AUG,-3494,2016-07-08,v9
2008 DEC,-2062,2016-07-08,v9
2008 FEB,-5331,2016-07-08,v9
2008 JAN,-4895,2016-07-08,v9
2008 JUL,-4140,2016-07-08,v9
2008 JUN,-4248,2016-07-08,v9
2008 MAR,-4904,2016-07-08,v9
2008 MAY,-3929,2016-07-08,v9
2008 NOV,-3246,2016-07-08,v9
2008 OCT,-2786,2016-07-08,v9
2008 Q1,-15130,2016-07-08,v9
2008 Q2,-12714,2016-07-08,v9
2008 Q3,-10251,2016-07-08,v9
2008 Q4,-8094,2016-07-08,v9
2008 SEP,-2617,2016-07-08,v9
2009,-34355,2016-07-08,v9
2009 APR,-3815,2016-07-08,v9
2009 AUG,-2255,2016-07-08,v9
2009 DEC,-2689,2016-07-08,v9
2009 FEB,-3112,2016-07-08,v9
2009 JAN,-3344,2016-07-08,v9
2009 JUL,-2498,2016-07-08,v9
2009 JUN,-2749,2016-07-08,v9
2009 MAR,-3873,2016-07-08,v9
2009 MAY,-2465,2016-07-08,v9
2009 NOV,-2184,2016-07-08,v9
2009 OCT,-2750,2016-07-08,v9
2009 Q1,-10329,2016-07-08,v9
2009 Q2,-9029,2016-07-08,v9
2009 Q3,-7374,2016-07-08,v9
2009 Q4,-7623,2016-07-08,v9
2009 SEP,-2621,2016-07-08,v9
2010,-42593,2016-07-08,v9
2010 APR,-3469,2016-07-08,v9
2010 AUG,-4411,2016-07-08,v9
2010 DEC,-3114,2016-07-08,v9
2010 FEB,-2332,2016-07-08,v9
2010 JAN,-3745,2016-07-08,v9
2010 JUL,-4450,2016-07-08,v9
2010 JUN,-2558,2016-07-08,v9
2010 MAR,-4377,2016-07-08,v9
2010 MAY,-3351,2016-07-08,v9
2010 NOV,-3054,2016-07-08,v9
2010 OCT,-3533,2016-07-08,v9
2010 Q1,-10454,2016-07-08,v9
2010 Q2,-9378,2016-07-08,v9
2010 Q3,-13060,2016-07-08,v9
2010 Q4,-9701,2016-07-08,v9
2010 SEP,-4199,2016-07-08,v9
2011,-27060,2016-07-08,v9
2011 APR,-799,2016-07-08,v9
2011 AUG,-2310,2016-07-08,v9
2011 DEC,-2796,2016-07-08,v9
2011 FEB,-143,2016-07-08,v9
2011 JAN,-799,2016-07-08,v9
2011 JUL,-2538,2016-07-08,v9
2011 JUN,-1733,2016-07-08,v9
2011 MAR,-1656,2016-07-08,v9
2011 MAY,-2031,2016-07-08,v9
2011 NOV,-4621,2016-07-08,v9
2011 OCT,-3087,2016-07-08,v9
2011 Q1,-2598,2016-07-08,v9
2011 Q2,-4563,2016-07-08,v9
2011 Q3,-9395,2016-07-08,v9
2011 Q4,-10504,2016-07-08,v9
2011 SEP,-4547,2016-07-08,v9
2012,-37334,2016-07-08,v9
2012 APR,-4547,2016-07-08,v9
2012 AUG,-4156,2016-07-08,v9
2012 DEC,-3067,2016-07-08,v9
2012 FEB,-2250,2016-07-08,v9
2012 JAN,-2690,2016-07-08,v9
2012 JUL,-1628,2016-07-08,v9
2012 JUN,-4418,2016-07-08,v9
2012 MAR,-2520,2016-07-08,v9
2012 MAY,-2880,2016-07-08,v9
2012 NOV,-3291,2016-07-08,v9
2012 OCT,-3475,2016-07-08,v9
2012 Q1,-7460,2016-07-08,v9
2012 Q2,-11845,2016-07-08,v9
2012 Q3,-8196,2016-07-08,v9
2012 Q4,-9833,2016-07-08,v9
2012 SEP,-2412,2016-07-08,v9
2013,-39238,2016-07-08,v9
2013 APR,-1506,2016-07-08,v9
2013 AUG,-2407,2016-07-08,v9
2013 DEC,-3014,2016-07-08,v9
2013 FEB,-2678,2016-07-08,v9
2013 JAN,-1908,2016-07-08,v9
2013 JUL,-3134,2016-07-08,v9
2013 JUN,-3228,2016-07-08,v9
2013 MAR,-1783,2016-07-08,v9
2013 MAY,-2923,2016-07-08,v9
2013 NOV,-6058,2016-07-08,v9
2013 OCT,-6005,2016-07-08,v9
2013 Q1,-6369,2016-07-08,v9
2013 Q2,-7657,2016-07-08,v9
2013 Q3,-10135,2016-07-08,v9
2013 Q4,-15077,2016-07-08,v9
2013 SEP,-4594,2016-07-08,v9
2014,-36223,2016-07-08,v9
2014 APR,-2841,2016-07-08,v9
2014 AUG,-2900,2016-07-08,v9
2014 DEC,-4797,2016-07-08,v9
2014 FEB,-3981,2016-07-08,v9
2014 JAN,-4660,2016-07-08,v9
2014 JUL,-3319,2016-07-08,v9
2014 JUN,-2168,2016-07-08,v9
2014 MAR,-3102,2016-07-08,v9
2014 MAY,-1627,2016-07-08,v9
2014 NOV,-2276,2016-07-08,v9
2014 OCT,-1594,2016-07-08,v9
2014 Q1,-11743,2016-07-08,v9
2014 Q2,-6636,2016-07-08,v9
2014 Q3,-9177,2016-07-08,v9
2014 Q4,-8667,2016-07-08,v9
2015,-38568,2016-07-08,v9
2015 APR,-2156,2016-07-08,v9
2015 AUG,-3261,2016-07-08,v9
2015 DEC,-2731,2016-07-08,v9
2015 FEB,-2085,2016-07-08,v9
2015 JAN,-2666,2016-07-08,v9
2015 JUL,-5713,2016-07-08,v9
2015 JUN,-2687,2016-07-08,v9
2015 MAR,-4897,2016-07-08,v9
2015 MAY,-1343,2016-07-08,v9
2015 NOV,-4405,2016-07-08,v9
2015 OCT,-4498,2016-07-08,v9
2015 Q1,-9648,2016-07-08,v9
2015 Q2,-6186,2016-07-08,v9
2015 Q3,-11100,2016-07-08,v9
2015 Q4,-11634,2016-07-08,v9
2015 SEP,-2126,2016-07-08,v9
2016 APR,-1950,2016-07-08,v9
2016 FEB,-4210,2016-07-08,v9
2016 JAN,-3817,2016-07-08,v9
2016 MAR,-4005,2016-07-08,v9
2016 MAY,-2263,2016-07-08,v9
2016 Q1,-12032,2016-07-08,v9
2016 APR,-3161,2016-08-08,v10
2016 JUN,-5084,2016-08-08,v10
2016 MAY,-4227,2016-08-08,v10
2016 Q2,-12472,2016-08-08,v10
2015,-38674,2016-09-08,v11
2015 APR,-2977,2016-09-08,v11
2015 AUG,-3338,2016-09-08,v11
2015 DEC,-2721,2016-09-08,v11
2015 FEB,-3590,2016-09-08,v11
2015 JAN,-2940,2016-09-08,v11
2015 JUL,-4722,2016-09-08,v11
2015 JUN,-3042,2016-09-08,v11
2015 MAR,-3408,2016-09-08,v11
2015 MAY,-2164,2016-09-08,v11
2015 NOV,-3986,2016-09-08,v11
2015 OCT,-3870,2016-09-08,v11
2015 Q1,-9938,2016-09-08,v11
2015 Q2,-8183,2016-09-08,v11
2015 Q3,-9976,2016-09-08,v11
2015 Q4,-10577,2016-09-08,v11
2015 SEP,-1916,2016-09-08,v11
2016 APR,-3028,2016-09-08,v11
2016 FEB,-3824,2016-09-08,v11
2016 JAN,-4625,2016-09-08,v11
2016 JUL,-4502,2016-09-08,v11
2016 JUN,-5573,2016-09-08,v11
2016 MAR,-2130,2016-09-08,v11
2016 MAY,-3994,2016-09-08,v11
2016 Q1,-10579,2016-09-08,v11
2016 Q2,-12595,2016-09-08,v11
2016 APR,-2983,2016-10-06,v12
2016 AUG,-4733,2016-10-06,v12
2016 FEB,-3587,2016-10-06,v12
2016 JAN,-4442,2016-10-06,v12
2016 JUL,-2203,2016-10-06,v12
2016 JUN,-5652,2016-10-06,v12
2016 MAR,-1946,2016-10-06,v12
2016 MAY,-4056,2016-10-06,v12
2016 Q1,-9975,2016-10-06,v12
2016 Q2,-12691,2016-10-06,v12
2016 AUG,-3768,2016-11-09,v13
2016 JUL,-2058,2016-11-09,v13
2016 Q3,-11047,2016-11-09,v13
2016 SEP,-5221,2016-11-09,v13
2015,-31957,2016-12-09,v14
2015 APR,-2955,2016-12-09,v14
2015 AUG,-2569,2016-12-09,v14
2015 DEC,-325,2016-12-09,v14
2015 FEB,-3845,2016-12-09,v14
2015 JAN,-3453,2016-12-09,v14
2015 JUL,-3568,2016-12-09,v14
2015 JUN,-2251,2016-12-09,v14
2015 MAR,-3014,2016-12-09,v14
2015 MAY,-2021,2016-12-09,v14
2015 NOV,-1937,2016-12-09,v14
2015 OCT,-4086,2016-12-09,v14
2015 Q1,-10312,2016-12-09,v14
2015 Q2,-7227,2016-12-09,v14
2015 Q3,-8070,2016-12-09,v14
2015 Q4,-6348,2016-12-09,v14
2015 SEP,-1933,2016-12-09,v14
2016 APR,-3380,2016-12-09,v14
2016 AUG,-5446,2016-12-09,v14
2016 FEB,-3361,2016-12-09,v14
2016 JAN,-1398,2016-12-09,v14
2016 JUL,-3635,2016-12-09,v14
2016 JUN,-3640,2016-12-09,v14
2016 MAR,-4545,2016-12-09,v14
2016 MAY,-1219,2016-12-09,v14
2016 OCT,-1971,2016-12-09,v14
2016 Q1,-9304,2016-12-09,v14
2016 Q2,-8239,2016-12-09,v14
2016 Q3,-14893,2016-12-09,v14
2016 SEP,-5812,2016-12-09,v14
2015,-29788,2017-01-11,v15
2015 APR,-2466,2017-01-11,v15
2015 AUG,-2758,2017-01-11,v15
2015 DEC,-373,2017-01-11,v15
2015 FEB,-3525,2017-01-11,v15
2015 JAN,-3262,2017-01-11,v15
2015 JUL,-3590,2017-01-11,v15
2015 JUN,-2019,2017-01-11,v15
2015 MAR,-2585,2017-01-11,v15
2015 MAY,-1590,2017-01-11,v15
2015 NOV,-1569,2017-01-11,v15
2015 OCT,-3921,2017-01-11,v15
2015 Q1,-9372,2017-01-11,v15
2015 Q2,-6075,2017-01-11,v15
2015 Q3,-8478,2017-01-11,v15
2015 Q4,-5863,2017-01-11,v15
2015 SEP,-2130,2017-01-11,v15
2016 APR,-3241,2017-01-11,v15
2016 AUG,-5021,2017-01-11,v15
2016 FEB,-3111,2017-01-11,v15
2016 JAN,-1095,2017-01-11,v15
2016 JUL,-3257,2017-01-11,v15
2016 JUN,-3132,2017-01-11,v15
2016 MAR,-4365,2017-01-11,v15
2016 MAY,-973,2017-01-11,v15
2016 NOV,-4167,2017-01-11,v15
2016 OCT,-1547,2017-01-11,v15
2016 Q1,-8571,2017-01-11,v15
2016 Q2,-7346,2017-01-11,v15
2016 Q3,-13595,2017-01-11,v15
2016 SEP,-5317,2017-01-11,v15
2016,-39388,2017-02-10,v16
2016 APR,-3450,2017-02-10,v16
2016 AUG,-5115,2017-02-10,v16
2016 DEC,-3304,2017-02-10,v16
2016 FEB,-3109,2017-02-10,v16
2016 JAN,-1043,2017-02-10,v16
2016 JUL,-3416,2017-02-10,v16
2016 JUN,-3452,2017-02-10,v16
2016 MAR,-4369,2017-02-10,v16
2016 MAY,-1243,2017-02-10,v16
2016 NOV,-3559,2017-02-10,v16
2016 OCT,-1716,2017-02-10,v16
2016 Q1,-8521,2017-02-10,v16
2016 Q2,-8145,2017-02-10,v16
2016 Q3,-14143,2017-02-10,v16
2016 Q4,-8579,2017-02-10,v16
2016 SEP,-5612,2017-02-10,v16
2016,-36015,2017-03-10,v17
2016 APR,-3435,2017-03-10,v17
2016 AUG,-5054,2017-03-10,v17
2016 DEC,-2026,2017-03-10,v17
2016 FEB,-3429,2017-03-10,v17
2016 JAN,-1449,2017-03-10,v17
2016 JUL,-3246,2017-03-10,v17
2016 JUN,-3226,2017-03-10,v17
2016 MAR,-4658,2017-03-10,v17
2016 MAY,-1049,2017-03-10,v17
2016 NOV,-2422,2017-03-10,v17
2016 OCT,-585,2017-03-10,v17
2016 Q1,-9536,2017-03-10,v17
2016 Q2,-7710,2017-03-10,v17
2016 Q3,-13736,2017-03-10,v17
2016 Q4,-5033,2017-03-10,v17
2016 SEP,-5436,2017-03-10,v17
2017 JAN,-1966,2017-03-10,v17
1948,WITHDRAWN,2017-04-06,v18
1949,WITHDRAWN,2017-04-06,v18
1950,WITHDRAWN,2017-04-06,v18
1951,WITHDRAWN,2017-04-06,v18
1952,WITHDRAWN,2017-04-06,v18
1953,WITHDRAWN,2017-04-06,v18
1954,WITHDRAWN,2017-04-06,v18
1955,WITHDRAWN,2017-04-06,v18
1955 Q1,WITHDRAWN,2017-04-06,v18
1955 Q2,WITHDRAWN,2017-04-06,v18
1955 Q3,WITHDRAWN,2017-04-06,v18
1955 Q4,WITHDRAWN,2017-04-06,v18
1956,WITHDRAWN,2017-04-06,v18
1956 Q1,WITHDRAWN,2017-04-06,v18
1956 Q2,WITHDRAWN,2017-04-06,v18
1956 Q3,WITHDRAWN,2017-04-06,v18
1956 Q4,WITHDRAWN,2017-04-06,v18
1957,WITHDRAWN,2017-04-06,v18
1957 Q1,WITHDRAWN,2017-04-06,v18
1957 Q2,WITHDRAWN,2017-04-06,v18
1957 Q3,WITHDRAWN,2017-04-06,v18
1957 Q4,WITHDRAWN,2017-04-06,v18
1958,WITHDRAWN,2017-04-06,v18
1958 Q1,WITHDRAWN,2017-04-06,v18
1958 Q2,WITHDRAWN,2017-04-06,v18
1958 Q3,WITHDRAWN,2017-04-06,v18
1958 Q4,WITHDRAWN,2017-04-06,v18
1959,WITHDRAWN,2017-04-06,v18
1959 Q1,WITHDRAWN,2017-04-06,v18
1959 Q2,WITHDRAWN,2017-04-06,v18
1959 Q3,WITHDRAWN,2017-04-06,v18
1959 Q4,WITHDRAWN,2017-04-06,v18
1960,WITHDRAWN,2017-04-06,v18
1960 Q1,WITHDRAWN,2017-04-06,v18
1960 Q2,WITHDRAWN,2017-04-06,v18
1960 Q3,WITHDRAWN,2017-04-06,v18
1960 Q4,WITHDRAWN,2017-04-06,v18
1961,WITHDRAWN,2017-04-06,v18
1961 Q1,WITHDRAWN,2017-04-06,v18
1961 Q2,WITHDRAWN,2017-04-06,v18
1961 Q3,WITHDRAWN,2017-04-06,v18
1961 Q4,WITHDRAWN,2017-04-06,v18
1962,WITHDRAWN,2017-04-06,v18
1962 Q1,WITHDRAWN,2017-04-06,v18
1962 Q2,WITHDRAWN,2017-04-06,v18
1962 Q3,WITHDRAWN,2017-04-06,v18
1962 Q4,WITHDRAWN,2017-04-06,v18
1963,WITHDRAWN,2017-04-06,v18
1963 Q1,WITHDRAWN,2017-04-06,v18
1963 Q2,WITHDRAWN,2017-04-06,v18
1963 Q3,WITHDRAWN,2017-04-06,v18
1963 Q4,WITHDRAWN,2017-04-06,v18
1964,WITHDRAWN,2017-04-06,v18
1964 Q1,WITHDRAWN,2017-04-06,v18
1964 Q2,WITHDRAWN,2017-04-06,v18
1964 Q3,WITHDRAWN,2017-04-06,v18
1964 Q4,WITHDRAWN,2017-04-06,v18
1965,WITHDRAWN,2017-04-06,v18
1965 Q1,WITHDRAWN,2017-04-06,v18
1965 Q2,WITHDRAWN,2017-04-06,v18
1965 Q3,WITHDRAWN,2017-04-06,v18
1965 Q4,WITHDRAWN,2017-04-06,v18
1966,WITHDRAWN,2017-04-06,v18
1966 Q1,WITHDRAWN,2017-04-06,v18
1966 Q2,WITHDRAWN,2017-04-06,v18
1966 Q3,WITHDRAWN,2017-04-06,v18
1966 Q4,WITHDRAWN,2017-04-06,v18
1967,WITHDRAWN,2017-04-06,v18
1967 Q1,WITHDRAWN,2017-04-06,v18
1967 Q2,WITHDRAWN,2017-04-06,v18
1967 Q3,WITHDRAWN,2017-04-06,v18
1967 Q4,WITHDRAWN,2017-04-06,v18
1968,WITHDRAWN,2017-04-06,v18
1968 Q1,WITHDRAWN,2017-04-06,v18
1968 Q2,WITHDRAWN,2017-04-06,v18
1968 Q3,WITHDRAWN,2017-04-06,v18
1968 Q4,WITHDRAWN,2017-04-06,v18
1969,WITHDRAWN,2017-04-06,v18
1969 Q1,WITHDRAWN,2017-04-06,v18
1969 Q2,WITHDRAWN,2017-04-06,v18
1969 Q3,WITHDRAWN,2017-04-06,v18
1969 Q4,WITHDRAWN,2017-04-06,v18
1970,WITHDRAWN,2017-04-06,v18
1970 Q1,WITHDRAWN,2017-04-06,v18
1970 Q2,WITHDRAWN,2017-04-06,v18
1970 Q3,WITHDRAWN,2017-04-06,v18
1970 Q4,WITHDRAWN,2017-04-06,v18
1971,WITHDRAWN,2017-04-06,v18
1971 Q1,WITHDRAWN,2017-04-06,v18
1971 Q2,WITHDRAWN,2017-04-06,v18
1971 Q3,WITHDRAWN,2017-04-06,v18
1971 Q4,WITHDRAWN,2017-04-06,v18
1972,WITHDRAWN,2017-04-06,v18
1972 Q1,WITHDRAWN,2017-04-06,v18
1972 Q2,WITHDRAWN,2017-04-06,v18
1972 Q3,WITHDRAWN,2017-04-06,v18
1972 Q4,WITHDRAWN,2017-04-06,v18
1973,WITHDRAWN,2017-04-06,v18
1973 Q1,WITHDRAWN,2017-04-06,v18
1973 Q2,WITHDRAWN,2017-04-06,v18
1973 Q3,WITHDRAWN,2017-04-06,v18
1973 Q4,WITHDRAWN,2017-04-06,v18
1974,WITHDRAWN,2017-04-06,v18
1974 Q1,WITHDRAWN,2017-04-06,v18
1974 Q2,WITHDRAWN,2017-04-06,v18
1974 Q3,WITHDRAWN,2017-04-06,v18
1974 Q4,WITHDRAWN,2017-04-06,v18
1975,WITHDRAWN,2017-04-06,v18
1975 Q1,WITHDRAWN,2017-04-06,v18
1975 Q2,WITHDRAWN,2017-04-06,v18
1975 Q3,WITHDRAWN,2017-04-06,v18
1975 Q4,WITHDRAWN,2017-04-06,v18
1976,WITHDRAWN,2017-04-06,v18
1976 Q1,WITHDRAWN,2017-04-06,v18
1976 Q2,WITHDRAWN,2017-04-06,v18
1976 Q3,WITHDRAWN,2017-04-06,v18
1976 Q4,WITHDRAWN,2017-04-06,v18
1977,WITHDRAWN,2017-04-06,v18
1977 Q1,WITHDRAWN,2017-04-06,v18
1977 Q2,WITHDRAWN,2017-04-06,v18
1977 Q3,WITHDRAWN,2017-04-06,v18
1977 Q4,WITHDRAWN,2017-04-06,v18
1978,WITHDRAWN,2017-04-06,v18
1978 Q1,WITHDRAWN,2017-04-06,v18
1978 Q2,WITHDRAWN,2017-04-06,v18
1978 Q3,WITHDRAWN,2017-04-06,v18
1978 Q4,WITHDRAWN,2017-04-06,v18
1979,WITHDRAWN,2017-04-06,v18
1979 Q1,WITHDRAWN,2017-04-06,v18
1979 Q2,WITHDRAWN,2017-04-06,v18
1979 Q3,WITHDRAWN,2017-04-06,v18
1979 Q4,WITHDRAWN,2017-04-06,v18
1980,WITHDRAWN,2017-04-06,v18
1980 Q1,WITHDRAWN,2017-04-06,v18
1980 Q2,WITHDRAWN,2017-04-06,v18
1980 Q3,WITHDRAWN,2017-04-06,v18
1980 Q4,WITHDRAWN,2017-04-06,v18
1981,WITHDRAWN,2017-04-06,v18
1981 Q1,WITHDRAWN,2017-04-06,v18
1981 Q2,WITHDRAWN,2017-04-06,v18
1981 Q3,WITHDRAWN,2017-04-06,v18
1981 Q4,WITHDRAWN,2017-04-06,v18
1982,WITHDRAWN,2017-04-06,v18
1982 Q1,WITHDRAWN,2017-04-06,v18
1982 Q2,WITHDRAWN,2017-04-06,v18
1982 Q3,WITHDRAWN,2017-04-06,v18
1982 Q4,WITHDRAWN,2017-04-06,v18
1983,WITHDRAWN,2017-04-06,v18
1983 Q1,WITHDRAWN,2017-04-06,v18
1983 Q2,WITHDRAWN,2017-04-06,v18
1983 Q3,WITHDRAWN,2017-04-06,v18
1983 Q4,WITHDRAWN,2017-04-06,v18
1984,WITHDRAWN,2017-04-06,v18
1984 Q1,WITHDRAWN,2017-04-06,v18
1984 Q2,WITHDRAWN,2017-04-06,v18
1984 Q3,WITHDRAWN,2017-04-06,v18
1984 Q4,WITHDRAWN,2017-04-06,v18
1985,WITHDRAWN,2017-04-06,v18
1985 Q1,WITHDRAWN,2017-04-06,v18
1985 Q2,WITHDRAWN,2017-04-06,v18
1985 Q3,WITHDRAWN,2017-04-06,v18
1985 Q4,WITHDRAWN,2017-04-06,v18
1986,WITHDRAWN,2017-04-06,v18
1986 Q1,WITHDRAWN,2017-04-06,v18
1986 Q2,WITHDRAWN,2017-04-06,v18
1986 Q3,WITHDRAWN,2017-04-06,v18
1986 Q4,WITHDRAWN,2017-04-06,v18
1987,WITHDRAWN,2017-04-06,v18
1987 Q1,WITHDRAWN,2017-04-06,v18
1987 Q2,WITHDRAWN,2017-04-06,v18
1987 Q3,WITHDRAWN,2017-04-06,v18
1987 Q4,WITHDRAWN,2017-04-06,v18
1988,WITHDRAWN,2017-04-06,v18
1988 Q1,WITHDRAWN,2017-04-06,v18
1988 Q2,WITHDRAWN,2017-04-06,v18
1988 Q3,WITHDRAWN,2017-04-06,v18
1988 Q4,WITHDRAWN,2017-04-06,v18
1989,WITHDRAWN,2017-04-06,v18
1989 Q1,WITHDRAWN,2017-04-06,v18
1989 Q2,WITHDRAWN,2017-04-06,v18
1989 Q3,WITHDRAWN,2017-04-06,v18
1989 Q4,WITHDRAWN,2017-04-06,v18
1990,WITHDRAWN,2017-04-06,v18
1990 Q1,WITHDRAWN,2017-04-06,v18
1990 Q2,WITHDRAWN,2017-04-06,v18
1990 Q3,WITHDRAWN,2017-04-06,v18
1990 Q4,WITHDRAWN,2017-04-06,v18
1991,WITHDRAWN,2017-04-06,v18
1991 Q1,WITHDRAWN,2017-04-06,v18
1991 Q2,WITHDRAWN,2017-04-06,v18
1991 Q3,WITHDRAWN,2017-04-06,v18
1991 Q4,WITHDRAWN,2017-04-06,v18
1992,WITHDRAWN,2017-04-06,v18
1992 Q1,WITHDRAWN,2017-04-06,v18
1992 Q2,WITHDRAWN,2017-04-06,v18
1992 Q3,WITHDRAWN,2017-04-06,v18
1992 Q4,WITHDRAWN,2017-04-06,v18
1993,WITHDRAWN,2017-04-06,v18
1993 Q1,WITHDRAWN,2017-04-06,v18
1993 Q2,WITHDRAWN,2017-04-06,v18
1993 Q3,WITHDRAWN,2017-04-06,v18
1993 Q4,WITHDRAWN,2017-04-06,v18
1994,WITHDRAWN,2017-04-06,v18
1994 Q1,WITHDRAWN,2017-04-06,v18
1994 Q2,WITHDRAWN,2017-04-06,v18
1994 Q3,WITHDRAWN,2017-04-06,v18
1994 Q4,WITHDRAWN,2017-04-06,v18
1995,WITHDRAWN,2017-04-06,v18
1995 Q1,WITHDRAWN,2017-04-06,v18
1995 Q2,WITHDRAWN,2017-04-06,v18
1995 Q3,WITHDRAWN,2017-04-06,v18
1995 Q4,WITHDRAWN,2017-04-06,v18
1996,WITHDRAWN,2017-04-06,v18
1996 Q1,WITHDRAWN,2017-04-06,v18
1996 Q2,WITHDRAWN,2017-04-06,v18
1996 Q3,WITHDRAWN,2017-04-06,v18
1996 Q4,WITHDRAWN,2017-04-06,v18
1997,WITHDRAWN,2017-04-06,v18
1997 APR,WITHDRAWN,2017-04-06,v18
1997 AUG,WITHDRAWN,2017-04-06,v18
1997 DEC,WITHDRAWN,2017-04-06,v18
1997 FEB,WITHDRAWN,2017-04-06,v18
1997 JAN,WITHDRAWN,2017-04-06,v18
1997 JUL,WITHDRAWN,2017-04-06,v18
1997 JUN,WITHDRAWN,2017-04-06,v18
1997 MAR,WITHDRAWN,2017-04-06,v18
1997 MAY,WITHDRAWN,2017-04-06,v18
1997 NOV,WITHDRAWN,2017-04-06,v18
1997 OCT,WITHDRAWN,2017-04-06,v18
1997 Q1,WITHDRAWN,2017-04-06,v18
1997 Q2,WITHDRAWN,2017-04-06,v18
1997 Q3,WITHDRAWN,2017-04-06,v18
1997 Q4,WITHDRAWN,2017-04-06,v18
1997 SEP,WITHDRAWN,2017-04-06,v18
2016,-37026,2017-04-06,v18
2016 APR,-3407,2017-04-06,v18
2016 AUG,-5463,2017-04-06,v18
2016 DEC,-1833,2017-04-06,v18
2016 FEB,-3434,2017-04-06,v18
2016 JAN,-1454,2017-04-06,v18
2016 JUL,-3579,2017-04-06,v18
2016 JUN,-3376,2017-04-06,v18
2016 MAR,-4652,2017-04-06,v18
2016 MAY,-1061,2017-04-06,v18
2016 NOV,-2324,2017-04-06,v18
2016 OCT,-688,2017-04-06,v18
2016 Q1,-9540,2017-04-06,v18
2016 Q2,-7844,2017-04-06,v18
2016 Q3,-14797,2017-04-06,v18
2016 Q4,-4845,2017-04-06,v18
2016 SEP,-5755,2017-04-06,v18
2017 FEB,-3663,2017-04-06,v18
2017 JAN,-2975,2017-04-06,v18
2017 FEB,-2650,2017-05-10,v19
2017 JAN,-2990,2017-05-10,v19
2017 MAR,-4900,2017-05-10,v19
2017 Q1,-10540,2017-05-10,v19
2017 APR,-2050,2017-06-08,v20
2017 FEB,-2636,2017-06-08,v20
2017 JAN,-2743,2017-06-08,v20
2017 MAR,-3896,2017-06-08,v20
2017 Q1,-9275,2017-06-08,v20
2017 APR,-2116,2017-07-06,v21
2017 FEB,-2480,2017-07-06,v21
2017 JAN,-2636,2017-07-06,v21
2017 MAR,-3723,2017-07-06,v21
2017 MAY,-3073,2017-07-06,v21
2017 Q1,-8839,2017-07-06,v21
2017 APR,-1864,2017-08-09,v22
2017 JUN,-4564,2017-08-09,v22
2017 MAY,-2516,2017-08-09,v22
2017 Q2,-8944,2017-08-09,v22
2017 APR,-2007,2017-09-07,v23
2017 JUL,-2872,2017-09-07,v23
2017 JUN,-2914,2017-09-07,v23
2017 MAY,-2828,2017-09-07,v23
2017 Q2,-7749,2017-09-07,v23
1998,-7865,2017-10-09,v24
1998 APR,-390,2017-10-09,v24
1998 AUG,-394,2017-10-09,v24
1998 DEC,-694,2017-10-09,v24
1998 FEB,-455,2017-10-09,v24
1998 JAN,523,2017-10-09,v24
1998 JUL,-828,2017-10-09,v24
1998 JUN,-1378,2017-10-09,v24
1998 MAR,-773,2017-10-09,v24
1998 MAY,-1098,2017-10-09,v24
1998 NOV,-912,2017-10-09,v24
1998 OCT,-483,2017-10-09,v24
1998 Q1,-705,2017-10-09,v24
1998 Q2,-2866,2017-10-09,v24
1998 Q3,-2205,2017-10-09,v24
1998 Q4,-2089,2017-10-09,v24
1998 SEP,-983,2017-10-09,v24
1999,-15990,2017-10-09,v24
1999 APR,-1183,2017-10-09,v24
1999 AUG,-1145,2017-10-09,v24
1999 DEC,-1465,2017-10-09,v24
1999 FEB,-1536,2017-10-09,v24
1999 JAN,-1456,2017-10-09,v24
1999 JUL,-1446,2017-10-09,v24
1999 JUN,-1800,2017-10-09,v24
1999 MAR,-1497,2017-10-09,v24
1999 MAY,-553,2017-10-09,v24
1999 NOV,-1702,2017-10-09,v24
1999 OCT,-1343,2017-10-09,v24
1999 Q1,-4489,2017-10-09,v24
1999 Q2,-3536,2017-10-09,v24
1999 Q3,-3455,2017-10-09,v24
1999 Q4,-4510,2017-10-09,v24
1999 SEP,-864,2017-10-09,v24
2000,-20077,2017-10-09,v24
2000 APR,-1830,2017-10-09,v24
2000 AUG,-1558,2017-10-09,v24
2000 DEC,-1762,2017-10-09,v24
2000 FEB,-1569,2017-10-09,v24
2000 JAN,-1584,2017-10-09,v24
2000 JUL,-2278,2017-10-09,v24
2000 JUN,-1534,2017-10-09,v24
2000 MAR,-1056,2017-10-09,v24
2000 MAY,-1766,2017-10-09,v24
2000 NOV,-1679,2017-10-09,v24
2000 OCT,-1640,2017-10-09,v24
2000 Q1,-4209,2017-10-09,v24
2000 Q2,-5130,2017-10-09,v24
2000 Q3,-5657,2017-10-09,v24
2000 Q4,-5081,2017-10-09,v24
2000 SEP,-1821,2017-10-09,v24
2001,-25962,2017-10-09,v24
2001 APR,-2060,2017-10-09,v24
2001 AUG,-3063,2017-10-09,v24
2001 DEC,-2437,2017-10-09,v24
2001 FEB,-1674,2017-10-09,v24
2001 JAN,-1479,2017-10-09,v24
2001 JUL,-2266,2017-10-09,v24
2001 JUN,-2766,2017-10-09,v24
2001 MAR,-1846,2017-10-09,v24
2001 MAY,-2425,2017-10-09,v24
2001 NOV,-1973,2017-10-09,v24
2001 OCT,-1975,2017-10-09,v24
2001 Q1,-4999,2017-10-09,v24
2001 Q2,-7251,2017-10-09,v24
2001 Q4,-6385,2017-10-09,v24
2001 SEP,-1998,2017-10-09,v24
2002,-32982,2017-10-09,v24
2002 APR,-3118,2017-10-09,v24
2002 AUG,-2418,2017-10-09,v24
2002 DEC,-2456,2017-10-09,v24
2002 FEB,-2742,2017-10-09,v24
2002 JAN,-2304,2017-10-09,v24
2002 JUL,-2801,2017-10-09,v24
2002 JUN,-3092,2017-10-09,v24
2002 MAR,-2878,2017-10-09,v24
2002 MAY,-2372,2017-10-09,v24
2002 NOV,-3743,2017-10-09,v24
2002 OCT,-3019,2017-10-09,v24
2002 Q1,-7924,2017-10-09,v24
2002 Q2,-8582,2017-10-09,v24
2002 Q3,-7258,2017-10-09,v24
2002 Q4,-9218,2017-10-09,v24
2002 SEP,-2039,2017-10-09,v24
2003,-29993,2017-10-09,v24
2003 APR,-1429,2017-10-09,v24
2003 AUG,-1998,2017-10-09,v24
2003 DEC,-2413,2017-10-09,v24
2003 FEB,-1990,2017-10-09,v24
2003 JAN,-2063,2017-10-09,v24
2003 JUL,-1994,2017-10-09,v24
2003 JUN,-3421,2017-10-09,v24
2003 MAR,-2715,2017-10-09,v24
2003 MAY,-2600,2017-10-09,v24
2003 NOV,-3061,2017-10-09,v24
2003 OCT,-2846,2017-10-09,v24
2003 Q1,-6768,2017-10-09,v24
2003 Q2,-7450,2017-10-09,v24
2003 Q3,-7455,2017-10-09,v24
2003 Q4,-8320,2017-10-09,v24
2003 SEP,-3463,2017-10-09,v24
2004,-34402,2017-10-09,v24
2004 APR,-2439,2017-10-09,v24
2004 AUG,-3620,2017-10-09,v24
2004 DEC,-2111,2017-10-09,v24
2004 FEB,-1990,2017-10-09,v24
2004 JAN,-3341,2017-10-09,v24
2004 JUL,-3315,2017-10-09,v24
2004 JUN,-3480,2017-10-09,v24
2004 MAR,-2010,2017-10-09,v24
2004 MAY,-2712,2017-10-09,v24
2004 NOV,-2798,2017-10-09,v24
2004 OCT,-3529,2017-10-09,v24
2004 Q1,-7341,2017-10-09,v24
2004 Q2,-8631,2017-10-09,v24
2004 Q3,-9992,2017-10-09,v24
2004 Q4,-8438,2017-10-09,v24
2004 SEP,-3057,2017-10-09,v24
2005,-35613,2017-10-09,v24
2005 APR,-3492,2017-10-09,v24
2005 AUG,-3670,2017-10-09,v24
2005 DEC,-2977,2017-10-09,v24
2005 FEB,-3062,2017-10-09,v24
2005 JAN,-3349,2017-10-09,v24
2005 JUL,-2827,2017-10-09,v24
2005 JUN,-2250,2017-10-09,v24
2005 MAR,-2981,2017-10-09,v24
2005 MAY,-2764,2017-10-09,v24
2005 NOV,-3338,2017-10-09,v24
2005 OCT,-2207,2017-10-09,v24
2005 Q1,-9392,2017-10-09,v24
2005 Q2,-8506,2017-10-09,v24
2005 Q3,-9193,2017-10-09,v24
2005 Q4,-8522,2017-10-09,v24
2005 SEP,-2696,2017-10-09,v24
2006,-35258,2017-10-09,v24
2006 APR,-2498,2017-10-09,v24
2006 AUG,-3589,2017-10-09,v24
2006 DEC,-2902,2017-10-09,v24
2006 FEB,-3042,2017-10-09,v24
2006 JAN,-3571,2017-10-09,v24
2006 JUL,-3169,2017-10-09,v24
2006 JUN,-2492,2017-10-09,v24
2006 MAR,-2300,2017-10-09,v24
2006 MAY,-3428,2017-10-09,v24
2006 NOV,-3020,2017-10-09,v24
2006 OCT,-2596,2017-10-09,v24
2006 Q1,-8913,2017-10-09,v24
2006 Q2,-8418,2017-10-09,v24
2006 Q3,-9409,2017-10-09,v24
2006 Q4,-8518,2017-10-09,v24
2006 SEP,-2651,2017-10-09,v24
2007,-38053,2017-10-09,v24
2007 APR,-2213,2017-10-09,v24
2007 AUG,-3407,2017-10-09,v24
2007 DEC,-3105,2017-10-09,v24
2007 FEB,-3306,2017-10-09,v24
2007 JAN,-2886,2017-10-09,v24
2007 JUL,-3807,2017-10-09,v24
2007 JUN,-3067,2017-10-09,v24
2007 MAR,-3903,2017-10-09,v24
2007 MAY,-2657,2017-10-09,v24
2007 NOV,-2765,2017-10-09,v24
2007 OCT,-3122,2017-10-09,v24
2007 Q1,-10095,2017-10-09,v24
2007 Q2,-7937,2017-10-09,v24
2007 Q3,-11029,2017-10-09,v24
2007 Q4,-8992,2017-10-09,v24
2007 SEP,-3815,2017-10-09,v24
2008,-45053,2017-10-09,v24
2008 APR,-4307,2017-10-09,v24
2008 AUG,-4102,2017-10-09,v24
2008 DEC,-2106,2017-10-09,v24
2008 FEB,-4693,2017-10-09,v24
2008 JAN,-4410,2017-10-09,v24
2008 JUL,-4421,2017-10-09,v24
2008 JUN,-4473,2017-10-09,v24
2008 MAR,-4358,2017-10-09,v24
2008 MAY,-3741,2017-10-09,v24
2008 NOV,-3302,2017-10-09,v24
2008 OCT,-2438,2017-10-09,v24
2008 Q1,-13461,2017-10-09,v24
2008 Q2,-12521,2017-10-09,v24
2008 Q3,-11225,2017-10-09,v24
2008 Q4,-7846,2017-10-09,v24
2008 SEP,-2702,2017-10-09,v24
2009,-33453,2017-10-09,v24
2009 APR,-3629,2017-10-09,v24
2009 AUG,-2312,2017-10-09,v24
2009 DEC,-2624,2017-10-09,v24
2009 FEB,-2844,2017-10-09,v24
2009 JAN,-2865,2017-10-09,v24
2009 JUL,-2516,2017-10-09,v24
2009 JUN,-2965,2017-10-09,v24
2009 MAR,-3753,2017-10-09,v24
2009 MAY,-2696,2017-10-09,v24
2009 NOV,-2196,2017-10-09,v24
2009 OCT,-2354,2017-10-09,v24
2009 Q1,-9462,2017-10-09,v24
2009 Q2,-9290,2017-10-09,v24
2009 Q3,-7527,2017-10-09,v24
2009 Q4,-7174,2017-10-09,v24
2009 SEP,-2699,2017-10-09,v24
2010,-41168,2017-10-09,v24
2010 APR,-3174,2017-10-09,v24
2010 AUG,-4331,2017-10-09,v24
2010 DEC,-3443,2017-10-09,v24
2010 FEB,-1885,2017-10-09,v24
2010 JAN,-3406,2017-10-09,v24
2010 JUL,-4176,2017-10-09,v24
2010 JUN,-2763,2017-10-09,v24
2010 MAR,-4031,2017-10-09,v24
2010 MAY,-3280,2017-10-09,v24
2010 NOV,-3339,2017-10-09,v24
2010 OCT,-3483,2017-10-09,v24
2010 Q1,-9322,2017-10-09,v24
2010 Q2,-9217,2017-10-09,v24
2010 Q3,-12364,2017-10-09,v24
2010 Q4,-10265,2017-10-09,v24
2010 SEP,-3857,2017-10-09,v24
2011,-25171,2017-10-09,v24
2011 APR,-887,2017-10-09,v24
2011 AUG,-2787,2017-10-09,v24
2011 DEC,-1551,2017-10-09,v24
2011 FEB,-206,2017-10-09,v24
2011 JAN,-1218,2017-10-09,v24
2011 JUL,-2968,2017-10-09,v24
2011 JUN,-1845,2017-10-09,v24
2011 MAR,-1618,2017-10-09,v24
2011 MAY,-2264,2017-10-09,v24
2011 NOV,-3690,2017-10-09,v24
2011 OCT,-2169,2017-10-09,v24
2011 Q1,-3042,2017-10-09,v24
2011 Q2,-4996,2017-10-09,v24
2011 Q3,-9723,2017-10-09,v24
2011 Q4,-7410,2017-10-09,v24
2011 SEP,-3968,2017-10-09,v24
2012,-33364,2017-10-09,v24
2012 APR,-4807,2017-10-09,v24
2012 AUG,-4015,2017-10-09,v24
2012 DEC,-2003,2017-10-09,v24
2012 FEB,-1424,2017-10-09,v24
2012 JAN,-1839,2017-10-09,v24
2012 JUL,-1608,2017-10-09,v24
2012 JUN,-4474,2017-10-09,v24
2012 MAR,-2000,2017-10-09,v24
2012 MAY,-3006,2017-10-09,v24
2012 NOV,-2517,2017-10-09,v24
2012 OCT,-3408,2017-10-09,v24
2012 Q1,-5263,2017-10-09,v24
2012 Q2,-12287,2017-10-09,v24
2012 Q3,-7886,2017-10-09,v24
2012 Q4,-7928,2017-10-09,v24
2012 SEP,-2263,2017-10-09,v24
2013,-35367,2017-10-09,v24
2013 APR,-1695,2017-10-09,v24
2013 AUG,-2382,2017-10-09,v24
2013 DEC,-3052,2017-10-09,v24
2013 FEB,-1865,2017-10-09,v24
2013 JAN,-1524,2017-10-09,v24
2013 JUL,-3186,2017-10-09,v24
2013 JUN,-3284,2017-10-09,v24
2013 MAR,-1119,2017-10-09,v24
2013 MAY,-2928,2017-10-09,v24
2013 NOV,-5545,2017-10-09,v24
2013 OCT,-5183,2017-10-09,v24
2013 Q1,-4508,2017-10-09,v24
2013 Q2,-7907,2017-10-09,v24
2013 Q3,-9172,2017-10-09,v24
2013 Q4,-13780,2017-10-09,v24
2013 SEP,-3604,2017-10-09,v24
2014,-36831,2017-10-09,v24
2014 APR,-3100,2017-10-09,v24
2014 AUG,-3402,2017-10-09,v24
2014 DEC,-5106,2017-10-09,v24
2014 FEB,-3700,2017-10-09,v24
2014 JAN,-4719,2017-10-09,v24
2014 JUL,-3501,2017-10-09,v24
2014 JUN,-2050,2017-10-09,v24
2014 MAR,-2991,2017-10-09,v24
2014 MAY,-792,2017-10-09,v24
2014 NOV,-2518,2017-10-09,v24
2014 OCT,-2016,2017-10-09,v24
2014 Q1,-11410,2017-10-09,v24
2014 Q2,-5942,2017-10-09,v24
2014 Q3,-9839,2017-10-09,v24
2014 Q4,-9640,2017-10-09,v24
2014 SEP,-2936,2017-10-09,v24
2015,-32370,2017-10-09,v24
2015 APR,-2218,2017-10-09,v24
2015 AUG,-2537,2017-10-09,v24
2015 DEC,-811,2017-10-09,v24
2015 FEB,-5196,2017-10-09,v24
2015 JAN,-2616,2017-10-09,v24
2015 JUL,-3553,2017-10-09,v24
2015 JUN,-2021,2017-10-09,v24
2015 MAR,-2261,2017-10-09,v24
2015 MAY,-1581,2017-10-09,v24
2015 NOV,-2573,2017-10-09,v24
2015 OCT,-4867,2017-10-09,v24
2015 Q1,-10073,2017-10-09,v24
2015 Q2,-5820,2017-10-09,v24
2015 Q3,-8226,2017-10-09,v24
2015 Q4,-8251,2017-10-09,v24
2015 SEP,-2136,2017-10-09,v24
2016,-43013,2017-10-09,v24
2016 APR,-3657,2017-10-09,v24
2016 AUG,-6259,2017-10-09,v24
2016 DEC,-2828,2017-10-09,v24
2016 FEB,-3925,2017-10-09,v24
2016 JAN,-1603,2017-10-09,v24
2016 JUL,-4030,2017-10-09,v24
2016 JUN,-3614,2017-10-09,v24
2016 MAR,-5035,2017-10-09,v24
2016 MAY,-1217,2017-10-09,v24
2016 NOV,-3155,2017-10-09,v24
2016 OCT,-1345,2017-10-09,v24
2016 Q1,-10563,2017-10-09,v24
2016 Q2,-8488,2017-10-09,v24
2016 Q3,-16634,2017-10-09,v24
2016 Q4,-7328,2017-10-09,v24
2016 SEP,-6345,2017-10-09,v24
2017 APR,-1128,2017-10-09,v24
2017 AUG,-5626,2017-10-09,v24
2017 FEB,-2383,2017-10-09,v24
2017 JUL,-4236,2017-10-09,v24
2017 JUN,-3345,2017-10-09,v24
2017 MAR,-3885,2017-10-09,v24
2017 MAY,-2034,2017-10-09,v24
2017 Q1,-8904,2017-10-09,v24
2017 Q2,-6507,2017-10-09,v24
2017 AUG,-3455,2017-11-10,v26
2017 JUL,-3254,2017-11-10,v26
2017 Q3,-9463,2017-11-10,v26
2017 SEP,-2754,2017-11-10,v26
2016,-40834,2017-12-08,v27
2016 APR,-3287,2017-12-08,v27
2016 AUG,-5943,2017-12-08,v27
2016 DEC,-2713,2017-12-08,v27
2016 FEB,-3636,2017-12-08,v27
2016 JAN,-1652,2017-12-08,v27
2016 JUL,-4187,2017-12-08,v27
2016 JUN,-3442,2017-12-08,v27
2016 MAR,-4489,2017-12-08,v27
2016 MAY,-949,2017-12-08,v27
2016 NOV,-3044,2017-12-08,v27
2016 OCT,-1256,2017-12-08,v27
2016 Q1,-9777,2017-12-08,v27
2016 Q2,-7678,2017-12-08,v27
2016 Q3,-16366,2017-12-08,v27
2016 Q4,-7013,2017-12-08,v27
2016 SEP,-6236,2017-12-08,v27
2017 APR,-633,2017-12-08,v27
2017 AUG,-2465,2017-12-08,v27
2017 FEB,-2420,2017-12-08,v27
2017 JAN,-2479,2017-12-08,v27
2017 JUL,-2321,2017-12-08,v27
2017 JUN,-3479,2017-12-08,v27
2017 MAR,-3679,2017-12-08,v27
2017 MAY,-1954,2017-12-08,v27
2017 OCT,-1405,2017-12-08,v27
2017 Q1,-8578,2017-12-08,v27
2017 Q2,-6066,2017-12-08,v27
2017 Q3,-5927,2017-12-08,v27
2017 SEP,-1141,2017-12-08,v27
2016,-40677,2018-01-10,v28
2016 APR,-3271,2018-01-10,v28
2016 AUG,-5933,2018-01-10,v28
2016 DEC,-2689,2018-01-10,v28
2016 FEB,-3631,2018-01-10,v28
2016 JAN,-1649,2018-01-10,v28
2016 JUL,-4175,2018-01-10,v28
2016 JUN,-3425,2018-01-10,v28
2016 MAR,-4478,2018-01-10,v28
2016 MAY,-931,2018-01-10,v28
2016 NOV,-3027,2018-01-10,v28
2016 OCT,-1243,2018-01-10,v28
2016 Q1,-9758,2018-01-10,v28
2016 Q2,-7627,2018-01-10,v28
2016 Q3,-16333,2018-01-10,v28
2016 Q4,-6959,2018-01-10,v28
2016 SEP,-6225,2018-01-10,v28
2017 APR,-657,2018-01-10,v28
2017 AUG,-2429,2018-01-10,v28
2017 FEB,-2397,2018-01-10,v28
2017 JAN,-2450,2018-01-10,v28
2017 JUL,-2313,2018-01-10,v28
2017 JUN,-3502,2018-01-10,v28
2017 MAR,-3676,2018-01-10,v28
2017 MAY,-1989,2018-01-10,v28
2017 NOV,-2804,2018-01-10,v28
2017 OCT,-2270,2018-01-10,v28
2017 Q1,-8523,2018-01-10,v28
2017 Q2,-6148,2018-01-10,v28
2017 Q3,-5837,2018-01-10,v28
2017 SEP,-1095,2018-01-10,v28
2017,-33657,2018-02-09,v29
2017 APR,-840,2018-02-09,v29
2017 AUG,-2995,2018-02-09,v29
2017 DEC,-4896,2018-02-09,v29
2017 FEB,-2537,2018-02-09,v29
2017 JAN,-2619,2018-02-09,v29
2017 JUL,-2584,2018-02-09,v29
2017 JUN,-3740,2018-02-09,v29
2017 MAR,-3897,2018-02-09,v29
2017 MAY,-2174,2018-02-09,v29
2017 NOV,-3652,2018-02-09,v29
2017 OCT,-2260,2018-02-09,v29
2017 Q1,-9053,2018-02-09,v29
2017 Q2,-6754,2018-02-09,v29
2017 Q3,-7042,2018-02-09,v29
2017 Q4,-10808,2018-02-09,v29
2017 SEP,-1463,2018-02-09,v29
2017,-28303,2018-03-09,v30
2017 APR,-803,2018-03-09,v30
2017 AUG,-2329,2018-03-09,v30
2017 DEC,-2492,2018-03-09,v30
2017 FEB,-2450,2018-03-09,v30
2017 JAN,-2583,2018-03-09,v30
2017 JUL,-1994,2018-03-09,v30
2017 JUN,-3609,2018-03-09,v30
2017 MAR,-3890,2018-03-09,v30
2017 MAY,-2131,2018-03-09,v30
2017 NOV,-3093,2018-03-09,v30
2017 OCT,-2185,2018-03-09,v30
2017 Q1,-8923,2018-03-09,v30
2017 Q2,-6543,2018-03-09,v30
2017 Q3,-5067,2018-03-09,v30
2017 Q4,-7770,2018-03-09,v30
2017 SEP,-744,2018-03-09,v30
2018 JAN,-3074,2018-03-09,v30
2017,-28620,2018-04-10,v31
2017 APR,-883,2018-04-10,v31
2017 AUG,-2369,2018-04-10,v31
2017 DEC,-2445,2018-04-10,v31
2017 FEB,-2449,2018-04-10,v31
2017 JAN,-2571,2018-04-10,v31
2017 JUL,-2079,2018-04-10,v31
2017 JUN,-3724,2018-04-10,v31
2017 MAR,-3924,2018-04-10,v31
2017 MAY,-2242,2018-04-10,v31
2017 NOV,-3044,2018-04-10,v31
2017 OCT,-2150,2018-04-10,v31
2017 Q1,-8944,2018-04-10,v31
2017 Q2,-6850,2018-04-10,v31
2017 Q3,-5188,2018-04-10,v31
2017 Q4,-7638,2018-04-10,v31
2017 SEP,-740,2018-04-10,v31
2018 FEB,-965,2018-04-10,v31
2018 JAN,-2949,2018-04-10,v31
2018 FEB,-1176,2018-05-09,v32
2018 JAN,-2623,2018-05-09,v32
2018 MAR,-3091,2018-05-09,v32
2018 Q1,-6890,2018-05-09,v32
2018 APR,-5280,2018-06-10,v34
2018 FEB,-1198,2018-06-10,v34
2018 JAN,-2275,2018-06-10,v34
2018 MAR,-3220,2018-06-10,v34
2018 Q1,-6693,2018-06-10,v34
1998,-6780,2018-07-09,v35
1998 APR,-102,2018-07-09,v35
1998 AUG,-452,2018-07-09,v35
1998 DEC,-879,2018-07-09,v35
1998 FEB,-131,2018-07-09,v35
1998 JAN,541,2018-07-09,v35
1998 JUL,-632,2018-07-09,v35
1998 JUN,-892,2018-07-09,v35
1998 MAR,-463,2018-07-09,v35
1998 MAY,-907,2018-07-09,v35
1998 NOV,-1028,2018-07-09,v35
1998 OCT,-873,2018-07-09,v35
1998 Q1,-53,2018-07-09,v35
1998 Q2,-1901,2018-07-09,v35
1998 Q3,-2046,2018-07-09,v35
1998 Q4,-2780,2018-07-09,v35
1998 SEP,-962,2018-07-09,v35
1999,-14830,2018-07-09,v35
1999 APR,-1168,2018-07-09,v35
1999 AUG,-1271,2018-07-09,v35
1999 DEC,-1196,2018-07-09,v35
1999 FEB,-1329,2018-07-09,v35
1999 JAN,-1346,2018-07-09,v35
1999 JUL,-1547,2018-07-09,v35
1999 JUN,-1718,2018-07-09,v35
1999 MAR,-1152,2018-07-09,v35
1999 MAY,-848,2018-07-09,v35
1999 NOV,-1138,2018-07-09,v35
1999 OCT,-1133,2018-07-09,v35
1999 Q1,-3827,2018-07-09,v35
1999 Q2,-3734,2018-07-09,v35
1999 Q3,-3802,2018-07-09,v35
1999 Q4,-3467,2018-07-09,v35
1999 SEP,-984,2018-07-09,v35
2000,-20723,2018-07-09,v35
2000 APR,-1935,2018-07-09,v35
2000 AUG,-1605,2018-07-09,v35
2000 DEC,-1896,2018-07-09,v35
2000 FEB,-1521,2018-07-09,v35
2000 JAN,-1540,2018-07-09,v35
2000 JUL,-2741,2018-07-09,v35
2000 JUN,-1521,2018-07-09,v35
2000 MAR,-1212,2018-07-09,v35
2000 MAY,-1508,2018-07-09,v35
2000 NOV,-1901,2018-07-09,v35
2000 OCT,-1571,2018-07-09,v35
2000 Q1,-4273,2018-07-09,v35
2000 Q2,-4964,2018-07-09,v35
2000 Q3,-6118,2018-07-09,v35
2000 Q4,-5368,2018-07-09,v35
2000 SEP,-1772,2018-07-09,v35
2001,-27121,2018-07-09,v35
2001 APR,-2360,2018-07-09,v35
2001 AUG,-2998,2018-07-09,v35
2001 DEC,-2559,2018-07-09,v35
2001 FEB,-1786,2018-07-09,v35
2001 JAN,-1590,2018-07-09,v35
2001 JUL,-2393,2018-07-09,v35
2001 JUN,-2894,2018-07-09,v35
2001 MAR,-2222,2018-07-09,v35
2001 MAY,-2351,2018-07-09,v35
2001 NOV,-1906,2018-07-09,v35
2001 OCT,-1870,2018-07-09,v35
2001 Q1,-5598,2018-07-09,v35
2001 Q2,-7605,2018-07-09,v35
2001 Q3,-7583,2018-07-09,v35
2001 Q4,-6335,2018-07-09,v35
2001 SEP,-2192,2018-07-09,v35
2002,-33286,2018-07-09,v35
2002 APR,-3163,2018-07-09,v35
2002 AUG,-2486,2018-07-09,v35
2002 DEC,-2465,2018-07-09,v35
2002 FEB,-2850,2018-07-09,v35
2002 JAN,-1961,2018-07-09,v35
2002 JUL,-2692,2018-07-09,v35
2002 JUN,-3273,2018-07-09,v35
2002 MAR,-2991,2018-07-09,v35
2002 MAY,-2566,2018-07-09,v35
2002 NOV,-3542,2018-07-09,v35
2002 OCT,-3007,2018-07-09,v35
2002 Q1,-7802,2018-07-09,v35
2002 Q2,-9002,2018-07-09,v35
2002 Q3,-7468,2018-07-09,v35
2002 Q4,-9014,2018-07-09,v35
2002 SEP,-2290,2018-07-09,v35
2003,-29953,2018-07-09,v35
2003 APR,-1094,2018-07-09,v35
2003 AUG,-2096,2018-07-09,v35
2003 DEC,-2563,2018-07-09,v35
2003 FEB,-1684,2018-07-09,v35
2003 JAN,-1784,2018-07-09,v35
2003 JUL,-2183,2018-07-09,v35
2003 JUN,-3470,2018-07-09,v35
2003 MAR,-2603,2018-07-09,v35
2003 MAY,-2737,2018-07-09,v35
2003 NOV,-3074,2018-07-09,v35
2003 OCT,-2951,2018-07-09,v35
2003 Q1,-6071,2018-07-09,v35
2003 Q2,-7301,2018-07-09,v35
2003 Q3,-7993,2018-07-09,v35
2003 Q4,-8588,2018-07-09,v35
2003 SEP,-3714,2018-07-09,v35
2004,-33616,2018-07-09,v35
2004 APR,-2516,2018-07-09,v35
2004 AUG,-3286,2018-07-09,v35
2004 DEC,-2230,2018-07-09,v35
2004 FEB,-2357,2018-07-09,v35
2004 JAN,-3483,2018-07-09,v35
2004 JUL,-3130,2018-07-09,v35
2004 JUN,-3141,2018-07-09,v35
2004 MAR,-2252,2018-07-09,v35
2004 MAY,-2821,2018-07-09,v35
2004 NOV,-2289,2018-07-09,v35
2004 OCT,-3278,2018-07-09,v35
2004 Q1,-8092,2018-07-09,v35
2004 Q2,-8478,2018-07-09,v35
2004 Q3,-9249,2018-07-09,v35
2004 Q4,-7797,2018-07-09,v35
2004 SEP,-2833,2018-07-09,v35
2005,-35032,2018-07-09,v35
2005 APR,-3193,2018-07-09,v35
2005 AUG,-3391,2018-07-09,v35
2005 DEC,-3391,2018-07-09,v35
2005 FEB,-2762,2018-07-09,v35
2005 JAN,-3061,2018-07-09,v35
2005 JUL,-2817,2018-07-09,v35
2005 JUN,-2345,2018-07-09,v35
2005 MAR,-2908,2018-07-09,v35
2005 MAY,-2735,2018-07-09,v35
2005 NOV,-3034,2018-07-09,v35
2005 OCT,-2514,2018-07-09,v35
2005 Q1,-8731,2018-07-09,v35
2005 Q2,-8273,2018-07-09,v35
2005 Q3,-9089,2018-07-09,v35
2005 Q4,-8939,2018-07-09,v35
2005 SEP,-2881,2018-07-09,v35
2006,-34359,2018-07-09,v35
2006 APR,-2713,2018-07-09,v35
2006 AUG,-3001,2018-07-09,v35
2006 DEC,-2585,2018-07-09,v35
2006 FEB,-2912,2018-07-09,v35
2006 JAN,-3666,2018-07-09,v35
2006 JUL,-3205,2018-07-09,v35
2006 JUN,-2700,2018-07-09,v35
2006 MAR,-2568,2018-07-09,v35
2006 MAY,-3614,2018-07-09,v35
2006 NOV,-2720,2018-07-09,v35
2006 OCT,-2325,2018-07-09,v35
2006 Q1,-9146,2018-07-09,v35
2006 Q2,-9027,2018-07-09,v35
2006 Q3,-8556,2018-07-09,v35
2006 Q4,-7630,2018-07-09,v35
2006 SEP,-2350,2018-07-09,v35
2007,-35020,2018-07-09,v35
2007 APR,-2068,2018-07-09,v35
2007 AUG,-2917,2018-07-09,v35
2007 DEC,-2824,2018-07-09,v35
2007 FEB,-2825,2018-07-09,v35
2007 JAN,-2371,2018-07-09,v35
2007 JUL,-3468,2018-07-09,v35
2007 JUN,-3105,2018-07-09,v35
2007 MAR,-3782,2018-07-09,v35
2007 MAY,-3073,2018-07-09,v35
2007 NOV,-2582,2018-07-09,v35
2007 OCT,-2785,2018-07-09,v35
2007 Q1,-8978,2018-07-09,v35
2007 Q2,-8246,2018-07-09,v35
2007 Q3,-9605,2018-07-09,v35
2007 Q4,-8191,2018-07-09,v35
2007 SEP,-3220,2018-07-09,v35
2008,-39001,2018-07-09,v35
2008 APR,-3640,2018-07-09,v35
2008 AUG,-2766,2018-07-09,v35
2008 DEC,-1575,2018-07-09,v35
2008 FEB,-4102,2018-07-09,v35
2008 JAN,-3956,2018-07-09,v35
2008 JUL,-3877,2018-07-09,v35
2008 JUN,-4543,2018-07-09,v35
2008 MAR,-3696,2018-07-09,v35
2008 MAY,-3754,2018-07-09,v35
2008 NOV,-2742,2018-07-09,v35
2008 OCT,-2149,2018-07-09,v35
2008 Q1,-11754,2018-07-09,v35
2008 Q2,-11937,2018-07-09,v35
2008 Q3,-8844,2018-07-09,v35
2008 Q4,-6466,2018-07-09,v35
2008 SEP,-2201,2018-07-09,v35
2009,-28325,2018-07-09,v35
2009 APR,-2971,2018-07-09,v35
2009 AUG,-1549,2018-07-09,v35
2009 DEC,-2845,2018-07-09,v35
2009 FEB,-1889,2018-07-09,v35
2009 JAN,-2254,2018-07-09,v35
2009 JUL,-2080,2018-07-09,v35
2009 JUN,-2540,2018-07-09,v35
2009 MAR,-2962,2018-07-09,v35
2009 MAY,-2149,2018-07-09,v35
2009 NOV,-2278,2018-07-09,v35
2009 OCT,-2520,2018-07-09,v35
2009 Q1,-7105,2018-07-09,v35
2009 Q2,-7660,2018-07-09,v35
2009 Q3,-5917,2018-07-09,v35
2009 Q4,-7643,2018-07-09,v35
2009 SEP,-2288,2018-07-09,v35
2010,-35104,2018-07-09,v35
2010 APR,-2637,2018-07-09,v35
2010 AUG,-3535,2018-07-09,v35
2010 DEC,-3681,2018-07-09,v35
2010 FEB,-1130,2018-07-09,v35
2010 JAN,-2973,2018-07-09,v35
2010 JUL,-3490,2018-07-09,v35
2010 JUN,-2862,2018-07-09,v35
2010 MAR,-2984,2018-07-09,v35
2010 MAY,-2802,2018-07-09,v35
2010 NOV,-2785,2018-07-09,v35
2010 OCT,-2674,2018-07-09,v35
2010 Q1,-7087,2018-07-09,v35
2010 Q2,-8301,2018-07-09,v35
2010 Q3,-10576,2018-07-09,v35
2010 Q4,-9140,2018-07-09,v35
2010 SEP,-3551,2018-07-09,v35
2011,-18473,2018-07-09,v35
2011 APR,-36,2018-07-09,v35
2011 AUG,-1240,2018-07-09,v35
2011 DEC,-1345,2018-07-09,v35
2011 FEB,120,2018-07-09,v35
2011 JAN,-1719,2018-07-09,v35
2011 JUL,-1804,2018-07-09,v35
2011 JUN,-1414,2018-07-09,v35
2011 MAR,-2138,2018-07-09,v35
2011 MAY,-1998,2018-07-09,v35
2011 NOV,-2279,2018-07-09,v35
2011 OCT,-1569,2018-07-09,v35
2011 Q1,-3737,2018-07-09,v35
2011 Q2,-3448,2018-07-09,v35
2011 Q3,-6095,2018-07-09,v35
2011 Q4,-5193,2018-07-09,v35
2011 SEP,-3051,2018-07-09,v35
2012,-25596,2018-07-09,v35
2012 APR,-3542,2018-07-09,v35
2012 AUG,-3342,2018-07-09,v35
2012 DEC,-2190,2018-07-09,v35
2012 FEB,-878,2018-07-09,v35
2012 JAN,-1051,2018-07-09,v35
2012 JUL,-966,2018-07-09,v35
2012 JUN,-3707,2018-07-09,v35
2012 MAR,-1641,2018-07-09,v35
2012 MAY,-2308,2018-07-09,v35
2012 NOV,-1701,2018-07-09,v35
2012 OCT,-2675,2018-07-09,v35
2012 Q1,-3570,2018-07-09,v35
2012 Q2,-9557,2018-07-09,v35
2012 Q3,-5903,2018-07-09,v35
2012 Q4,-6566,2018-07-09,v35
2012 SEP,-1595,2018-07-09,v35
2013,-29036,2018-07-09,v35
2013 APR,-624,2018-07-09,v35
2013 AUG,-1849,2018-07-09,v35
2013 DEC,-2334,2018-07-09,v35
2013 FEB,-1232,2018-07-09,v35
2013 JAN,-1042,2018-07-09,v35
2013 JUL,-2757,2018-07-09,v35
2013 JUN,-2610,2018-07-09,v35
2013 MAR,-194,2018-07-09,v35
2013 MAY,-2116,2018-07-09,v35
2013 NOV,-5194,2018-07-09,v35
2013 OCT,-5749,2018-07-09,v35
2013 Q1,-2468,2018-07-09,v35
2013 Q2,-5350,2018-07-09,v35
2013 Q3,-7941,2018-07-09,v35
2013 Q4,-13277,2018-07-09,v35
2013 SEP,-3335,2018-07-09,v35
2014,-29675,2018-07-09,v35
2014 APR,-1873,2018-07-09,v35
2014 AUG,-2609,2018-07-09,v35
2014 DEC,-5382,2018-07-09,v35
2014 FEB,-2428,2018-07-09,v35
2014 JAN,-3555,2018-07-09,v35
2014 JUL,-3441,2018-07-09,v35
2014 JUN,-1727,2018-07-09,v35
2014 MAR,-1731,2018-07-09,v35
2014 MAY,-1352,2018-07-09,v35
2014 NOV,-2160,2018-07-09,v35
2014 OCT,-1652,2018-07-09,v35
2014 Q1,-7714,2018-07-09,v35
2014 Q2,-4952,2018-07-09,v35
2014 Q3,-7815,2018-07-09,v35
2014 Q4,-9194,2018-07-09,v35
2014 SEP,-1765,2018-07-09,v35
2015,-26984,2018-07-09,v35
2015 APR,-1865,2018-07-09,v35
2015 AUG,-1990,2018-07-09,v35
2015 DEC,-137,2018-07-09,v35
2015 FEB,-3375,2018-07-09,v35
2015 JAN,-3434,2018-07-09,v35
2015 JUL,-2920,2018-07-09,v35
2015 JUN,-1528,2018-07-09,v35
2015 MAR,-2640,2018-07-09,v35
2015 MAY,-1580,2018-07-09,v35
2015 NOV,-1852,2018-07-09,v35
2015 OCT,-4304,2018-07-09,v35
2015 Q1,-9449,2018-07-09,v35
2015 Q2,-4973,2018-07-09,v35
2015 Q3,-6269,2018-07-09,v35
2015 Q4,-6293,2018-07-09,v35
2015 SEP,-1359,2018-07-09,v35
2016,-30887,2018-07-09,v35
2016 APR,-2043,2018-07-09,v35
2016 AUG,-4971,2018-07-09,v35
2016 DEC,-2333,2018-07-09,v35
2016 FEB,-2573,2018-07-09,v35
2016 JAN,-539,2018-07-09,v35
2016 JUL,-3279,2018-07-09,v35
2016 JUN,-3307,2018-07-09,v35
2016 MAR,-3589,2018-07-09,v35
2016 MAY,-868,2018-07-09,v35
2016 NOV,-1684,2018-07-09,v35
2016 OCT,-211,2018-07-09,v35
2016 Q1,-6701,2018-07-09,v35
2016 Q2,-6218,2018-07-09,v35
2016 Q3,-13740,2018-07-09,v35
2016 Q4,-4228,2018-07-09,v35
2016 SEP,-5490,2018-07-09,v35
2017,-25886,2018-07-09,v35
2017 APR,-193,2018-07-09,v35
2017 AUG,-3223,2018-07-09,v35
2017 DEC,-1927,2018-07-09,v35
2017 FEB,-1473,2018-07-09,v35
2017 JAN,-1778,2018-07-09,v35
2017 JUL,-2423,2018-07-09,v35
2017 JUN,-4162,2018-07-09,v35
2017 MAR,-3373,2018-07-09,v35
2017 MAY,-2294,2018-07-09,v35
2017 NOV,-2114,2018-07-09,v35
2017 OCT,-1675,2018-07-09,v35
2017 Q1,-6624,2018-07-09,v35
2017 Q2,-6649,2018-07-09,v35
2017 Q3,-6897,2018-07-09,v35
2017 Q4,-5716,2018-07-09,v35
2017 SEP,-1251,2018-07-09,v35
2018 APR,-3087,2018-07-09,v35
2018 FEB,121,2018-07-09,v35
2018 JAN,-1525,2018-07-09,v35
2018 MAR,-2439,2018-07-09,v35
2018 MAY,-2790,2018-07-09,v35
2018 Q1,-3843,2018-07-09,v35
2018 APR,-3579,2018-08-09,v38
2018 JUN,-1861,2018-08-09,v38
2018 MAY,-3141,2018-08-09,v38
2018 Q2,-8581,2018-08-09,v38
2017,-23954,2018-09-09,v39
2017 APR,-454,2018-09-09,v39
2017 AUG,-2868,2018-09-09,v39
2017 DEC,-1310,2018-09-09,v39
2017 FEB,-1593,2018-09-09,v39
2017 JAN,-1856,2018-09-09,v39
2017 JUL,-2195,2018-09-09,v39
2017 JUN,-4201,2018-09-09,v39
2017 MAR,-3458,2018-09-09,v39
2017 MAY,-2403,2018-09-09,v39
2017 NOV,-1692,2018-09-09,v39
2017 OCT,-1312,2018-09-09,v39
2017 Q1,-6907,2018-09-09,v39
2017 Q2,-7058,2018-09-09,v39
2017 Q3,-5675,2018-09-09,v39
2017 Q4,-4314,2018-09-09,v39
2017 SEP,-612,2018-09-09,v39
2018 APR,-2670,2018-09-09,v39
2018 FEB,241,2018-09-09,v39
2018 JAN,-1160,2018-09-09,v39
2018 JUL,-111,2018-09-09,v39
2018 JUN,-942,2018-09-09,v39
2018 MAR,-2300,2018-09-09,v39
2018 MAY,-2305,2018-09-09,v39
2018 Q1,-3219,2018-09-09,v39
2018 Q2,-5917,2018-09-09,v39
2017,-22740,2018-10-09,v41
2017 APR,-518,2018-10-09,v41
2017 AUG,-2619,2018-10-09,v41
2017 DEC,-1129,2018-10-09,v41
2017 FEB,-1712,2018-10-09,v41
2017 JAN,-1941,2018-10-09,v41
2017 JUL,-2021,2018-10-09,v41
2017 JUN,-4113,2018-10-09,v41
2017 MAR,-3569,2018-10-09,v41
2017 MAY,-2397,2018-10-09,v41
2017 NOV,-1413,2018-10-09,v41
2017 OCT,-996,2018-10-09,v41
2017 Q1,-7222,2018-10-09,v41
2017 Q2,-7028,2018-10-09,v41
2017 Q3,-4952,2018-10-09,v41
2017 Q4,-3538,2018-10-09,v41
2017 SEP,-312,2018-10-09,v41
2018 APR,-2748,2018-10-09,v41
2018 AUG,-1274,2018-10-09,v41
2018 FEB,205,2018-10-09,v41
2018 JAN,-1099,2018-10-09,v41
2018 JUL,-572,2018-10-09,v41
2018 JUN,-992,2018-10-09,v41
2018 MAR,-2378,2018-10-09,v41
2018 MAY,-2366,2018-10-09,v41
2018 Q1,-3272,2018-10-09,v41
2018 Q2,-6106,2018-10-09,v41
2018 AUG,-2101,2018-11-09,v42
2018 JUL,-794,2018-11-09,v42
2018 Q3,-2922,2018-11-09,v42
2018 SEP,-27,2018-11-09,v42
2017,-24433,2018-12-10,v44
2017 APR,-392,2018-12-10,v44
2017 AUG,-2709,2018-12-10,v44
2017 DEC,-1883,2018-12-10,v44
2017 FEB,-1556,2018-12-10,v44
2017 JAN,-1762,2018-12-10,v44
2017 JUL,-2129,2018-12-10,v44
2017 JUN,-4209,2018-12-10,v44
2017 MAR,-3365,2018-12-10,v44
2017 MAY,-2364,2018-12-10,v44
2017 NOV,-2078,2018-12-10,v44
2017 OCT,-1259,2018-12-10,v44
2017 Q1,-6683,2018-12-10,v44
2017 Q2,-6965,2018-12-10,v44
2017 Q3,-5565,2018-12-10,v44
2017 Q4,-5220,2018-12-10,v44
2017 SEP,-727,2018-12-10,v44
2018 APR,-3061,2018-12-10,v44
2018 AUG,-4677,2018-12-10,v44
2018 FEB,-559,2018-12-10,v44
2018 JAN,-1911,2018-12-10,v44
2018 JUL,-2775,2018-12-10,v44
2018 JUN,-1567,2018-12-10,v44
2018 MAR,-2869,2018-12-10,v44
2018 MAY,-2880,2018-12-10,v44
2018 OCT,-3300,2018-12-10,v44
2018 Q1,-5339,2018-12-10,v44
2018 Q2,-7508,2018-12-10,v44
2018 Q3,-9783,2018-12-10,v44
2018 SEP,-2331,2018-12-10,v44
2017,-23933,2019-01-11,v45
2017 APR,-402,2019-01-11,v45
2017 AUG,-2640,2019-01-11,v45
2017 DEC,-1781,2019-01-11,v45
2017 FEB,-1555,2019-01-11,v45
2017 JAN,-1758,2019-01-11,v45
2017 JUL,-2086,2019-01-11,v45
2017 JUN,-4194,2019-01-11,v45
2017 MAR,-3370,2019-01-11,v45
2017 MAY,-2369,2019-01-11,v45
2017 NOV,-1977,2019-01-11,v45
2017 OCT,-1162,2019-01-11,v45
2017 Q3,-5365,2019-01-11,v45
2017 Q4,-4920,2019-01-11,v45
2017 SEP,-639,2019-01-11,v45
2018 APR,-2944,2019-01-11,v45
2018 AUG,-4330,2019-01-11,v45
2018 FEB,-461,2019-01-11,v45
2018 JAN,-1811,2019-01-11,v45
2018 JUL,-2477,2019-01-11,v45
2018 JUN,-1342,2019-01-11,v45
2018 MAR,-2767,2019-01-11,v45
2018 MAY,-2722,2019-01-11,v45
2018 NOV,-2904,2019-01-11,v45
2018 OCT,-3037,2019-01-11,v45
2018 Q1,-5039,2019-01-11,v45
2018 Q2,-7008,2019-01-11,v45
2018 Q3,-8783,2019-01-11,v45
2018 SEP,-1976,2019-01-11,v45
2018,-32320,2019-02-11,v46
2018 APR,-3116,2019-02-11,v46
2018 AUG,-4411,2019-02-11,v46
2018 DEC,-3229,2019-02-11,v46
2018 FEB,-308,2019-02-11,v46
2018 JAN,-1677,2019-02-11,v46
2018 JUL,-2726,2019-02-11,v46
2018 JUN,-1687,2019-02-11,v46
2018 MAR,-2698,2019-02-11,v46
2018 MAY,-2976,2019-02-11,v46
2018 NOV,-3615,2019-02-11,v46
2018 OCT,-3511,2019-02-11,v46
2018 Q1,-4683,2019-02-11,v46
2018 Q2,-7779,2019-02-11,v46
2018 Q3,-9503,2019-02-11,v46
2018 Q4,-10355,2019-02-11,v46
2018 SEP,-2366,2019-02-11,v46
2018,-29769,2019-03-12,v48
2018 APR,-3041,2019-03-12,v48
2018 AUG,-4164,2019-03-12,v48
2018 DEC,-3448,2019-03-12,v48
2018 FEB,-537,2019-03-12,v48
2018 JAN,-1607,2019-03-12,v48
2018 JUL,-2289,2019-03-12,v48
2018 JUN,-1393,2019-03-12,v48
2018 MAR,-2779,2019-03-12,v48
2018 MAY,-2514,2019-03-12,v48
2018 NOV,-3102,2019-03-12,v48
2018 OCT,-2988,2019-03-12,v48
2018 Q1,-4923,2019-03-12,v48
2018 Q2,-6948,2019-03-12,v48
2018 Q3,-8360,2019-03-12,v48
2018 Q4,-9538,2019-03-12,v48
2018 SEP,-1907,2019-03-12,v48
2019 JAN,-3825,2019-03-12,v48
2018,-30969,2019-04-09,v49
2018 APR,-3185,2019-04-09,v49
2018 AUG,-4349,2019-04-09,v49
2018 DEC,-3390,2019-04-09,v49
2018 FEB,-642,2019-04-09,v49
2018 JAN,-1673,2019-04-09,v49
2018 JUL,-2497,2019-04-09,v49
2018 JUN,-1586,2019-04-09,v49
2018 MAR,-2908,2019-04-09,v49
2018 MAY,-2677,2019-04-09,v49
2018 NOV,-3049,2019-04-09,v49
2018 OCT,-2999,2019-04-09,v49
2018 Q1,-5223,2019-04-09,v49
2018 Q2,-7448,2019-04-09,v49
2018 Q3,-8860,2019-04-09,v49
2018 Q4,-9438,2019-04-09,v49
2018 SEP,-2014,2019-04-09,v49
2019 FEB,-4860,2019-04-09,v49
2019 JAN,-5345,2019-04-09,v49
2019 FEB,-6219,2019-05-09,v50
2019 JAN,-6710,2019-05-09,v50
2019 MAR,-5408,2019-05-09,v50
2019 Q1,-18337,2019-05-09,v50
2019 APR,-2740,2019-06-09,v51
2019 FEB,-6659,2019-06-09,v51
2019 JAN,-6456,2019-06-09,v51
2019 MAR,-6151,2019-06-09,v51
2019 Q1,-19266,2019-06-09,v51
2019 APR,-3716,2019-07-09,v52
2019 FEB,-7026,2019-07-09,v52
2019 JAN,-6710,2019-07-09,v52
2019 MAR,-6531,2019-07-09,v52
2019 MAY,-2324,2019-07-09,v52
2019 Q1,-20267,2019-07-09,v52
2019 APR,-4049,2019-08-08,v54
2019 JUN,1779,2019-08-08,v54
2019 MAY,-2002,2019-08-08,v54
2019 Q2,-4272,2019-08-08,v54
2019 APR,-4204,2019-09-08,v55
2019 JUL,-219,2019-09-08,v55
2019 JUN,-132,2019-09-08,v55
2019 MAY,-2538,2019-09-08,v55
2019 Q2,-6874,2019-09-08,v55
1997,4746,2019-10-09,v56
1997 APR,257,2019-10-09,v56
1997 AUG,773,2019-10-09,v56
1997 DEC,154,2019-10-09,v56
1997 FEB,982,2019-10-09,v56
1997 JAN,1437,2019-10-09,v56
1997 JUL,703,2019-10-09,v56
1997 JUN,-232,2019-10-09,v56
1997 MAR,71,2019-10-09,v56
1997 MAY,36,2019-10-09,v56
1997 NOV,-343,2019-10-09,v56
1997 OCT,73,2019-10-09,v56
1997 Q1,2490,2019-10-09,v56
1997 Q2,61,2019-10-09,v56
1997 Q3,2311,2019-10-09,v56
1997 Q4,-116,2019-10-09,v56
1997 SEP,835,2019-10-09,v56
1998,-6151,2019-10-09,v56
1998 APR,-190,2019-10-09,v56
1998 AUG,-461,2019-10-09,v56
1998 DEC,-912,2019-10-09,v56
1998 FEB,-299,2019-10-09,v56
1998 JAN,424,2019-10-09,v56
1998 JUL,-394,2019-10-09,v56
1998 JUN,-724,2019-10-09,v56
1998 MAR,-373,2019-10-09,v56
1998 MAY,-824,2019-10-09,v56
1998 NOV,-885,2019-10-09,v56
1998 OCT,-618,2019-10-09,v56
1998 Q1,-248,2019-10-09,v56
1998 Q2,-1738,2019-10-09,v56
1998 Q3,-1750,2019-10-09,v56
1998 Q4,-2415,2019-10-09,v56
1998 SEP,-895,2019-10-09,v56
1999,-14430,2019-10-09,v56
1999 APR,-1351,2019-10-09,v56
1999 AUG,-1268,2019-10-09,v56
1999 DEC,-1127,2019-10-09,v56
1999 FEB,-1572,2019-10-09,v56
1999 JAN,-1463,2019-10-09,v56
1999 JUL,-1296,2019-10-09,v56
1999 JUN,-1557,2019-10-09,v56
1999 MAR,-1271,2019-10-09,v56
1999 MAY,-800,2019-10-09,v56
1999 NOV,-918,2019-10-09,v56
1999 OCT,-920,2019-10-09,v56
1999 Q1,-4306,2019-10-09,v56
1999 Q2,-3708,2019-10-09,v56
1999 Q3,-3451,2019-10-09,v56
1999 Q4,-2965,2019-10-09,v56
1999 SEP,-887,2019-10-09,v56
2000,-19000,2019-10-09,v56
2000 APR,-1961,2019-10-09,v56
2000 AUG,-1348,2019-10-09,v56
2000 DEC,-1898,2019-10-09,v56
2000 JAN,-1497,2019-10-09,v56
2000 JUL,-2420,2019-10-09,v56
2000 JUN,-1363,2019-10-09,v56
2000 MAR,-1128,2019-10-09,v56
2000 MAY,-1439,2019-10-09,v56
2000 NOV,-1645,2019-10-09,v56
2000 OCT,-1282,2019-10-09,v56
2000 Q1,-4146,2019-10-09,v56
2000 Q2,-4763,2019-10-09,v56
2000 Q3,-5266,2019-10-09,v56
2000 Q4,-4825,2019-10-09,v56
2000 SEP,-1498,2019-10-09,v56
2001,-25079,2019-10-09,v56
2001 APR,-2234,2019-10-09,v56
2001 AUG,-2956,2019-10-09,v56
2001 DEC,-2233,2019-10-09,v56
2001 FEB,-1784,2019-10-09,v56
2001 JAN,-1550,2019-10-09,v56
2001 JUL,-2266,2019-10-09,v56
2001 JUN,-2647,2019-10-09,v56
2001 MAR,-2029,2019-10-09,v56
2001 MAY,-2157,2019-10-09,v56
2001 NOV,-1612,2019-10-09,v56
2001 OCT,-1596,2019-10-09,v56
2001 Q1,-5363,2019-10-09,v56
2001 Q2,-7038,2019-10-09,v56
2001 Q3,-7237,2019-10-09,v56
2001 Q4,-5441,2019-10-09,v56
2001 SEP,-2015,2019-10-09,v56
2002,-30667,2019-10-09,v56
2002 APR,-3061,2019-10-09,v56
2002 AUG,-2193,2019-10-09,v56
2002 DEC,-2294,2019-10-09,v56
2002 FEB,-2681,2019-10-09,v56
2002 JAN,-1805,2019-10-09,v56
2002 JUL,-2372,2019-10-09,v56
2002 JUN,-2940,2019-10-09,v56
2002 MAR,-2762,2019-10-09,v56
2002 MAY,-2347,2019-10-09,v56
2002 NOV,-3412,2019-10-09,v56
2002 OCT,-2760,2019-10-09,v56
2002 Q1,-7248,2019-10-09,v56
2002 Q2,-8348,2019-10-09,v56
2002 Q3,-6605,2019-10-09,v56
2002 Q4,-8466,2019-10-09,v56
2002 SEP,-2040,2019-10-09,v56
2003,-27695,2019-10-09,v56
2003 APR,-1056,2019-10-09,v56
2003 AUG,-1724,2019-10-09,v56
2003 DEC,-2411,2019-10-09,v56
2003 FEB,-1620,2019-10-09,v56
2003 JAN,-1716,2019-10-09,v56
2003 JUL,-1839,2019-10-09,v56
2003 JUN,-3272,2019-10-09,v56
2003 MAR,-2420,2019-10-09,v56
2003 MAY,-2652,2019-10-09,v56
2003 NOV,-2922,2019-10-09,v56
2003 OCT,-2667,2019-10-09,v56
2003 Q1,-5756,2019-10-09,v56
2003 Q2,-6980,2019-10-09,v56
2003 Q3,-6959,2019-10-09,v56
2003 Q4,-8000,2019-10-09,v56
2003 SEP,-3396,2019-10-09,v56
2004,-33644,2019-10-09,v56
2004 APR,-2646,2019-10-09,v56
2004 AUG,-3636,2019-10-09,v56
2004 DEC,-1870,2019-10-09,v56
2004 FEB,-2340,2019-10-09,v56
2004 JAN,-3513,2019-10-09,v56
2004 JUL,-3353,2019-10-09,v56
2004 JUN,-3390,2019-10-09,v56
2004 MAR,-2195,2019-10-09,v56
2004 MAY,-2990,2019-10-09,v56
2004 NOV,-2019,2019-10-09,v56
2004 OCT,-2900,2019-10-09,v56
2004 Q1,-8048,2019-10-09,v56
2004 Q2,-9026,2019-10-09,v56
2004 Q3,-9781,2019-10-09,v56
2004 Q4,-6789,2019-10-09,v56
2004 SEP,-2792,2019-10-09,v56
2005,-33546,2019-10-09,v56
2005 APR,-3076,2019-10-09,v56
2005 AUG,-3342,2019-10-09,v56
2005 DEC,-3033,2019-10-09,v56
2005 FEB,-3208,2019-10-09,v56
2005 JAN,-3328,2019-10-09,v56
2005 JUL,-2506,2019-10-09,v56
2005 JUN,-1909,2019-10-09,v56
2005 MAR,-2979,2019-10-09,v56
2005 MAY,-2340,2019-10-09,v56
2005 NOV,-2922,2019-10-09,v56
2005 OCT,-2194,2019-10-09,v56
2005 Q1,-9515,2019-10-09,v56
2005 Q2,-7325,2019-10-09,v56
2005 Q3,-8557,2019-10-09,v56
2005 Q4,-8149,2019-10-09,v56
2005 SEP,-2709,2019-10-09,v56
2006,-30292,2019-10-09,v56
2006 APR,-2484,2019-10-09,v56
2006 AUG,-2286,2019-10-09,v56
2006 DEC,-2393,2019-10-09,v56
2006 FEB,-2987,2019-10-09,v56
2006 JAN,-3644,2019-10-09,v56
2006 JUL,-2316,2019-10-09,v56
2006 JUN,-2049,2019-10-09,v56
2006 MAR,-2262,2019-10-09,v56
2006 MAY,-2967,2019-10-09,v56
2006 NOV,-2853,2019-10-09,v56
2006 OCT,-2230,2019-10-09,v56
2006 Q1,-8893,2019-10-09,v56
2006 Q2,-7500,2019-10-09,v56
2006 Q3,-6423,2019-10-09,v56
2006 Q4,-7476,2019-10-09,v56
2006 SEP,-1821,2019-10-09,v56
2007,-30679,2019-10-09,v56
2007 APR,-1789,2019-10-09,v56
2007 AUG,-2707,2019-10-09,v56
2007 DEC,-2391,2019-10-09,v56
2007 FEB,-2550,2019-10-09,v56
2007 JAN,-2218,2019-10-09,v56
2007 JUL,-3058,2019-10-09,v56
2007 JUN,-2773,2019-10-09,v56
2007 MAR,-3252,2019-10-09,v56
2007 MAY,-2713,2019-10-09,v56
2007 NOV,-2271,2019-10-09,v56
2007 OCT,-2232,2019-10-09,v56
2007 Q1,-8020,2019-10-09,v56
2007 Q2,-7275,2019-10-09,v56
2007 Q3,-8490,2019-10-09,v56
2007 Q4,-6894,2019-10-09,v56
2007 SEP,-2725,2019-10-09,v56
2008,-34204,2019-10-09,v56
2008 APR,-3153,2019-10-09,v56
2008 AUG,-2301,2019-10-09,v56
2008 DEC,-1436,2019-10-09,v56
2008 FEB,-3990,2019-10-09,v56
2008 JAN,-3679,2019-10-09,v56
2008 JUL,-3084,2019-10-09,v56
2008 JUN,-3844,2019-10-09,v56
2008 MAR,-3265,2019-10-09,v56
2008 MAY,-2907,2019-10-09,v56
2008 NOV,-2861,2019-10-09,v56
2008 OCT,-1804,2019-10-09,v56
2008 Q1,-10934,2019-10-09,v56
2008 Q2,-9904,2019-10-09,v56
2008 Q3,-7265,2019-10-09,v56
2008 Q4,-6101,2019-10-09,v56
2008 SEP,-1880,2019-10-09,v56
2009,-24849,2019-10-09,v56
2009 APR,-2526,2019-10-09,v56
2009 AUG,-1647,2019-10-09,v56
2009 DEC,-2427,2019-10-09,v56
2009 FEB,-1497,2019-10-09,v56
2009 JAN,-2168,2019-10-09,v56
2009 JUL,-1879,2019-10-09,v56
2009 JUN,-2196,2019-10-09,v56
2009 MAR,-2218,2019-10-09,v56
2009 MAY,-1568,2019-10-09,v56
2009 NOV,-2197,2019-10-09,v56
2009 OCT,-2304,2019-10-09,v56
2009 Q1,-5883,2019-10-09,v56
2009 Q2,-6290,2019-10-09,v56
2009 Q3,-5748,2019-10-09,v56
2009 Q4,-6928,2019-10-09,v56
2009 SEP,-2222,2019-10-09,v56
2010,-31980,2019-10-09,v56
2010 APR,-2547,2019-10-09,v56
2010 AUG,-3297,2019-10-09,v56
2010 DEC,-3497,2019-10-09,v56
2010 FEB,-847,2019-10-09,v56
2010 JAN,-2745,2019-10-09,v56
2010 JUL,-3052,2019-10-09,v56
2010 JUN,-2403,2019-10-09,v56
2010 MAR,-2562,2019-10-09,v56
2010 MAY,-2360,2019-10-09,v56
2010 NOV,-2941,2019-10-09,v56
2010 OCT,-2452,2019-10-09,v56
2010 Q1,-6154,2019-10-09,v56
2010 Q2,-7310,2019-10-09,v56
2010 Q3,-9626,2019-10-09,v56
2010 Q4,-8890,2019-10-09,v56
2010 SEP,-3277,2019-10-09,v56
2011,-15018,2019-10-09,v56
2011 APR,-83,2019-10-09,v56
2011 AUG,-1141,2019-10-09,v56
2011 DEC,-830,2019-10-09,v56
2011 FEB,470,2019-10-09,v56
2011 JAN,-1778,2019-10-09,v56
2011 JUL,-1421,2019-10-09,v56
2011 JUN,-1010,2019-10-09,v56
2011 MAR,-1693,2019-10-09,v56
2011 MAY,-1545,2019-10-09,v56
2011 NOV,-2088,2019-10-09,v56
2011 OCT,-1084,2019-10-09,v56
2011 Q1,-3001,2019-10-09,v56
2011 Q2,-2638,2019-10-09,v56
2011 Q3,-5377,2019-10-09,v56
2011 Q4,-4002,2019-10-09,v56
2011 SEP,-2815,2019-10-09,v56
2012,-20072,2019-10-09,v56
2012 APR,-3626,2019-10-09,v56
2012 AUG,-2475,2019-10-09,v56
2012 DEC,-1590,2019-10-09,v56
2012 FEB,-593,2019-10-09,v56
2012 JAN,-1182,2019-10-09,v56
2012 JUL,-47,2019-10-09,v56
2012 JUN,-2820,2019-10-09,v56
2012 MAR,-1243,2019-10-09,v56
2012 MAY,-1477,2019-10-09,v56
2012 NOV,-1858,2019-10-09,v56
2012 OCT,-2142,2019-10-09,v56
2012 Q1,-3018,2019-10-09,v56
2012 Q2,-7923,2019-10-09,v56
2012 Q3,-3541,2019-10-09,v56
2012 Q4,-5590,2019-10-09,v56
2012 SEP,-1019,2019-10-09,v56
2013,-22751,2019-10-09,v56
2013 APR,-703,2019-10-09,v56
2013 AUG,-788,2019-10-09,v56
2013 DEC,-1556,2019-10-09,v56
2013 FEB,-913,2019-10-09,v56
2013 JAN,-1141,2019-10-09,v56
2013 JUL,-1807,2019-10-09,v56
2013 JUN,-1993,2019-10-09,v56
2013 MAR,31,2019-10-09,v56
2013 MAY,-1565,2019-10-09,v56
2013 NOV,-4829,2019-10-09,v56
2013 OCT,-4959,2019-10-09,v56
2013 Q1,-2023,2019-10-09,v56
2013 Q2,-4261,2019-10-09,v56
2013 Q3,-5123,2019-10-09,v56
2013 Q4,-11344,2019-10-09,v56
2013 SEP,-2528,2019-10-09,v56
2014,-25961,2019-10-09,v56
2014 APR,-2846,2019-10-09,v56
2014 AUG,-1676,2019-10-09,v56
2014 DEC,-4739,2019-10-09,v56
2014 JAN,-3761,2019-10-09,v56
2014 JUL,-2620,2019-10-09,v56
2014 JUN,-1795,2019-10-09,v56
2014 MAR,-1822,2019-10-09,v56
2014 MAY,-1353,2019-10-09,v56
2014 NOV,-1555,2019-10-09,v56
2014 OCT,-580,2019-10-09,v56
2014 Q1,-8011,2019-10-09,v56
2014 Q2,-5994,2019-10-09,v56
2014 Q3,-5082,2019-10-09,v56
2014 Q4,-6874,2019-10-09,v56
2014 SEP,-786,2019-10-09,v56
2015,-26458,2019-10-09,v56
2015 APR,-1984,2019-10-09,v56
2015 AUG,-2241,2019-10-09,v56
2015 DEC,357,2019-10-09,v56
2015 FEB,-3807,2019-10-09,v56
2015 JAN,-3894,2019-10-09,v56
2015 JUL,-2977,2019-10-09,v56
2015 JUN,-1042,2019-10-09,v56
2015 MAR,-2717,2019-10-09,v56
2015 MAY,-688,2019-10-09,v56
2015 NOV,-1673,2019-10-09,v56
2015 OCT,-4156,2019-10-09,v56
2015 Q1,-10418,2019-10-09,v56
2015 Q2,-3714,2019-10-09,v56
2015 Q3,-6854,2019-10-09,v56
2015 Q4,-5472,2019-10-09,v56
2015 SEP,-1636,2019-10-09,v56
2016,-32323,2019-10-09,v56
2016 APR,-2353,2019-10-09,v56
2016 AUG,-4938,2019-10-09,v56
2016 DEC,-2663,2019-10-09,v56
2016 FEB,-2756,2019-10-09,v56
2016 JAN,-692,2019-10-09,v56
2016 JUL,-3172,2019-10-09,v56
2016 JUN,-2826,2019-10-09,v56
2016 MAR,-3792,2019-10-09,v56
2016 MAY,-427,2019-10-09,v56
2016 NOV,-2447,2019-10-09,v56
2016 OCT,-581,2019-10-09,v56
2016 Q1,-7240,2019-10-09,v56
2016 Q2,-5606,2019-10-09,v56
2016 Q3,-13786,2019-10-09,v56
2016 Q4,-5691,2019-10-09,v56
2016 SEP,-5676,2019-10-09,v56
2017,-25127,2019-10-09,v56
2017 APR,-446,2019-10-09,v56
2017 AUG,-2696,2019-10-09,v56
2017 DEC,-1659,2019-10-09,v56
2017 FEB,-1760,2019-10-09,v56
2017 JAN,-2293,2019-10-09,v56
2017 JUL,-2044,2019-10-09,v56
2017 JUN,-3570,2019-10-09,v56
2017 MAR,-3375,2019-10-09,v56
2017 MAY,-1802,2019-10-09,v56
2017 NOV,-2589,2019-10-09,v56
2017 OCT,-1701,2019-10-09,v56
2017 Q1,-7428,2019-10-09,v56
2017 Q2,-5818,2019-10-09,v56
2017 Q3,-5932,2019-10-09,v56
2017 Q4,-5949,2019-10-09,v56
2017 SEP,-1192,2019-10-09,v56
2018,-37729,2019-10-09,v56
2018 APR,-4752,2019-10-09,v56
2018 AUG,-4155,2019-10-09,v56
2018 DEC,-3983,2019-10-09,v56
2018 FEB,-435,2019-10-09,v56
2018 JAN,-1960,2019-10-09,v56
2018 JUL,-2693,2019-10-09,v56
2018 JUN,-2811,2019-10-09,v56
2018 MAR,-3391,2019-10-09,v56
2018 MAY,-4481,2019-10-09,v56
2018 NOV,-3959,2019-10-09,v56
2018 OCT,-3056,2019-10-09,v56
2018 Q1,-5786,2019-10-09,v56
2018 Q2,-12044,2019-10-09,v56
2018 Q3,-8901,2019-10-09,v56
2018 Q4,-10998,2019-10-09,v56
2018 SEP,-2053,2019-10-09,v56
2019 APR,-6049,2019-10-09,v56
2019 AUG,-1546,2019-10-09,v56
2019 FEB,-7646,2019-10-09,v56
2019 JAN,-7574,2019-10-09,v56
2019 JUL,-1681,2019-10-09,v56
2019 JUN,-1348,2019-10-09,v56
2019 MAR,-7529,2019-10-09,v56
2019 MAY,-3997,2019-10-09,v56
2019 Q1,-22749,2019-10-09,v56
2019 Q2,-11394,2019-10-09,v56
2019 AUG,-1760,2019-11-11,v57
2019 JUL,-1290,2019-11-11,v57
2019 Q3,-6410,2019-11-11,v57
2019 SEP,-3360,2019-11-11,v57
2018,-29287,2019-12-10,v58
2018 APR,-2962,2019-12-10,v58
2018 AUG,-3400,2019-12-10,v58
2018 DEC,-4424,2019-12-10,v58
2018 FEB,-491,2019-12-10,v58
2018 JAN,-2070,2019-12-10,v58
2018 JUL,-1644,2019-12-10,v58
2018 JUN,-823,2019-12-10,v58
2018 MAR,-3049,2019-12-10,v58
2018 MAY,-2630,2019-12-10,v58
2018 NOV,-3634,2019-12-10,v58
2018 OCT,-2703,2019-12-10,v58
2018 Q1,-5610,2019-12-10,v58
2018 Q2,-6415,2019-12-10,v58
2018 Q3,-6501,2019-12-10,v58
2018 Q4,-10761,2019-12-10,v58
2018 SEP,-1457,2019-12-10,v58
2019 APR,-6222,2019-12-10,v58
2019 AUG,-73,2019-12-10,v58
2019 FEB,-7430,2019-12-10,v58
2019 JAN,-6865,2019-12-10,v58
2019 JUL,585,2019-12-10,v58
2019 JUN,-1087,2019-12-10,v58
2019 MAR,-8063,2019-12-10,v58
2019 MAY,-4347,2019-12-10,v58
2019 OCT,-5188,2019-12-10,v58
2019 Q1,-22358,2019-12-10,v58
2019 Q2,-11656,2019-12-10,v58
2019 Q3,-1410,2019-12-10,v58
2019 SEP,-1922,2019-12-10,v58
2018,-29787,2020-01-13,v59
2018 APR,-3156,2020-01-13,v59
2018 AUG,-3294,2020-01-13,v59
2018 DEC,-4536,2020-01-13,v59
2018 FEB,-567,2020-01-13,v59
2018 JAN,-2101,2020-01-13,v59
2018 JUL,-1637,2020-01-13,v59
2018 JUN,-936,2020-01-13,v59
2018 MAR,-3192,2020-01-13,v59
2018 MAY,-2823,2020-01-13,v59
2018 NOV,-3623,2020-01-13,v59
2018 OCT,-2602,2020-01-13,v59
2018 Q1,-5860,2020-01-13,v59
2018 Q2,-6915,2020-01-13,v59
2018 Q3,-6251,2020-01-13,v59
2018 SEP,-1320,2020-01-13,v59
2019 APR,-6110,2020-01-13,v59
2019 AUG,257,2020-01-13,v59
2019 FEB,-7641,2020-01-13,v59
2019 JAN,-7072,2020-01-13,v59
2019 JUL,941,2020-01-13,v59
2019 JUN,-730,2020-01-13,v59
2019 MAR,-8145,2020-01-13,v59
2019 MAY,-4066,2020-01-13,v59
2019 NOV,4031,2020-01-13,v59
2019 OCT,-1337,2020-01-13,v59
2019 Q1,-22858,2020-01-13,v59
2019 Q2,-10906,2020-01-13,v59
2019 Q3,-410,2020-01-13,v59
2019 SEP,-1608,2020-01-13,v59
2019,-29293,2020-02-11,v61
2019 APR,-5413,2020-02-11,v61
2019 AUG,-1200,2020-02-11,v61
2019 DEC,7715,2020-02-11,v61
2019 FEB,-7817,2020-02-11,v61
2019 JAN,-7365,2020-02-11,v61
2019 JUL,898,2020-02-11,v61
2019 JUN,-196,2020-02-11,v61
2019 MAR,-7890,2020-02-11,v61
2019 MAY,-3117,2020-02-11,v61
2019 NOV,1821,2020-02-11,v61
2019 OCT,-3650,2020-02-11,v61
2019 Q1,-23072,2020-02-11,v61
2019 Q2,-8726,2020-02-11,v61
2019 Q3,-3381,2020-02-11,v61
2019 Q4,5886,2020-02-11,v61
2019 SEP,-3079,2020-02-11,v61
2019,-25879,2020-03-11,v62
2019 APR,-5284,2020-03-11,v62
2019 AUG,-944,2020-03-11,v62
2019 DEC,6279,2020-03-11,v62
2019 FEB,-7428,2020-03-11,v62
2019 JAN,-7107,2020-03-11,v62
2019 JUL,542,2020-03-11,v62
2019 JUN,-248,2020-03-11,v62
2019 MAR,-7518,2020-03-11,v62
2019 MAY,-3046,2020-03-11,v62
2019 NOV,3492,2020-03-11,v62
2019 OCT,-1840,2020-03-11,v62
2019 Q1,-22053,2020-03-11,v62
2019 Q2,-8578,2020-03-11,v62
2019 Q3,-3179,2020-03-11,v62
2019 Q4,7931,2020-03-11,v62
2019 SEP,-2777,2020-03-11,v62
2020 JAN,4212,2020-03-11,v62
2019,-25895,2020-04-08,v63
2019 APR,-5285,2020-04-08,v63
2019 AUG,-957,2020-04-08,v63
2019 DEC,6294,2020-04-08,v63
2019 FEB,-7434,2020-04-08,v63
2019 JAN,-7111,2020-04-08,v63
2019 JUL,529,2020-04-08,v63
2019 JUN,-255,2020-04-08,v63
2019 MAR,-7521,2020-04-08,v63
2019 MAY,-3048,2020-04-08,v63
2019 NOV,3508,2020-04-08,v63
2019 OCT,-1833,2020-04-08,v63
2019 Q1,-22066,2020-04-08,v63
2019 Q2,-8588,2020-04-08,v63
2019 Q3,-3210,2020-04-08,v63
2019 Q4,7969,2020-04-08,v63
2019 SEP,-2782,2020-04-08,v63
2020 FEB,-2793,2020-04-08,v63
2020 JAN,2409,2020-04-08,v63
2020 FEB,-1540,2020-05-12,v64
2020 JAN,3442,2020-05-12,v64
2020 MAR,-6676,2020-05-12,v64
2020 Q1,-4774,2020-05-12,v64
2019,-23261,2020-06-11,v65
2019 APR,-5380,2020-06-11,v65
2019 AUG,-777,2020-06-11,v65
2019 DEC,7089,2020-06-11,v65
2019 FEB,-7561,2020-06-11,v65
2019 JAN,-7017,2020-06-11,v65
2019 JUL,1104,2020-06-11,v65
2019 JUN,122,2020-06-11,v65
2019 MAR,-7356,2020-06-11,v65
2019 MAY,-2703,2020-06-11,v65
2019 NOV,4011,2020-06-11,v65
2019 OCT,-2023,2020-06-11,v65
2019 Q1,-21934,2020-06-11,v65
2019 Q2,-7961,2020-06-11,v65
2019 Q3,-2443,2020-06-11,v65
2019 Q4,9077,2020-06-11,v65
2019 SEP,-2770,2020-06-11,v65
2020 APR,305,2020-06-11,v65
2020 FEB,-833,2020-06-11,v65
2020 JAN,3679,2020-06-11,v65
2020 MAR,-3956,2020-06-11,v65
2020 Q1,-1110,2020-06-11,v65
1997,4746.0,2020-07-13,v66
1997 APR,257.0,2020-07-13,v66
1997 AUG,773.0,2020-07-13,v66
1997 DEC,154.0,2020-07-13,v66
1997 FEB,982.0,2020-07-13,v66
1997 JAN,1437.0,2020-07-13,v66
1997 JUL,703.0,2020-07-13,v66
1997 JUN,-232.0,2020-07-13,v66
1997 MAR,71.0,2020-07-13,v66
1997 MAY,36.0,2020-07-13,v66
1997 NOV,-343.0,2020-07-13,v66
1997 OCT,73.0,2020-07-13,v66
1997 Q1,2490.0,2020-07-13,v66
1997 Q2,61.0,2020-07-13,v66
1997 Q3,2311.0,2020-07-13,v66
1997 Q4,-116.0,2020-07-13,v66
1997 SEP,835.0,2020-07-13,v66
1998,-6151.0,2020-07-13,v66
1998 APR,-190.0,2020-07-13,v66
1998 AUG,-461.0,2020-07-13,v66
1998 DEC,-912.0,2020-07-13,v66
1998 FEB,-299.0,2020-07-13,v66
1998 JAN,424.0,2020-07-13,v66
1998 JUL,-394.0,2020-07-13,v66
1998 JUN,-724.0,2020-07-13,v66
1998 MAR,-373.0,2020-07-13,v66
1998 MAY,-824.0,2020-07-13,v66
1998 NOV,-885.0,2020-07-13,v66
1998 OCT,-618.0,2020-07-13,v66
1998 Q1,-248.0,2020-07-13,v66
1998 Q2,-1738.0,2020-07-13,v66
1998 Q3,-1750.0,2020-07-13,v66
1998 Q4,-2415.0,2020-07-13,v66
1998 SEP,-895.0,2020-07-13,v66
1999,-14430.0,2020-07-13,v66
1999 APR,-1351.0,2020-07-13,v66
1999 AUG,-1268.0,2020-07-13,v66
1999 DEC,-1127.0,2020-07-13,v66
1999 FEB,-1572.0,2020-07-13,v66
1999 JAN,-1463.0,2020-07-13,v66
1999 JUL,-1296.0,2020-07-13,v66
1999 JUN,-1557.0,2020-07-13,v66
1999 MAR,-1271.0,2020-07-13,v66
1999 MAY,-800.0,2020-07-13,v66
1999 NOV,-918.0,2020-07-13,v66
1999 OCT,-920.0,2020-07-13,v66
1999 Q1,-4306.0,2020-07-13,v66
1999 Q2,-3708.0,2020-07-13,v66
1999 Q3,-3451.0,2020-07-13,v66
1999 Q4,-2965.0,2020-07-13,v66
1999 SEP,-887.0,2020-07-13,v66
2000,-19000.0,2020-07-13,v66
2000 APR,-1961.0,2020-07-13,v66
2000 AUG,-1348.0,2020-07-13,v66
2000 DEC,-1898.0,2020-07-13,v66
2000 FEB,-1521.0,2020-07-13,v66
2000 JAN,-1497.0,2020-07-13,v66
2000 JUL,-2420.0,2020-07-13,v66
2000 JUN,-1363.0,2020-07-13,v66
2000 MAR,-1128.0,2020-07-13,v66
2000 MAY,-1439.0,2020-07-13,v66
2000 NOV,-1645.0,2020-07-13,v66
2000 OCT,-1282.0,2020-07-13,v66
2000 Q1,-4146.0,2020-07-13,v66
2000 Q2,-4763.0,2020-07-13,v66
2000 Q3,-5266.0,2020-07-13,v66
2000 Q4,-4825.0,2020-07-13,v66
2000 SEP,-1498.0,2020-07-13,v66
2001,-25079.0,2020-07-13,v66
2001 APR,-2234.0,2020-07-13,v66
2001 AUG,-2956.0,2020-07-13,v66
2001 DEC,-2233.0,2020-07-13,v66
2001 FEB,-1784.0,2020-07-13,v66
2001 JAN,-1550.0,2020-07-13,v66
2001 JUL,-2266.0,2020-07-13,v66
2001 JUN,-2647.0,2020-07-13,v66
2001 MAR,-2029.0,2020-07-13,v66
2001 MAY,-2157.0,2020-07-13,v66
2001 NOV,-1612.0,2020-07-13,v66
2001 OCT,-1596.0,2020-07-13,v66
2001 Q1,-5363.0,2020-07-13,v66
2001 Q2,-7038.0,2020-07-13,v66
2001 Q3,-7237.0,2020-07-13,v66
2001 Q4,-5441.0,2020-07-13,v66
2001 SEP,-2015.0,2020-07-13,v66
2002,-30667.0,2020-07-13,v66
2002 APR,-3061.0,2020-07-13,v66
2002 AUG,-2193.0,2020-07-13,v66
2002 DEC,-2294.0,2020-07-13,v66
2002 FEB,-2681.0,2020-07-13,v66
2002 JAN,-1805.0,2020-07-13,v66
2002 JUL,-2372.0,2020-07-13,v66
2002 JUN,-2940.0,2020-07-13,v66
2002 MAR,-2762.0,2020-07-13,v66
2002 MAY,-2347.0,2020-07-13,v66
2002 NOV,-3412.0,2020-07-13,v66
2002 OCT,-2760.0,2020-07-13,v66
2002 Q1,-7248.0,2020-07-13,v66
2002 Q2,-8348.0,2020-07-13,v66
2002 Q3,-6605.0,2020-07-13,v66
2002 Q4,-8466.0,2020-07-13,v66
2002 SEP,-2040.0,2020-07-13,v66
2003,-27695.0,2020-07-13,v66
2003 APR,-1056.0,2020-07-13,v66
2003 AUG,-1724.0,2020-07-13,v66
2003 DEC,-2411.0,2020-07-13,v66
2003 FEB,-1620.0,2020-07-13,v66
2003 JAN,-1716.0,2020-07-13,v66
2003 JUL,-1839.0,2020-07-13,v66
2003 JUN,-3272.0,2020-07-13,v66
2003 MAR,-2420.0,2020-07-13,v66
2003 MAY,-2652.0,2020-07-13,v66
2003 NOV,-2922.0,2020-07-13,v66
2003 OCT,-2667.0,2020-07-13,v66
2003 Q1,-5756.0,2020-07-13,v66
2003 Q2,-6980.0,2020-07-13,v66
2003 Q3,-6959.0,2020-07-13,v66
2003 Q4,-8000.0,2020-07-13,v66
2003 SEP,-3396.0,2020-07-13,v66
2004,-33644.0,2020-07-13,v66
2004 APR,-2646.0,2020-07-13,v66
2004 AUG,-3636.0,2020-07-13,v66
2004 DEC,-1870.0,2020-07-13,v66
2004 FEB,-2340.0,2020-07-13,v66
2004 JAN,-3513.0,2020-07-13,v66
2004 JUL,-3353.0,2020-07-13,v66
2004 JUN,-3390.0,2020-07-13,v66
2004 MAR,-2195.0,2020-07-13,v66
2004 MAY,-2990.0,2020-07-13,v66
2004 NOV,-2019.0,2020-07-13,v66
2004 OCT,-2900.0,2020-07-13,v66
2004 Q1,-8048.0,2020-07-13,v66
2004 Q2,-9026.0,2020-07-13,v66
2004 Q3,-9781.0,2020-07-13,v66
2004 Q4,-6789.0,2020-07-13,v66
2004 SEP,-2792.0,2020-07-13,v66
2005,-33546.0,2020-07-13,v66
2005 APR,-3076.0,2020-07-13,v66
2005 AUG,-3342.0,2020-07-13,v66
2005 DEC,-3033.0,2020-07-13,v66
2005 FEB,-3208.0,2020-07-13,v66
2005 JAN,-3328.0,2020-07-13,v66
2005 JUL,-2506.0,2020-07-13,v66
2005 JUN,-1909.0,2020-07-13,v66
2005 MAR,-2979.0,2020-07-13,v66
2005 MAY,-2340.0,2020-07-13,v66
2005 NOV,-2922.0,2020-07-13,v66
2005 OCT,-2194.0,2020-07-13,v66
2005 Q1,-9515.0,2020-07-13,v66
2005 Q2,-7325.0,2020-07-13,v66
2005 Q3,-8557.0,2020-07-13,v66
2005 Q4,-8149.0,2020-07-13,v66
2005 SEP,-2709.0,2020-07-13,v66
2006,-30292.0,2020-07-13,v66
2006 APR,-2484.0,2020-07-13,v66
2006 AUG,-2286.0,2020-07-13,v66
2006 DEC,-2393.0,2020-07-13,v66
2006 FEB,-2987.0,2020-07-13,v66
2006 JAN,-3644.0,2020-07-13,v66
2006 JUL,-2316.0,2020-07-13,v66
2006 JUN,-2049.0,2020-07-13,v66
2006 MAR,-2262.0,2020-07-13,v66
2006 MAY,-2967.0,2020-07-13,v66
2006 NOV,-2853.0,2020-07-13,v66
2006 OCT,-2230.0,2020-07-13,v66
2006 Q1,-8893.0,2020-07-13,v66
2006 Q2,-7500.0,2020-07-13,v66
2006 Q3,-6423.0,2020-07-13,v66
2006 Q4,-7476.0,2020-07-13,v66
2006 SEP,-1821.0,2020-07-13,v66
2007,-30679.0,2020-07-13,v66
2007 APR,-1789.0,2020-07-13,v66
2007 AUG,-2707.0,2020-07-13,v66
2007 DEC,-2391.0,2020-07-13,v66
2007 FEB,-2550.0,2020-07-13,v66
2007 JAN,-2218.0,2020-07-13,v66
2007 JUL,-3058.0,2020-07-13,v66
2007 JUN,-2773.0,2020-07-13,v66
2007 MAR,-3252.0,2020-07-13,v66
2007 MAY,-2713.0,2020-07-13,v66
2007 NOV,-2271.0,2020-07-13,v66
2007 OCT,-2232.0,2020-07-13,v66
2007 Q1,-8020.0,2020-07-13,v66
2007 Q2,-7275.0,2020-07-13,v66
2007 Q3,-8490.0,2020-07-13,v66
2007 Q4,-6894.0,2020-07-13,v66
2007 SEP,-2725.0,2020-07-13,v66
2008,-34204.0,2020-07-13,v66
2008 APR,-3153.0,2020-07-13,v66
2008 AUG,-2301.0,2020-07-13,v66
2008 DEC,-1436.0,2020-07-13,v66
2008 FEB,-3990.0,2020-07-13,v66
2008 JAN,-3679.0,2020-07-13,v66
2008 JUL,-3084.0,2020-07-13,v66
2008 JUN,-3844.0,2020-07-13,v66
2008 MAR,-3265.0,2020-07-13,v66
2008 MAY,-2907.0,2020-07-13,v66
2008 NOV,-2861.0,2020-07-13,v66
2008 OCT,-1804.0,2020-07-13,v66
2008 Q1,-10934.0,2020-07-13,v66
2008 Q2,-9904.0,2020-07-13,v66
2008 Q3,-7265.0,2020-07-13,v66
2008 Q4,-6101.0,2020-07-13,v66
2008 SEP,-1880.0,2020-07-13,v66
2009,-24849.0,2020-07-13,v66
2009 APR,-2526.0,2020-07-13,v66
2009 AUG,-1647.0,2020-07-13,v66
2009 DEC,-2427.0,2020-07-13,v66
2009 FEB,-1497.0,2020-07-13,v66
2009 JAN,-2168.0,2020-07-13,v66
2009 JUL,-1879.0,2020-07-13,v66
2009 JUN,-2196.0,2020-07-13,v66
2009 MAR,-2218.0,2020-07-13,v66
2009 MAY,-1568.0,2020-07-13,v66
2009 NOV,-2197.0,2020-07-13,v66
2009 OCT,-2304.0,2020-07-13,v66
2009 Q1,-5883.0,2020-07-13,v66
2009 Q2,-6290.0,2020-07-13,v66
2009 Q3,-5748.0,2020-07-13,v66
2009 Q4,-6928.0,2020-07-13,v66
2009 SEP,-2222.0,2020-07-13,v66
2010,-31980.0,2020-07-13,v66
2010 APR,-2547.0,2020-07-13,v66
2010 AUG,-3297.0,2020-07-13,v66
2010 DEC,-3497.0,2020-07-13,v66
2010 FEB,-847.0,2020-07-13,v66
2010 JAN,-2745.0,2020-07-13,v66
2010 JUL,-3052.0,2020-07-13,v66
2010 JUN,-2403.0,2020-07-13,v66
2010 MAR,-2562.0,2020-07-13,v66
2010 MAY,-2360.0,2020-07-13,v66
2010 NOV,-2941.0,2020-07-13,v66
2010 OCT,-2452.0,2020-07-13,v66
2010 Q1,-6154.0,2020-07-13,v66
2010 Q2,-7310.0,2020-07-13,v66
2010 Q3,-9626.0,2020-07-13,v66
2010 Q4,-8890.0,2020-07-13,v66
2010 SEP,-3277.0,2020-07-13,v66
2011,-15018.0,2020-07-13,v66
2011 APR,-83.0,2020-07-13,v66
2011 AUG,-1141.0,2020-07-13,v66
2011 DEC,-830.0,2020-07-13,v66
2011 FEB,470.0,2020-07-13,v66
2011 JAN,-1778.0,2020-07-13,v66
2011 JUL,-1421.0,2020-07-13,v66
2011 JUN,-1010.0,2020-07-13,v66
2011 MAR,-1693.0,2020-07-13,v66
2011 MAY,-1545.0,2020-07-13,v66
2011 NOV,-2088.0,2020-07-13,v66
2011 OCT,-1084.0,2020-07-13,v66
2011 Q1,-3001.0,2020-07-13,v66
2011 Q2,-2638.0,2020-07-13,v66
2011 Q3,-5377.0,2020-07-13,v66
2011 Q4,-4002.0,2020-07-13,v66
2011 SEP,-2815.0,2020-07-13,v66
2012,-20072.0,2020-07-13,v66
2012 APR,-3626.0,2020-07-13,v66
2012 AUG,-2475.0,2020-07-13,v66
2012 DEC,-1590.0,2020-07-13,v66
2012 FEB,-593.0,2020-07-13,v66
2012 JAN,-1182.0,2020-07-13,v66
2012 JUL,-47.0,2020-07-13,v66
2012 JUN,-2820.0,2020-07-13,v66
2012 MAR,-1243.0,2020-07-13,v66
2012 MAY,-1477.0,2020-07-13,v66
2012 NOV,-1858.0,2020-07-13,v66
2012 OCT,-2142.0,2020-07-13,v66
2012 Q1,-3018.0,2020-07-13,v66
2012 Q2,-7923.0,2020-07-13,v66
2012 Q3,-3541.0,2020-07-13,v66
2012 Q4,-5590.0,2020-07-13,v66
2012 SEP,-1019.0,2020-07-13,v66
2013,-22751.0,2020-07-13,v66
2013 APR,-703.0,2020-07-13,v66
2013 AUG,-788.0,2020-07-13,v66
2013 DEC,-1556.0,2020-07-13,v66
2013 FEB,-913.0,2020-07-13,v66
2013 JAN,-1141.0,2020-07-13,v66
2013 JUL,-1807.0,2020-07-13,v66
2013 JUN,-1993.0,2020-07-13,v66
2013 MAR,31.0,2020-07-13,v66
2013 MAY,-1565.0,2020-07-13,v66
2013 NOV,-4829.0,2020-07-13,v66
2013 OCT,-4959.0,2020-07-13,v66
2013 Q1,-2023.0,2020-07-13,v66
2013 Q2,-4261.0,2020-07-13,v66
2013 Q3,-5123.0,2020-07-13,v66
2013 Q4,-11344.0,2020-07-13,v66
2013 SEP,-2528.0,2020-07-13,v66
2014,-25961.0,2020-07-13,v66
2014 APR,-2846.0,2020-07-13,v66
2014 AUG,-1676.0,2020-07-13,v66
2014 DEC,-4739.0,2020-07-13,v66
2014 FEB,-2428.0,2020-07-13,v66
2014 JAN,-3761.0,2020-07-13,v66
2014 JUL,-2620.0,2020-07-13,v66
2014 JUN,-1795.0,2020-07-13,v66
2014 MAR,-1822.0,2020-07-13,v66
2014 MAY,-1353.0,2020-07-13,v66
2014 NOV,-1555.0,2020-07-13,v66
2014 OCT,-580.0,2020-07-13,v66
2014 Q1,-8011.0,2020-07-13,v66
2014 Q2,-5994.0,2020-07-13,v66
2014 Q3,-5082.0,2020-07-13,v66
2014 Q4,-6874.0,2020-07-13,v66
2014 SEP,-786.0,2020-07-13,v66
2015,-26458.0,2020-07-13,v66
2015 APR,-1984.0,2020-07-13,v66
2015 AUG,-2241.0,2020-07-13,v66
2015 DEC,357.0,2020-07-13,v66
2015 FEB,-3807.0,2020-07-13,v66
2015 JAN,-3894.0,2020-07-13,v66
2015 JUL,-2977.0,2020-07-13,v66
2015 JUN,-1042.0,2020-07-13,v66
2015 MAR,-2717.0,2020-07-13,v66
2015 MAY,-688.0,2020-07-13,v66
2015 NOV,-1673.0,2020-07-13,v66
2015 OCT,-4156.0,2020-07-13,v66
2015 Q1,-10418.0,2020-07-13,v66
2015 Q2,-3714.0,2020-07-13,v66
2015 Q3,-6854.0,2020-07-13,v66
2015 Q4,-5472.0,2020-07-13,v66
2015 SEP,-1636.0,2020-07-13,v66
2016,-32323.0,2020-07-13,v66
2016 APR,-2353.0,2020-07-13,v66
2016 AUG,-4938.0,2020-07-13,v66
2016 DEC,-2663.0,2020-07-13,v66
2016 FEB,-2756.0,2020-07-13,v66
2016 JAN,-692.0,2020-07-13,v66
2016 JUL,-3172.0,2020-07-13,v66
2016 JUN,-2826.0,2020-07-13,v66
2016 MAR,-3792.0,2020-07-13,v66
2016 MAY,-427.0,2020-07-13,v66
2016 NOV,-2447.0,2020-07-13,v66
2016 OCT,-581.0,2020-07-13,v66
2016 Q1,-7240.0,2020-07-13,v66
2016 Q2,-5606.0,2020-07-13,v66
2016 Q3,-13786.0,2020-07-13,v66
2016 Q4,-5691.0,2020-07-13,v66
2016 SEP,-5676.0,2020-07-13,v66
2017,-25127.0,2020-07-13,v66
2017 APR,-446.0,2020-07-13,v66
2017 AUG,-2696.0,2020-07-13,v66
2017 DEC,-1659.0,2020-07-13,v66
2017 FEB,-1760.0,2020-07-13,v66
2017 JAN,-2293.0,2020-07-13,v66
2017 JUL,-2044.0,2020-07-13,v66
2017 JUN,-3570.0,2020-07-13,v66
2017 MAR,-3375.0,2020-07-13,v66
2017 MAY,-1802.0,2020-07-13,v66
2017 NOV,-2589.0,2020-07-13,v66
2017 OCT,-1701.0,2020-07-13,v66
2017 Q1,-7428.0,2020-07-13,v66
2017 Q2,-5818.0,2020-07-13,v66
2017 Q3,-5932.0,2020-07-13,v66
2017 Q4,-5949.0,2020-07-13,v66
2017 SEP,-1192.0,2020-07-13,v66
2018,-29787.0,2020-07-13,v66
2018 APR,-3156.0,2020-07-13,v66
2018 AUG,-3294.0,2020-07-13,v66
2018 DEC,-4536.0,2020-07-13,v66
2018 FEB,-567.0,2020-07-13,v66
2018 JAN,-2101.0,2020-07-13,v66
2018 JUL,-1637.0,2020-07-13,v66
2018 JUN,-936.0,2020-07-13,v66
2018 MAR,-3192.0,2020-07-13,v66
2018 MAY,-2823.0,2020-07-13,v66
2018 NOV,-3623.0,2020-07-13,v66
2018 OCT,-2602.0,2020-07-13,v66
2018 Q1,-5860.0,2020-07-13,v66
2018 Q2,-6915.0,2020-07-13,v66
2018 Q3,-6251.0,2020-07-13,v66
2018 Q4,-10761.0,2020-07-13,v66
2018 SEP,-1320.0,2020-07-13,v66
2019,-23987.0,2020-07-13,v66
2019 APR,-5401.0,2020-07-13,v66
2019 AUG,-750.0,2020-07-13,v66
2019 DEC,6866.0,2020-07-13,v66
2019 FEB,-7557.0,2020-07-13,v66
2019 JAN,-7010.0,2020-07-13,v66
2019 JUL,1163.0,2020-07-13,v66
2019 JUN,152.0,2020-07-13,v66
2019 MAR,-7367.0,2020-07-13,v66
2019 MAY,-2712.0,2020-07-13,v66
2019 NOV,3728.0,2020-07-13,v66
2019 OCT,-2243.0,2020-07-13,v66
2019 Q1,-21934.0,2020-07-13,v66
2019 Q2,-7961.0,2020-07-13,v66
2019 Q3,-2443.0,2020-07-13,v66
2019 Q4,8351.0,2020-07-13,v66
2019 SEP,-2856.0,2020-07-13,v66
2020 APR,2314.0,2020-07-13,v66
2020 FEB,-833.0,2020-07-13,v66
2020 JAN,3582.0,2020-07-13,v66
2020 MAR,-3950.0,2020-07-13,v66
2020 MAY,4296.0,2020-07-13,v66
2020 Q1,-1201.0,2020-07-13,v66
1997,4746,2020-08-11,v67
1997 Q1,2490,2020-08-11,v67
1997 Q2,61,2020-08-11,v67
1997 Q3,2311,2020-08-11,v67
1997 Q4,-116,2020-08-11,v67
1998,-6151,2020-08-11,v67
1998 Q1,-248,2020-08-11,v67
1998 Q2,-1738,2020-08-11,v67
1998 Q3,-1750,2020-08-11,v67
1998 Q4,-2415,2020-08-11,v67
1999,-14430,2020-08-11,v67
1999 Q1,-4306,2020-08-11,v67
1999 Q2,-3708,2020-08-11,v67
1999 Q3,-3451,2020-08-11,v67
1999 Q4,-2965,2020-08-11,v67
2000,-19000,2020-08-11,v67
2000 Q1,-4146,2020-08-11,v67
2000 Q2,-4763,2020-08-11,v67
2000 Q3,-5266,2020-08-11,v67
2000 Q4,-4825,2020-08-11,v67
2001,-25079,2020-08-11,v67
2001 Q1,-5363,2020-08-11,v67
2001 Q2,-7038,2020-08-11,v67
2001 Q3,-7237,2020-08-11,v67
2001 Q4,-5441,2020-08-11,v67
2002,-30667,2020-08-11,v67
2002 Q1,-7248,2020-08-11,v67
2002 Q2,-8348,2020-08-11,v67
2002 Q3,-6605,2020-08-11,v67
2002 Q4,-8466,2020-08-11,v67
2003,-27695,2020-08-11,v67
2003 Q1,-5756,2020-08-11,v67
2003 Q2,-6980,2020-08-11,v67
2003 Q3,-6959,2020-08-11,v67
2003 Q4,-8000,2020-08-11,v67
2004,-33644,2020-08-11,v67
2004 Q1,-8048,2020-08-11,v67
2004 Q2,-9026,2020-08-11,v67
2004 Q3,-9781,2020-08-11,v67
2004 Q4,-6789,2020-08-11,v67
2005,-33546,2020-08-11,v67
2005 Q1,-9515,2020-08-11,v67
2005 Q2,-7325,2020-08-11,v67
2005 Q3,-8557,2020-08-11,v67
2005 Q4,-8149,2020-08-11,v67
2006,-30292,2020-08-11,v67
2006 Q1,-8893,2020-08-11,v67
2006 Q2,-7500,2020-08-11,v67
2006 Q3,-6423,2020-08-11,v67
2006 Q4,-7476,2020-08-11,v67
2007,-30679,2020-08-11,v67
2007 Q1,-8020,2020-08-11,v67
2007 Q2,-7275,2020-08-11,v67
2007 Q3,-8490,2020-08-11,v67
2007 Q4,-6894,2020-08-11,v67
2008,-34204,2020-08-11,v67
2008 Q1,-10934,2020-08-11,v67
2008 Q2,-9904,2020-08-11,v67
2008 Q3,-7265,2020-08-11,v67
2008 Q4,-6101,2020-08-11,v67
2009,-24849,2020-08-11,v67
2009 Q1,-5883,2020-08-11,v67
2009 Q2,-6290,2020-08-11,v67
2009 Q3,-5748,2020-08-11,v67
2009 Q4,-6928,2020-08-11,v67
2010,-31980,2020-08-11,v67
2010 Q1,-6154,2020-08-11,v67
2010 Q2,-7310,2020-08-11,v67
2010 Q3,-9626,2020-08-11,v67
2010 Q4,-8890,2020-08-11,v67
2011,-15018,2020-08-11,v67
2011 Q1,-3001,2020-08-11,v67
2011 Q2,-2638,2020-08-11,v67
2011 Q3,-5377,2020-08-11,v67
2011 Q4,-4002,2020-08-11,v67
2012,-20072,2020-08-11,v67
2012 Q1,-3018,2020-08-11,v67
2012 Q2,-7923,2020-08-11,v67
2012 Q3,-3541,2020-08-11,v67
2012 Q4,-5590,2020-08-11,v67
2013,-22751,2020-08-11,v67
2013 Q1,-2023,2020-08-11,v67
2013 Q2,-4261,2020-08-11,v67
2013 Q3,-5123,2020-08-11,v67
2013 Q4,-11344,2020-08-11,v67
2014,-25961,2020-08-11,v67
2014 Q1,-8011,2020-08-11,v67
2014 Q2,-5994,2020-08-11,v67
2014 Q3,-5082,2020-08-11,v67
2014 Q4,-6874,2020-08-11,v67
2015,-26458,2020-08-11,v67
2015 Q1,-10418,2020-08-11,v67
2015 Q2,-3714,2020-08-11,v67
2015 Q3,-6854,2020-08-11,v67
2015 Q4,-5472,2020-08-11,v67
2016,-32323,2020-08-11,v67
2016 Q1,-7240,2020-08-11,v67
2016 Q2,-5606,2020-08-11,v67
2016 Q3,-13786,2020-08-11,v67
2016 Q4,-5691,2020-08-11,v67
2017,-25127,2020-08-11,v67
2017 Q1,-7428,2020-08-11,v67
2017 Q2,-5818,2020-08-11,v67
2017 Q3,-5932,2020-08-11,v67
2017 Q4,-5949,2020-08-11,v67
2018,-29787,2020-08-11,v67
2018 Q1,-5860,2020-08-11,v67
2018 Q2,-6915,2020-08-11,v67
2018 Q3,-6251,2020-08-11,v67
2018 Q4,-10761,2020-08-11,v67
2019,-23987,2020-08-11,v67
2019 Q1,-21934,2020-08-11,v67
2019 Q2,-7961,2020-08-11,v67
2019 Q3,-2443,2020-08-11,v67
2019 Q4,8351,2020-08-11,v67
2020 APR,5803.0,2020-08-11,v67
2020 JUN,5336.0,2020-08-11,v67
2020 MAY,7664.0,2020-08-11,v67
2020 Q1,-1201,2020-08-11,v67
2020 Q2,18803,2020-08-11,v67
1997 APR,257,2020-09-10,v68
1997 AUG,773,2020-09-10,v68
1997 DEC,154,2020-09-10,v68
1997 FEB,982,2020-09-10,v68
1997 JAN,1437,2020-09-10,v68
1997 JUL,703,2020-09-10,v68
1997 JUN,-232,2020-09-10,v68
1997 MAR,71,2020-09-10,v68
1997 MAY,36,2020-09-10,v68
1997 NOV,-343,2020-09-10,v68
1997 OCT,73,2020-09-10,v68
1997 SEP,835,2020-09-10,v68
1998 APR,-190,2020-09-10,v68
1998 AUG,-461,2020-09-10,v68
1998 DEC,-912,2020-09-10,v68
1998 FEB,-299,2020-09-10,v68
1998 JAN,424,2020-09-10,v68
1998 JUL,-394,2020-09-10,v68
1998 JUN,-724,2020-09-10,v68
1998 MAR,-373,2020-09-10,v68
1998 MAY,-824,2020-09-10,v68
1998 NOV,-885,2020-09-10,v68
1998 OCT,-618,2020-09-10,v68
1998 SEP,-895,2020-09-10,v68
1999 APR,-1351,2020-09-10,v68
1999 AUG,-1268,2020-09-10,v68
1999 DEC,-1127,2020-09-10,v68
1999 FEB,-1572,2020-09-10,v68
1999 JAN,-1463,2020-09-10,v68
1999 JUL,-1296,2020-09-10,v68
1999 JUN,-1557,2020-09-10,v68
1999 MAR,-1271,2020-09-10,v68
1999 MAY,-800,2020-09-10,v68
1999 NOV,-918,2020-09-10,v68
1999 OCT,-920,2020-09-10,v68
1999 SEP,-887,2020-09-10,v68
2000 APR,-1961,2020-09-10,v68
2000 AUG,-1348,2020-09-10,v68
2000 DEC,-1898,2020-09-10,v68
2000 FEB,-1521,2020-09-10,v68
2000 JAN,-1497,2020-09-10,v68
2000 JUL,-2420,2020-09-10,v68
2000 JUN,-1363,2020-09-10,v68
2000 MAR,-1128,2020-09-10,v68
2000 MAY,-1439,2020-09-10,v68
2000 NOV,-1645,2020-09-10,v68
2000 OCT,-1282,2020-09-10,v68
2000 SEP,-1498,2020-09-10,v68
2001 APR,-2234,2020-09-10,v68
2001 AUG,-2956,2020-09-10,v68
2001 DEC,-2233,2020-09-10,v68
2001 FEB,-1784,2020-09-10,v68
2001 JAN,-1550,2020-09-10,v68
2001 JUL,-2266,2020-09-10,v68
2001 JUN,-2647,2020-09-10,v68
2001 MAR,-2029,2020-09-10,v68
2001 MAY,-2157,2020-09-10,v68
2001 NOV,-1612,2020-09-10,v68
2001 OCT,-1596,2020-09-10,v68
2001 SEP,-2015,2020-09-10,v68
2002 APR,-3061,2020-09-10,v68
2002 AUG,-2193,2020-09-10,v68
2002 DEC,-2294,2020-09-10,v68
2002 FEB,-2681,2020-09-10,v68
2002 JAN,-1805,2020-09-10,v68
2002 JUL,-2372,2020-09-10,v68
2002 JUN,-2940,2020-09-10,v68
2002 MAR,-2762,2020-09-10,v68
2002 MAY,-2347,2020-09-10,v68
2002 NOV,-3412,2020-09-10,v68
2002 OCT,-2760,2020-09-10,v68
2002 SEP,-2040,2020-09-10,v68
2003 APR,-1056,2020-09-10,v68
2003 AUG,-1724,2020-09-10,v68
2003 DEC,-2411,2020-09-10,v68
2003 FEB,-1620,2020-09-10,v68
2003 JAN,-1716,2020-09-10,v68
2003 JUL,-1839,2020-09-10,v68
2003 JUN,-3272,2020-09-10,v68
2003 MAR,-2420,2020-09-10,v68
2003 MAY,-2652,2020-09-10,v68
2003 NOV,-2922,2020-09-10,v68
2003 OCT,-2667,2020-09-10,v68
2003 SEP,-3396,2020-09-10,v68
2004 APR,-2646,2020-09-10,v68
2004 AUG,-3636,2020-09-10,v68
2004 DEC,-1870,2020-09-10,v68
2004 FEB,-2340,2020-09-10,v68
2004 JAN,-3513,2020-09-10,v68
2004 JUL,-3353,2020-09-10,v68
2004 JUN,-3390,2020-09-10,v68
2004 MAR,-2195,2020-09-10,v68
2004 MAY,-2990,2020-09-10,v68
2004 NOV,-2019,2020-09-10,v68
2004 OCT,-2900,2020-09-10,v68
2004 SEP,-2792,2020-09-10,v68
2005 APR,-3076,2020-09-10,v68
2005 AUG,-3342,2020-09-10,v68
2005 DEC,-3033,2020-09-10,v68
2005 FEB,-3208,2020-09-10,v68
2005 JAN,-3328,2020-09-10,v68
2005 JUL,-2506,2020-09-10,v68
2005 JUN,-1909,2020-09-10,v68
2005 MAR,-2979,2020-09-10,v68
2005 MAY,-2340,2020-09-10,v68
2005 NOV,-2922,2020-09-10,v68
2005 OCT,-2194,2020-09-10,v68
2005 SEP,-2709,2020-09-10,v68
2006 APR,-2484,2020-09-10,v68
2006 AUG,-2286,2020-09-10,v68
2006 DEC,-2393,2020-09-10,v68
2006 FEB,-2987,2020-09-10,v68
2006 JAN,-3644,2020-09-10,v68
2006 JUL,-2316,2020-09-10,v68
2006 JUN,-2049,2020-09-10,v68
2006 MAR,-2262,2020-09-10,v68
2006 MAY,-2967,2020-09-10,v68
2006 NOV,-2853,2020-09-10,v68
2006 OCT,-2230,2020-09-10,v68
2006 SEP,-1821,2020-09-10,v68
2007 APR,-1789,2020-09-10,v68
2007 AUG,-2707,2020-09-10,v68
2007 DEC,-2391,2020-09-10,v68
2007 FEB,-2550,2020-09-10,v68
2007 JAN,-2218,2020-09-10,v68
2007 JUL,-3058,2020-09-10,v68
2007 JUN,-2773,2020-09-10,v68
2007 MAR,-3252,2020-09-10,v68
2007 MAY,-2713,2020-09-10,v68
2007 NOV,-2271,2020-09-10,v68
2007 OCT,-2232,2020-09-10,v68
2007 SEP,-2725,2020-09-10,v68
2008 APR,-3153,2020-09-10,v68
2008 AUG,-2301,2020-09-10,v68
2008 DEC,-1436,2020-09-10,v68
2008 FEB,-3990,2020-09-10,v68
2008 JAN,-3679,2020-09-10,v68
2008 JUL,-3084,2020-09-10,v68
2008 JUN,-3844,2020-09-10,v68
2008 MAR,-3265,2020-09-10,v68
2008 MAY,-2907,2020-09-10,v68
2008 NOV,-2861,2020-09-10,v68
2008 OCT,-1804,2020-09-10,v68
2008 SEP,-1880,2020-09-10,v68
2009 APR,-2526,2020-09-10,v68
2009 AUG,-1647,2020-09-10,v68
2009 DEC,-2427,2020-09-10,v68
2009 FEB,-1497,2020-09-10,v68
2009 JAN,-2168,2020-09-10,v68
2009 JUL,-1879,2020-09-10,v68
2009 JUN,-2196,2020-09-10,v68
2009 MAR,-2218,2020-09-10,v68
2009 MAY,-1568,2020-09-10,v68
2009 NOV,-2197,2020-09-10,v68
2009 OCT,-2304,2020-09-10,v68
2009 SEP,-2222,2020-09-10,v68
2010 APR,-2547,2020-09-10,v68
2010 AUG,-3297,2020-09-10,v68
2010 DEC,-3497,2020-09-10,v68
2010 FEB,-847,2020-09-10,v68
2010 JAN,-2745,2020-09-10,v68
2010 JUL,-3052,2020-09-10,v68
2010 JUN,-2403,2020-09-10,v68
2010 MAR,-2562,2020-09-10,v68
2010 MAY,-2360,2020-09-10,v68
2010 NOV,-2941,2020-09-10,v68
2010 OCT,-2452,2020-09-10,v68
2010 SEP,-3277,2020-09-10,v68
2011 APR,-83,2020-09-10,v68
2011 AUG,-1141,2020-09-10,v68
2011 DEC,-830,2020-09-10,v68
2011 FEB,470,2020-09-10,v68
2011 JAN,-1778,2020-09-10,v68
2011 JUL,-1421,2020-09-10,v68
2011 JUN,-1010,2020-09-10,v68
2011 MAR,-1693,2020-09-10,v68
2011 MAY,-1545,2020-09-10,v68
2011 NOV,-2088,2020-09-10,v68
2011 OCT,-1084,2020-09-10,v68
2011 SEP,-2815,2020-09-10,v68
2012 APR,-3626,2020-09-10,v68
2012 AUG,-2475,2020-09-10,v68
2012 DEC,-1590,2020-09-10,v68
2012 FEB,-593,2020-09-10,v68
2012 JAN,-1182,2020-09-10,v68
2012 JUL,-47,2020-09-10,v68
2012 JUN,-2820,2020-09-10,v68
2012 MAR,-1243,2020-09-10,v68
2012 MAY,-1477,2020-09-10,v68
2012 NOV,-1858,2020-09-10,v68
2012 OCT,-2142,2020-09-10,v68
2012 SEP,-1019,2020-09-10,v68
2013 APR,-703,2020-09-10,v68
2013 AUG,-788,2020-09-10,v68
2013 DEC,-1556,2020-09-10,v68
2013 FEB,-913,2020-09-10,v68
2013 JAN,-1141,2020-09-10,v68
2013 JUL,-1807,2020-09-10,v68
2013 JUN,-1993,2020-09-10,v68
2013 MAR,31,2020-09-10,v68
2013 MAY,-1565,2020-09-10,v68
2013 NOV,-4829,2020-09-10,v68
2013 OCT,-4959,2020-09-10,v68
2013 SEP,-2528,2020-09-10,v68
2014 APR,-2846,2020-09-10,v68
2014 AUG,-1676,2020-09-10,v68
2014 DEC,-4739,2020-09-10,v68
2014 FEB,-2428,2020-09-10,v68
2014 JAN,-3761,2020-09-10,v68
2014 JUL,-2620,2020-09-10,v68
2014 JUN,-1795,2020-09-10,v68
2014 MAR,-1822,2020-09-10,v68
2014 MAY,-1353,2020-09-10,v68
2014 NOV,-1555,2020-09-10,v68
2014 OCT,-580,2020-09-10,v68
2014 SEP,-786,2020-09-10,v68
2015 APR,-1984,2020-09-10,v68
2015 AUG,-2241,2020-09-10,v68
2015 DEC,357,2020-09-10,v68
2015 FEB,-3807,2020-09-10,v68
2015 JAN,-3894,2020-09-10,v68
2015 JUL,-2977,2020-09-10,v68
2015 JUN,-1042,2020-09-10,v68
2015 MAR,-2717,2020-09-10,v68
2015 MAY,-688,2020-09-10,v68
2015 NOV,-1673,2020-09-10,v68
2015 OCT,-4156,2020-09-10,v68
2015 SEP,-1636,2020-09-10,v68
2016 APR,-2353,2020-09-10,v68
2016 AUG,-4938,2020-09-10,v68
2016 DEC,-2663,2020-09-10,v68
2016 FEB,-2756,2020-09-10,v68
2016 JAN,-692,2020-09-10,v68
2016 JUL,-3172,2020-09-10,v68
2016 JUN,-2826,2020-09-10,v68
2016 MAR,-3792,2020-09-10,v68
2016 MAY,-427,2020-09-10,v68
2016 NOV,-2447,2020-09-10,v68
2016 OCT,-581,2020-09-10,v68
2016 SEP,-5676,2020-09-10,v68
2017 APR,-446,2020-09-10,v68
2017 AUG,-2696,2020-09-10,v68
2017 DEC,-1659,2020-09-10,v68
2017 FEB,-1760,2020-09-10,v68
2017 JAN,-2293,2020-09-10,v68
2017 JUL,-2044,2020-09-10,v68
2017 JUN,-3570,2020-09-10,v68
2017 MAR,-3375,2020-09-10,v68
2017 MAY,-1802,2020-09-10,v68
2017 NOV,-2589,2020-09-10,v68
2017 OCT,-1701,2020-09-10,v68
2017 SEP,-1192,2020-09-10,v68
2018 APR,-3156,2020-09-10,v68
2018 AUG,-3294,2020-09-10,v68
2018 DEC,-4536,2020-09-10,v68
2018 FEB,-567,2020-09-10,v68
2018 JAN,-2101,2020-09-10,v68
2018 JUL,-1637,2020-09-10,v68
2018 JUN,-936,2020-09-10,v68
2018 MAR,-3192,2020-09-10,v68
2018 MAY,-2823,2020-09-10,v68
2018 NOV,-3623,2020-09-10,v68
2018 OCT,-2602,2020-09-10,v68
2018 SEP,-1320,2020-09-10,v68
2019 APR,-5401,2020-09-10,v68
2019 AUG,-750,2020-09-10,v68
2019 DEC,6866,2020-09-10,v68
2019 FEB,-7557,2020-09-10,v68
2019 JAN,-7010,2020-09-10,v68
2019 JUL,1163,2020-09-10,v68
2019 JUN,152,2020-09-10,v68
2019 MAR,-7367,2020-09-10,v68
2019 MAY,-2712,2020-09-10,v68
2019 NOV,3728,2020-09-10,v68
2019 OCT,-2243,2020-09-10,v68
2019 SEP,-2856,2020-09-10,v68
2020 APR,5649,2020-09-10,v68
2020 FEB,-833,2020-09-10,v68
2020 JAN,3582,2020-09-10,v68
2020 JUL,1074,2020-09-10,v68
2020 JUN,3902,2020-09-10,v68
2020 MAR,-3950,2020-09-10,v68
2020 MAY,7037,2020-09-10,v68
2020 Q2,16588,2020-09-10,v68
1997,4257,2020-10-08,v69
1997 APR,219,2020-10-08,v69
1997 AUG,611,2020-10-08,v69
1997 DEC,272,2020-10-08,v69
1997 FEB,848,2020-10-08,v69
1997 JAN,1290,2020-10-08,v69
1997 JUL,572,2020-10-08,v69
1997 JUN,-303,2020-10-08,v69
1997 MAR,-51,2020-10-08,v69
1997 MAY,23,2020-10-08,v69
1997 NOV,-190,2020-10-08,v69
1997 OCT,173,2020-10-08,v69
1997 Q1,2087,2020-10-08,v69
1997 Q2,-61,2020-10-08,v69
1997 Q3,1976,2020-10-08,v69
1997 Q4,255,2020-10-08,v69
1997 SEP,793,2020-10-08,v69
1998,-6746,2020-10-08,v69
1998 APR,-232,2020-10-08,v69
1998 AUG,-560,2020-10-08,v69
1998 DEC,-933,2020-10-08,v69
1998 FEB,-346,2020-10-08,v69
1998 JAN,422,2020-10-08,v69
1998 JUL,-450,2020-10-08,v69
1998 JUN,-787,2020-10-08,v69
1998 MAR,-476,2020-10-08,v69
1998 MAY,-870,2020-10-08,v69
1998 NOV,-887,2020-10-08,v69
1998 OCT,-648,2020-10-08,v69
1998 Q1,-400,2020-10-08,v69
1998 Q2,-1889,2020-10-08,v69
1998 Q3,-1989,2020-10-08,v69
1998 Q4,-2468,2020-10-08,v69
1998 SEP,-979,2020-10-08,v69
1999,-14907,2020-10-08,v69
1999 APR,-1374,2020-10-08,v69
1999 AUG,-1311,2020-10-08,v69
1999 DEC,-1137,2020-10-08,v69
1999 FEB,-1631,2020-10-08,v69
1999 JAN,-1542,2020-10-08,v69
1999 JUL,-1350,2020-10-08,v69
1999 JUN,-1560,2020-10-08,v69
1999 MAR,-1342,2020-10-08,v69
1999 MAY,-831,2020-10-08,v69
1999 NOV,-939,2020-10-08,v69
1999 OCT,-981,2020-10-08,v69
1999 Q1,-4515,2020-10-08,v69
1999 Q2,-3765,2020-10-08,v69
1999 Q3,-3570,2020-10-08,v69
1999 Q4,-3057,2020-10-08,v69
1999 SEP,-909,2020-10-08,v69
2000,-19554,2020-10-08,v69
2000 APR,-1901,2020-10-08,v69
2000 AUG,-1614,2020-10-08,v69
2000 DEC,-1824,2020-10-08,v69
2000 FEB,-1457,2020-10-08,v69
2000 JAN,-1523,2020-10-08,v69
2000 JUL,-2660,2020-10-08,v69
2000 JUN,-1375,2020-10-08,v69
2000 MAR,-1089,2020-10-08,v69
2000 MAY,-1365,2020-10-08,v69
2000 NOV,-1623,2020-10-08,v69
2000 OCT,-1393,2020-10-08,v69
2000 Q1,-4069,2020-10-08,v69
2000 Q2,-4641,2020-10-08,v69
2000 Q3,-6004,2020-10-08,v69
2000 Q4,-4840,2020-10-08,v69
2000 SEP,-1730,2020-10-08,v69
2001,-25914,2020-10-08,v69
2001 APR,-2389,2020-10-08,v69
2001 AUG,-2931,2020-10-08,v69
2001 DEC,-2406,2020-10-08,v69
2001 FEB,-1713,2020-10-08,v69
2001 JAN,-1438,2020-10-08,v69
2001 JUL,-2322,2020-10-08,v69
2001 JUN,-2837,2020-10-08,v69
2001 MAR,-2086,2020-10-08,v69
2001 MAY,-2331,2020-10-08,v69
2001 NOV,-1758,2020-10-08,v69
2001 OCT,-1677,2020-10-08,v69
2001 Q1,-5237,2020-10-08,v69
2001 Q2,-7557,2020-10-08,v69
2001 Q3,-7279,2020-10-08,v69
2001 Q4,-5841,2020-10-08,v69
2001 SEP,-2026,2020-10-08,v69
2002,-31921,2020-10-08,v69
2002 APR,-3150,2020-10-08,v69
2002 AUG,-2354,2020-10-08,v69
2002 DEC,-2292,2020-10-08,v69
2002 FEB,-2804,2020-10-08,v69
2002 JAN,-1897,2020-10-08,v69
2002 JUL,-2458,2020-10-08,v69
2002 JUN,-3046,2020-10-08,v69
2002 MAR,-2909,2020-10-08,v69
2002 MAY,-2451,2020-10-08,v69
2002 NOV,-3551,2020-10-08,v69
2002 OCT,-2881,2020-10-08,v69
2002 Q1,-7610,2020-10-08,v69
2002 Q2,-8647,2020-10-08,v69
2002 Q3,-6940,2020-10-08,v69
2002 Q4,-8724,2020-10-08,v69
2002 SEP,-2128,2020-10-08,v69
2003,-28112,2020-10-08,v69
2003 APR,-1092,2020-10-08,v69
2003 AUG,-1891,2020-10-08,v69
2003 DEC,-2449,2020-10-08,v69
2003 FEB,-1415,2020-10-08,v69
2003 JAN,-1589,2020-10-08,v69
2003 JUL,-2018,2020-10-08,v69
2003 JUN,-3432,2020-10-08,v69
2003 MAR,-2306,2020-10-08,v69
2003 MAY,-2766,2020-10-08,v69
2003 NOV,-2974,2020-10-08,v69
2003 OCT,-2708,2020-10-08,v69
2003 Q1,-5310,2020-10-08,v69
2003 Q2,-7290,2020-10-08,v69
2003 Q3,-7381,2020-10-08,v69
2003 Q4,-8131,2020-10-08,v69
2003 SEP,-3472,2020-10-08,v69
2004,-33794,2020-10-08,v69
2004 APR,-2849,2020-10-08,v69
2004 AUG,-3408,2020-10-08,v69
2004 DEC,-1890,2020-10-08,v69
2004 FEB,-2432,2020-10-08,v69
2004 JAN,-3626,2020-10-08,v69
2004 JUL,-3238,2020-10-08,v69
2004 JUN,-3435,2020-10-08,v69
2004 MAR,-2357,2020-10-08,v69
2004 MAY,-3127,2020-10-08,v69
2004 NOV,-2021,2020-10-08,v69
2004 OCT,-2840,2020-10-08,v69
2004 Q1,-8415,2020-10-08,v69
2004 Q2,-9411,2020-10-08,v69
2004 Q3,-9217,2020-10-08,v69
2004 Q4,-6751,2020-10-08,v69
2004 SEP,-2571,2020-10-08,v69
2005,-33950,2020-10-08,v69
2005 APR,-3140,2020-10-08,v69
2005 AUG,-3370,2020-10-08,v69
2005 DEC,-3040,2020-10-08,v69
2005 FEB,-3220,2020-10-08,v69
2005 JAN,-3373,2020-10-08,v69
2005 JUL,-2568,2020-10-08,v69
2005 JUN,-1963,2020-10-08,v69
2005 MAR,-2985,2020-10-08,v69
2005 MAY,-2353,2020-10-08,v69
2005 NOV,-2969,2020-10-08,v69
2005 OCT,-2272,2020-10-08,v69
2005 Q1,-9578,2020-10-08,v69
2005 Q2,-7456,2020-10-08,v69
2005 Q3,-8635,2020-10-08,v69
2005 Q4,-8281,2020-10-08,v69
2005 SEP,-2697,2020-10-08,v69
2006,-31242,2020-10-08,v69
2006 APR,-2645,2020-10-08,v69
2006 AUG,-2554,2020-10-08,v69
2006 DEC,-2172,2020-10-08,v69
2006 FEB,-3155,2020-10-08,v69
2006 JAN,-3735,2020-10-08,v69
2006 JUL,-2687,2020-10-08,v69
2006 JUN,-2400,2020-10-08,v69
2006 MAR,-2333,2020-10-08,v69
2006 MAY,-3287,2020-10-08,v69
2006 NOV,-2461,2020-10-08,v69
2006 OCT,-1930,2020-10-08,v69
2006 Q1,-9223,2020-10-08,v69
2006 Q2,-8332,2020-10-08,v69
2006 Q3,-7124,2020-10-08,v69
2006 Q4,-6563,2020-10-08,v69
2006 SEP,-1883,2020-10-08,v69
2007,-31597,2020-10-08,v69
2007 APR,-1899,2020-10-08,v69
2007 AUG,-2827,2020-10-08,v69
2007 DEC,-2464,2020-10-08,v69
2007 FEB,-2711,2020-10-08,v69
2007 JAN,-2205,2020-10-08,v69
2007 JUL,-3094,2020-10-08,v69
2007 JUN,-2850,2020-10-08,v69
2007 MAR,-3380,2020-10-08,v69
2007 MAY,-2647,2020-10-08,v69
2007 NOV,-2317,2020-10-08,v69
2007 OCT,-2309,2020-10-08,v69
2007 Q1,-8296,2020-10-08,v69
2007 Q2,-7396,2020-10-08,v69
2007 Q3,-8815,2020-10-08,v69
2007 Q4,-7090,2020-10-08,v69
2007 SEP,-2894,2020-10-08,v69
2008,-34688,2020-10-08,v69
2008 APR,-3227,2020-10-08,v69
2008 AUG,-2367,2020-10-08,v69
2008 DEC,-1521,2020-10-08,v69
2008 FEB,-4008,2020-10-08,v69
2008 JAN,-3689,2020-10-08,v69
2008 JUL,-3171,2020-10-08,v69
2008 JUN,-3932,2020-10-08,v69
2008 MAR,-3294,2020-10-08,v69
2008 MAY,-2897,2020-10-08,v69
2008 NOV,-2914,2020-10-08,v69
2008 OCT,-1783,2020-10-08,v69
2008 Q1,-10991,2020-10-08,v69
2008 Q2,-10056,2020-10-08,v69
2008 Q3,-7423,2020-10-08,v69
2008 Q4,-6218,2020-10-08,v69
2008 SEP,-1885,2020-10-08,v69
2009,-24871,2020-10-08,v69
2009 APR,-2673,2020-10-08,v69
2009 AUG,-1436,2020-10-08,v69
2009 DEC,-2519,2020-10-08,v69
2009 FEB,-1755,2020-10-08,v69
2009 JAN,-2320,2020-10-08,v69
2009 JUL,-1720,2020-10-08,v69
2009 JUN,-2098,2020-10-08,v69
2009 MAR,-2425,2020-10-08,v69
2009 MAY,-1602,2020-10-08,v69
2009 NOV,-2143,2020-10-08,v69
2009 OCT,-2158,2020-10-08,v69
2009 Q1,-6500,2020-10-08,v69
2009 Q2,-6373,2020-10-08,v69
2009 Q3,-5178,2020-10-08,v69
2009 Q4,-6820,2020-10-08,v69
2009 SEP,-2022,2020-10-08,v69
2010,-31123,2020-10-08,v69
2010 APR,-2538,2020-10-08,v69
2010 AUG,-3082,2020-10-08,v69
2010 DEC,-3362,2020-10-08,v69
2010 FEB,-1081,2020-10-08,v69
2010 JAN,-2926,2020-10-08,v69
2010 JUL,-2853,2020-10-08,v69
2010 JUN,-2202,2020-10-08,v69
2010 MAR,-2698,2020-10-08,v69
2010 MAY,-2198,2020-10-08,v69
2010 NOV,-2813,2020-10-08,v69
2010 OCT,-2321,2020-10-08,v69
2010 Q1,-6705,2020-10-08,v69
2010 Q2,-6938,2020-10-08,v69
2010 Q3,-8984,2020-10-08,v69
2010 Q4,-8496,2020-10-08,v69
2010 SEP,-3049,2020-10-08,v69
2011,-15837,2020-10-08,v69
2011 APR,-253,2020-10-08,v69
2011 AUG,-999,2020-10-08,v69
2011 DEC,-1140,2020-10-08,v69
2011 FEB,427,2020-10-08,v69
2011 JAN,-1753,2020-10-08,v69
2011 JUL,-1327,2020-10-08,v69
2011 JUN,-957,2020-10-08,v69
2011 MAR,-1751,2020-10-08,v69
2011 MAY,-1602,2020-10-08,v69
2011 NOV,-2437,2020-10-08,v69
2011 OCT,-1270,2020-10-08,v69
2011 Q1,-3077,2020-10-08,v69
2011 Q2,-2812,2020-10-08,v69
2011 Q3,-5101,2020-10-08,v69
2011 Q4,-4847,2020-10-08,v69
2011 SEP,-2775,2020-10-08,v69
2012,-21190,2020-10-08,v69
2012 APR,-3614,2020-10-08,v69
2012 AUG,-2732,2020-10-08,v69
2012 DEC,-1575,2020-10-08,v69
2012 FEB,-736,2020-10-08,v69
2012 JAN,-1422,2020-10-08,v69
2012 JUL,-396,2020-10-08,v69
2012 JUN,-3046,2020-10-08,v69
2012 MAR,-1254,2020-10-08,v69
2012 MAY,-1488,2020-10-08,v69
2012 NOV,-1576,2020-10-08,v69
2012 OCT,-2125,2020-10-08,v69
2012 Q1,-3412,2020-10-08,v69
2012 Q2,-8148,2020-10-08,v69
2012 Q3,-4354,2020-10-08,v69
2012 Q4,-5276,2020-10-08,v69
2012 SEP,-1226,2020-10-08,v69
2013,-25006,2020-10-08,v69
2013 APR,-742,2020-10-08,v69
2013 AUG,-954,2020-10-08,v69
2013 DEC,-1702,2020-10-08,v69
2013 FEB,-1098,2020-10-08,v69
2013 JAN,-1219,2020-10-08,v69
2013 JUL,-2035,2020-10-08,v69
2013 JUN,-1875,2020-10-08,v69
2013 MAR,-123,2020-10-08,v69
2013 MAY,-1390,2020-10-08,v69
2013 NOV,-5334,2020-10-08,v69
2013 OCT,-5559,2020-10-08,v69
2013 Q1,-2440,2020-10-08,v69
2013 Q2,-4007,2020-10-08,v69
2013 Q3,-5964,2020-10-08,v69
2013 Q4,-12595,2020-10-08,v69
2013 SEP,-2975,2020-10-08,v69
2014,-28933,2020-10-08,v69
2014 APR,-2867,2020-10-08,v69
2014 AUG,-2248,2020-10-08,v69
2014 DEC,-5570,2020-10-08,v69
2014 FEB,-1880,2020-10-08,v69
2014 JAN,-3258,2020-10-08,v69
2014 JUL,-3189,2020-10-08,v69
2014 JUN,-1946,2020-10-08,v69
2014 MAR,-1322,2020-10-08,v69
2014 MAY,-1630,2020-10-08,v69
2014 NOV,-2244,2020-10-08,v69
2014 OCT,-1428,2020-10-08,v69
2014 Q1,-6460,2020-10-08,v69
2014 Q2,-6443,2020-10-08,v69
2014 Q3,-6788,2020-10-08,v69
2014 Q4,-9242,2020-10-08,v69
2014 SEP,-1351,2020-10-08,v69
2015,-28272,2020-10-08,v69
2015 APR,-2201,2020-10-08,v69
2015 AUG,-1814,2020-10-08,v69
2015 DEC,-1,2020-10-08,v69
2015 FEB,-4183,2020-10-08,v69
2015 JAN,-4668,2020-10-08,v69
2015 JUL,-3253,2020-10-08,v69
2015 JUN,-1363,2020-10-08,v69
2015 MAR,-2500,2020-10-08,v69
2015 MAY,-881,2020-10-08,v69
2015 NOV,-1456,2020-10-08,v69
2015 OCT,-4084,2020-10-08,v69
2015 Q1,-11351,2020-10-08,v69
2015 Q2,-4445,2020-10-08,v69
2015 Q3,-6935,2020-10-08,v69
2015 Q4,-5541,2020-10-08,v69
2015 SEP,-1868,2020-10-08,v69
2016,-36113,2020-10-08,v69
2016 APR,-2583,2020-10-08,v69
2016 AUG,-5309,2020-10-08,v69
2016 DEC,-2676,2020-10-08,v69
2016 FEB,-3609,2020-10-08,v69
2016 JAN,-1333,2020-10-08,v69
2016 JUL,-3810,2020-10-08,v69
2016 JUN,-2803,2020-10-08,v69
2016 MAR,-3927,2020-10-08,v69
2016 MAY,-359,2020-10-08,v69
2016 NOV,-2335,2020-10-08,v69
2016 OCT,-1009,2020-10-08,v69
2016 Q1,-8869,2020-10-08,v69
2016 Q2,-5745,2020-10-08,v69
2016 Q3,-15479,2020-10-08,v69
2016 Q4,-6020,2020-10-08,v69
2016 SEP,-6360,2020-10-08,v69
2017,-29889,2020-10-08,v69
2017 APR,-1107,2020-10-08,v69
2017 AUG,-2888,2020-10-08,v69
2017 DEC,-1929,2020-10-08,v69
2017 FEB,-2114,2020-10-08,v69
2017 JAN,-2524,2020-10-08,v69
2017 JUL,-2144,2020-10-08,v69
2017 JUN,-4100,2020-10-08,v69
2017 MAR,-3881,2020-10-08,v69
2017 MAY,-2780,2020-10-08,v69
2017 NOV,-2902,2020-10-08,v69
2017 OCT,-2071,2020-10-08,v69
2017 Q1,-8519,2020-10-08,v69
2017 Q2,-7987,2020-10-08,v69
2017 Q3,-6481,2020-10-08,v69
2017 Q4,-6902,2020-10-08,v69
2017 SEP,-1449,2020-10-08,v69
2018,-25487,2020-10-08,v69
2018 APR,-2792,2020-10-08,v69
2018 AUG,-2731,2020-10-08,v69
2018 DEC,-4705,2020-10-08,v69
2018 FEB,-356,2020-10-08,v69
2018 JAN,-2318,2020-10-08,v69
2018 JUL,-978,2020-10-08,v69
2018 JUN,-532,2020-10-08,v69
2018 MAR,-2650,2020-10-08,v69
2018 MAY,-2702,2020-10-08,v69
2018 NOV,-3165,2020-10-08,v69
2018 OCT,-1948,2020-10-08,v69
2018 Q1,-5324,2020-10-08,v69
2018 Q2,-6026,2020-10-08,v69
2018 Q3,-4319,2020-10-08,v69
2018 Q4,-9818,2020-10-08,v69
2018 SEP,-610,2020-10-08,v69
2019,-30502,2020-10-08,v69
2019 APR,-5362,2020-10-08,v69
2019 AUG,-1209,2020-10-08,v69
2019 DEC,5051,2020-10-08,v69
2019 FEB,-7900,2020-10-08,v69
2019 JAN,-7119,2020-10-08,v69
2019 JUL,1125,2020-10-08,v69
2019 JUN,91,2020-10-08,v69
2019 MAR,-7509,2020-10-08,v69
2019 MAY,-2775,2020-10-08,v69
2019 NOV,1979,2020-10-08,v69
2019 OCT,-3475,2020-10-08,v69
2019 Q1,-22528,2020-10-08,v69
2019 Q2,-8046,2020-10-08,v69
2019 Q3,-3483,2020-10-08,v69
2019 Q4,3555,2020-10-08,v69
2019 SEP,-3399,2020-10-08,v69
2020 APR,5684,2020-10-08,v69
2020 AUG,1364,2020-10-08,v69
2020 FEB,-281,2020-10-08,v69
2020 JAN,4080,2020-10-08,v69
2020 JUL,1689,2020-10-08,v69
2020 JUN,4152,2020-10-08,v69
2020 MAR,-3306,2020-10-08,v69
2020 MAY,7087,2020-10-08,v69
2020 Q1,493,2020-10-08,v69
2020 Q2,16923,2020-10-08,v69
2020 AUG,2852,2020-11-12,v72
2020 JUL,1614,2020-11-12,v72
2020 Q3,5079,2020-11-12,v72
2020 SEP,613,2020-11-12,v72
2020 OCT,-1738,2020-12-10,v73
2019,-27470,2021-01-15,v74
2019 APR,-5656,2021-01-15,v74
2019 AUG,-2505,2021-01-15,v74
2019 DEC,7644,2021-01-15,v74
2019 FEB,-8737,2021-01-15,v74
2019 JAN,-7724,2021-01-15,v74
2019 JUL,-216,2021-01-15,v74
2019 JUN,-734,2021-01-15,v74
2019 MAR,-8231,2021-01-15,v74
2019 MAY,-3079,2021-01-15,v74
2019 NOV,5540,2021-01-15,v74
2019 OCT,-1128,2021-01-15,v74
2019 Q1,-24692,2021-01-15,v74
2019 Q2,-9469,2021-01-15,v74
2019 Q3,-5365,2021-01-15,v74
2019 Q4,12056,2021-01-15,v74
2019 SEP,-2644,2021-01-15,v74
2020 APR,5836,2021-01-15,v74
2020 AUG,1501,2021-01-15,v74
2020 FEB,-1774,2021-01-15,v74
2020 JAN,1971,2021-01-15,v74
2020 JUL,972,2021-01-15,v74
2020 JUN,3274,2021-01-15,v74
2020 MAR,-831,2021-01-15,v74
2020 MAY,7471,2021-01-15,v74
2020 NOV,-4995,2021-01-15,v74
2020 OCT,-2339,2021-01-15,v74
2020 Q1,-633,2021-01-15,v74
2020 Q2,16581,2021-01-15,v74
2020 Q3,1275,2021-01-15,v74
2020 SEP,-1198,2021-01-15,v74
2020,-9565,2021-02-12,v75
2020 APR,4485,2021-02-12,v75
2020 AUG,117,2021-02-12,v75
2020 DEC,-6202,2021-02-12,v75
2020 FEB,-2163,2021-02-12,v75
2020 JAN,2400,2021-02-12,v75
2020 JUL,-955,2021-02-12,v75
2020 JUN,1628,2021-02-12,v75
2020 MAR,-826,2021-02-12,v75
2020 MAY,6325,2021-02-12,v75
2020 NOV,-6618,2021-02-12,v75
2020 OCT,-4697,2021-02-12,v75
2020 Q1,-589,2021-02-12,v75
2020 Q2,12438,2021-02-12,v75
2020 Q3,-3897,2021-02-12,v75
2020 Q4,-17517,2021-02-12,v75
2020 SEP,-3059,2021-02-12,v75
2021 JAN,-1630,2021-03-12,v77
2020,-7557,2021-04-12,v78
2020 APR,4251,2021-04-12,v78
2020 AUG,-44,2021-04-12,v78
2020 DEC,-4921,2021-04-12,v78
2020 FEB,-2781,2021-04-12,v78
2020 JAN,1891,2021-04-12,v78
2020 JUL,-853,2021-04-12,v78
2020 JUN,1630,2021-04-12,v78
2020 MAR,-1528,2021-04-12,v78
2020 MAY,6150,2021-04-12,v78
2020 NOV,-4796,2021-04-12,v78
2020 OCT,-3504,2021-04-12,v78
2020 Q1,-2418,2021-04-12,v78
2020 Q2,12031,2021-04-12,v78
2020 Q3,-3949,2021-04-12,v78
2020 Q4,-13221,2021-04-12,v78
2020 SEP,-3052,2021-04-12,v78
2021 FEB,-7123,2021-04-12,v78
2021 JAN,-3370,2021-04-12,v78
2021 FEB,-856,2021-05-11,v79
2021 JAN,118,2021-05-11,v79
2021 MAR,-1966,2021-05-11,v79
2021 Q1,-2704,2021-05-11,v79
2021 APR,-935,2021-06-10,v80
2020,-12043,2021-07-13,v81
2020 APR,4388,2021-07-13,v81
2020 AUG,-407,2021-07-13,v81
2020 DEC,-5382,2021-07-13,v81
2020 FEB,-3330,2021-07-13,v81
2020 JAN,1475,2021-07-13,v81
2020 JUL,-1161,2021-07-13,v81
2020 JUN,1462,2021-07-13,v81
2020 MAR,-2110,2021-07-13,v81
2020 MAY,6037,2021-07-13,v81
2020 NOV,-5507,2021-07-13,v81
2020 OCT,-3995,2021-07-13,v81
2020 Q1,-3965,2021-07-13,v81
2020 Q2,11887,2021-07-13,v81
2020 Q3,-5081,2021-07-13,v81
2020 Q4,-14884,2021-07-13,v81
2020 SEP,-3513,2021-07-13,v81
2021 APR,-1595,2021-07-13,v81
2021 FEB,-504,2021-07-13,v81
2021 JAN,-641,2021-07-13,v81
2021 MAR,-614,2021-07-13,v81
2021 MAY,884,2021-07-13,v81
2021 Q1,-1759,2021-07-13,v81
2021 APR,-1769,2021-08-11,v82
2021 JUN,-2514,2021-08-11,v82
2021 MAY,-163,2021-08-11,v82
2021 Q2,-4446,2021-08-11,v82
2021 JUL,-3117,2021-09-09,v83
1997,3007,2021-10-12,v84
1997 APR,130,2021-10-12,v84
1997 DEC,172,2021-10-12,v84
1997 FEB,786,2021-10-12,v84
1997 JAN,1248,2021-10-12,v84
1997 JUL,105,2021-10-12,v84
1997 JUN,-310,2021-10-12,v84
1997 MAR,-58,2021-10-12,v84
1997 MAY,-11,2021-10-12,v84
1997 NOV,-367,2021-10-12,v84
1997 OCT,36,2021-10-12,v84
1997 Q1,1976,2021-10-12,v84
1997 Q2,-191,2021-10-12,v84
1997 Q3,1381,2021-10-12,v84
1997 Q4,-159,2021-10-12,v84
1997 SEP,665,2021-10-12,v84
1998,-7673,2021-10-12,v84
1998 APR,-464,2021-10-12,v84
1998 AUG,-603,2021-10-12,v84
1998 DEC,-935,2021-10-12,v84
1998 FEB,-502,2021-10-12,v84
1998 JAN,288,2021-10-12,v84
1998 JUL,-512,2021-10-12,v84
1998 JUN,-822,2021-10-12,v84
1998 MAR,-508,2021-10-12,v84
1998 MAY,-938,2021-10-12,v84
1998 NOV,-847,2021-10-12,v84
1998 OCT,-677,2021-10-12,v84
1998 Q1,-722,2021-10-12,v84
1998 Q2,-2224,2021-10-12,v84
1998 Q3,-2268,2021-10-12,v84
1998 Q4,-2459,2021-10-12,v84
1998 SEP,-1153,2021-10-12,v84
1999,-14885,2021-10-12,v84
1999 APR,-1447,2021-10-12,v84
1999 AUG,-1160,2021-10-12,v84
1999 DEC,-974,2021-10-12,v84
1999 FEB,-1842,2021-10-12,v84
1999 JAN,-1682,2021-10-12,v84
1999 JUL,-1283,2021-10-12,v84
1999 JUN,-1484,2021-10-12,v84
1999 MAR,-1410,2021-10-12,v84
1999 MAY,-881,2021-10-12,v84
1999 NOV,-874,2021-10-12,v84
1999 OCT,-1007,2021-10-12,v84
1999 Q1,-4934,2021-10-12,v84
1999 Q2,-3812,2021-10-12,v84
1999 Q3,-3284,2021-10-12,v84
1999 Q4,-2855,2021-10-12,v84
1999 SEP,-841,2021-10-12,v84
2000,-18139,2021-10-12,v84
2000 APR,-1720,2021-10-12,v84
2000 AUG,-1417,2021-10-12,v84
2000 DEC,-1782,2021-10-12,v84
2000 FEB,-1490,2021-10-12,v84
2000 JAN,-1448,2021-10-12,v84
2000 JUL,-2454,2021-10-12,v84
2000 JUN,-954,2021-10-12,v84
2000 MAR,-908,2021-10-12,v84
2000 MAY,-1204,2021-10-12,v84
2000 NOV,-1853,2021-10-12,v84
2000 OCT,-1420,2021-10-12,v84
2000 Q1,-3846,2021-10-12,v84
2000 Q2,-3878,2021-10-12,v84
2000 Q3,-5360,2021-10-12,v84
2000 Q4,-5055,2021-10-12,v84
2000 SEP,-1489,2021-10-12,v84
2001,-23901,2021-10-12,v84
2001 APR,-2117,2021-10-12,v84
2001 AUG,-2768,2021-10-12,v84
2001 DEC,-2319,2021-10-12,v84
2001 FEB,-1357,2021-10-12,v84
2001 JAN,-1131,2021-10-12,v84
2001 JUL,-2169,2021-10-12,v84
2001 JUN,-2655,2021-10-12,v84
2001 MAR,-1715,2021-10-12,v84
2001 MAY,-2241,2021-10-12,v84
2001 NOV,-1688,2021-10-12,v84
2001 OCT,-1660,2021-10-12,v84
2001 Q1,-4203,2021-10-12,v84
2001 Q2,-7013,2021-10-12,v84
2001 Q3,-7018,2021-10-12,v84
2001 Q4,-5667,2021-10-12,v84
2001 SEP,-2081,2021-10-12,v84
2002,-31311,2021-10-12,v84
2002 APR,-3322,2021-10-12,v84
2002 AUG,-2081,2021-10-12,v84
2002 DEC,-2215,2021-10-12,v84
2002 FEB,-2812,2021-10-12,v84
2002 JAN,-1757,2021-10-12,v84
2002 JUL,-2253,2021-10-12,v84
2002 JUN,-2859,2021-10-12,v84
2002 MAR,-2806,2021-10-12,v84
2002 MAY,-2395,2021-10-12,v84
2002 NOV,-3694,2021-10-12,v84
2002 OCT,-2999,2021-10-12,v84
2002 Q1,-7375,2021-10-12,v84
2002 Q2,-8576,2021-10-12,v84
2002 Q3,-6452,2021-10-12,v84
2002 Q4,-8908,2021-10-12,v84
2002 SEP,-2118,2021-10-12,v84
2003,-28048,2021-10-12,v84
2003 APR,-1025,2021-10-12,v84
2003 AUG,-1868,2021-10-12,v84
2003 DEC,-2924,2021-10-12,v84
2003 FEB,-1443,2021-10-12,v84
2003 JAN,-1478,2021-10-12,v84
2003 JUL,-1887,2021-10-12,v84
2003 JUN,-3188,2021-10-12,v84
2003 MAR,-2345,2021-10-12,v84
2003 MAY,-2734,2021-10-12,v84
2003 NOV,-3039,2021-10-12,v84
2003 OCT,-2680,2021-10-12,v84
2003 Q1,-5266,2021-10-12,v84
2003 Q2,-6947,2021-10-12,v84
2003 Q3,-7192,2021-10-12,v84
2003 Q4,-8643,2021-10-12,v84
2003 SEP,-3437,2021-10-12,v84
2004,-33642,2021-10-12,v84
2004 APR,-2867,2021-10-12,v84
2004 AUG,-3156,2021-10-12,v84
2004 DEC,-2202,2021-10-12,v84
2004 FEB,-2673,2021-10-12,v84
2004 JAN,-3728,2021-10-12,v84
2004 JUL,-3070,2021-10-12,v84
2004 JUN,-3265,2021-10-12,v84
2004 MAR,-2394,2021-10-12,v84
2004 MAY,-3161,2021-10-12,v84
2004 NOV,-1989,2021-10-12,v84
2004 OCT,-2674,2021-10-12,v84
2004 Q1,-8795,2021-10-12,v84
2004 Q2,-9293,2021-10-12,v84
2004 Q3,-8689,2021-10-12,v84
2004 Q4,-6865,2021-10-12,v84
2004 SEP,-2463,2021-10-12,v84
2005,-32864,2021-10-12,v84
2005 APR,-2955,2021-10-12,v84
2005 AUG,-3185,2021-10-12,v84
2005 DEC,-2960,2021-10-12,v84
2005 FEB,-3015,2021-10-12,v84
2005 JAN,-3403,2021-10-12,v84
2005 JUL,-2649,2021-10-12,v84
2005 JUN,-1741,2021-10-12,v84
2005 MAR,-3073,2021-10-12,v84
2005 MAY,-2218,2021-10-12,v84
2005 NOV,-2821,2021-10-12,v84
2005 OCT,-2361,2021-10-12,v84
2005 Q1,-9491,2021-10-12,v84
2005 Q2,-6914,2021-10-12,v84
2005 Q3,-8317,2021-10-12,v84
2005 Q4,-8142,2021-10-12,v84
2005 SEP,-2483,2021-10-12,v84
2006,-30410,2021-10-12,v84
2006 APR,-2571,2021-10-12,v84
2006 AUG,-2610,2021-10-12,v84
2006 DEC,-2339,2021-10-12,v84
2006 FEB,-3006,2021-10-12,v84
2006 JAN,-3550,2021-10-12,v84
2006 JUL,-2534,2021-10-12,v84
2006 JUN,-2278,2021-10-12,v84
2006 MAR,-1837,2021-10-12,v84
2006 MAY,-3478,2021-10-12,v84
2006 NOV,-2487,2021-10-12,v84
2006 OCT,-1869,2021-10-12,v84
2006 Q1,-8393,2021-10-12,v84
2006 Q2,-8327,2021-10-12,v84
2006 Q3,-6995,2021-10-12,v84
2006 Q4,-6695,2021-10-12,v84
2006 SEP,-1851,2021-10-12,v84
2007,-31704,2021-10-12,v84
2007 APR,-1693,2021-10-12,v84
2007 AUG,-2716,2021-10-12,v84
2007 DEC,-2968,2021-10-12,v84
2007 FEB,-2841,2021-10-12,v84
2007 JAN,-2211,2021-10-12,v84
2007 JUL,-3045,2021-10-12,v84
2007 JUN,-2745,2021-10-12,v84
2007 MAR,-3028,2021-10-12,v84
2007 MAY,-2299,2021-10-12,v84
2007 NOV,-2646,2021-10-12,v84
2007 OCT,-2550,2021-10-12,v84
2007 Q1,-8080,2021-10-12,v84
2007 Q2,-6737,2021-10-12,v84
2007 Q3,-8723,2021-10-12,v84
2007 Q4,-8164,2021-10-12,v84
2007 SEP,-2962,2021-10-12,v84
2008,-32967,2021-10-12,v84
2008 APR,-3045,2021-10-12,v84
2008 AUG,-2670,2021-10-12,v84
2008 DEC,-937,2021-10-12,v84
2008 FEB,-3703,2021-10-12,v84
2008 JAN,-3698,2021-10-12,v84
2008 JUL,-3109,2021-10-12,v84
2008 JUN,-4227,2021-10-12,v84
2008 MAR,-3286,2021-10-12,v84
2008 MAY,-2661,2021-10-12,v84
2008 NOV,-2357,2021-10-12,v84
2008 OCT,-1535,2021-10-12,v84
2008 Q1,-10687,2021-10-12,v84
2008 Q2,-9933,2021-10-12,v84
2008 Q3,-7518,2021-10-12,v84
2008 Q4,-4829,2021-10-12,v84
2008 SEP,-1739,2021-10-12,v84
2009,-22953,2021-10-12,v84
2009 APR,-2159,2021-10-12,v84
2009 AUG,-1863,2021-10-12,v84
2009 DEC,-2409,2021-10-12,v84
2009 FEB,-1297,2021-10-12,v84
2009 JAN,-1712,2021-10-12,v84
2009 JUL,-1389,2021-10-12,v84
2009 JUN,-2119,2021-10-12,v84
2009 MAR,-2076,2021-10-12,v84
2009 MAY,-1352,2021-10-12,v84
2009 NOV,-2045,2021-10-12,v84
2009 OCT,-2148,2021-10-12,v84
2009 Q1,-5085,2021-10-12,v84
2009 Q2,-5630,2021-10-12,v84
2009 Q3,-5636,2021-10-12,v84
2009 Q4,-6602,2021-10-12,v84
2009 SEP,-2384,2021-10-12,v84
2010,-30217,2021-10-12,v84
2010 APR,-1759,2021-10-12,v84
2010 AUG,-3065,2021-10-12,v84
2010 DEC,-3360,2021-10-12,v84
2010 FEB,-933,2021-10-12,v84
2010 JAN,-3079,2021-10-12,v84
2010 JUL,-2744,2021-10-12,v84
2010 JUN,-2151,2021-10-12,v84
2010 MAR,-2492,2021-10-12,v84
2010 MAY,-2019,2021-10-12,v84
2010 NOV,-3016,2021-10-12,v84
2010 OCT,-2241,2021-10-12,v84
2010 Q1,-6504,2021-10-12,v84
2010 Q2,-5929,2021-10-12,v84
2010 Q3,-9167,2021-10-12,v84
2010 Q4,-8617,2021-10-12,v84
2010 SEP,-3358,2021-10-12,v84
2011,-16768,2021-10-12,v84
2011 APR,11,2021-10-12,v84
2011 AUG,-1261,2021-10-12,v84
2011 DEC,-888,2021-10-12,v84
2011 FEB,734,2021-10-12,v84
2011 JAN,-1215,2021-10-12,v84
2011 JUL,-1456,2021-10-12,v84
2011 JUN,-1642,2021-10-12,v84
2011 MAR,-1010,2021-10-12,v84
2011 MAY,-4213,2021-10-12,v84
2011 NOV,-2106,2021-10-12,v84
2011 OCT,-1037,2021-10-12,v84
2011 Q1,-1491,2021-10-12,v84
2011 Q2,-5844,2021-10-12,v84
2011 Q3,-5402,2021-10-12,v84
2011 Q4,-4031,2021-10-12,v84
2011 SEP,-2685,2021-10-12,v84
2012,-21204,2021-10-12,v84
2012 APR,-3866,2021-10-12,v84
2012 AUG,-2921,2021-10-12,v84
2012 DEC,-1418,2021-10-12,v84
2012 FEB,-433,2021-10-12,v84
2012 JAN,-1533,2021-10-12,v84
2012 JUL,-671,2021-10-12,v84
2012 JUN,-3028,2021-10-12,v84
2012 MAR,-716,2021-10-12,v84
2012 MAY,-2121,2021-10-12,v84
2012 NOV,-1258,2021-10-12,v84
2012 OCT,-1865,2021-10-12,v84
2012 Q1,-2682,2021-10-12,v84
2012 Q2,-9015,2021-10-12,v84
2012 Q3,-4966,2021-10-12,v84
2012 Q4,-4541,2021-10-12,v84
2012 SEP,-1374,2021-10-12,v84
2013,-23435,2021-10-12,v84
2013 APR,-1137,2021-10-12,v84
2013 AUG,-628,2021-10-12,v84
2013 DEC,-1346,2021-10-12,v84
2013 FEB,-663,2021-10-12,v84
2013 JAN,-813,2021-10-12,v84
2013 JUL,-1710,2021-10-12,v84
2013 JUN,-2087,2021-10-12,v84
2013 MAR,-29,2021-10-12,v84
2013 MAY,-2428,2021-10-12,v84
2013 NOV,-4489,2021-10-12,v84
2013 OCT,-4947,2021-10-12,v84
2013 Q1,-1505,2021-10-12,v84
2013 Q2,-5652,2021-10-12,v84
2013 Q3,-5496,2021-10-12,v84
2013 Q4,-10782,2021-10-12,v84
2013 SEP,-3158,2021-10-12,v84
2014,-33099,2021-10-12,v84
2014 APR,-1909,2021-10-12,v84
2014 AUG,-2699,2021-10-12,v84
2014 DEC,-6146,2021-10-12,v84
2014 FEB,-2504,2021-10-12,v84
2014 JAN,-3539,2021-10-12,v84
2014 JUL,-3769,2021-10-12,v84
2014 JUN,-1972,2021-10-12,v84
2014 MAR,-1457,2021-10-12,v84
2014 MAY,-923,2021-10-12,v84
2014 NOV,-3476,2021-10-12,v84
2014 OCT,-2665,2021-10-12,v84
2014 Q1,-7500,2021-10-12,v84
2014 Q2,-4804,2021-10-12,v84
2014 Q3,-8508,2021-10-12,v84
2014 Q4,-12287,2021-10-12,v84
2014 SEP,-2040,2021-10-12,v84
2015,-29932,2021-10-12,v84
2015 APR,-1991,2021-10-12,v84
2015 AUG,-1917,2021-10-12,v84
2015 DEC,-303,2021-10-12,v84
2015 FEB,-4655,2021-10-12,v84
2015 JAN,-5358,2021-10-12,v84
2015 JUL,-3857,2021-10-12,v84
2015 JUN,-1522,2021-10-12,v84
2015 MAR,-2102,2021-10-12,v84
2015 MAY,-880,2021-10-12,v84
2015 NOV,-1271,2021-10-12,v84
2015 OCT,-3893,2021-10-12,v84
2015 Q1,-12115,2021-10-12,v84
2015 Q2,-4393,2021-10-12,v84
2015 Q3,-7957,2021-10-12,v84
2015 Q4,-5467,2021-10-12,v84
2015 SEP,-2183,2021-10-12,v84
2016,-33027,2021-10-12,v84
2016 APR,-2534,2021-10-12,v84
2016 AUG,-4945,2021-10-12,v84
2016 DEC,-2781,2021-10-12,v84
2016 FEB,-3130,2021-10-12,v84
2016 JAN,-732,2021-10-12,v84
2016 JUL,-3781,2021-10-12,v84
2016 JUN,-2788,2021-10-12,v84
2016 MAR,-3451,2021-10-12,v84
2016 MAY,-446,2021-10-12,v84
2016 NOV,-2416,2021-10-12,v84
2016 OCT,-1225,2021-10-12,v84
2016 Q1,-7313,2021-10-12,v84
2016 Q2,-5768,2021-10-12,v84
2016 Q3,-13524,2021-10-12,v84
2016 Q4,-6422,2021-10-12,v84
2016 SEP,-4798,2021-10-12,v84
2017,-26495,2021-10-12,v84
2017 APR,-675,2021-10-12,v84
2017 AUG,-2554,2021-10-12,v84
2017 DEC,-1801,2021-10-12,v84
2017 FEB,-1419,2021-10-12,v84
2017 JAN,-2310,2021-10-12,v84
2017 JUL,-2513,2021-10-12,v84
2017 JUN,-4355,2021-10-12,v84
2017 MAR,-2807,2021-10-12,v84
2017 MAY,-2125,2021-10-12,v84
2017 NOV,-2797,2021-10-12,v84
2017 OCT,-1058,2021-10-12,v84
2017 Q1,-6536,2021-10-12,v84
2017 Q2,-7155,2021-10-12,v84
2017 Q3,-7148,2021-10-12,v84
2017 Q4,-5656,2021-10-12,v84
2017 SEP,-2081,2021-10-12,v84
2018,-28298,2021-10-12,v84
2018 APR,-3311,2021-10-12,v84
2018 AUG,-2888,2021-10-12,v84
2018 DEC,-3995,2021-10-12,v84
2018 FEB,-300,2021-10-12,v84
2018 JAN,-2876,2021-10-12,v84
2018 JUL,-1378,2021-10-12,v84
2018 JUN,-1281,2021-10-12,v84
2018 MAR,-3112,2021-10-12,v84
2018 MAY,-2902,2021-10-12,v84
2018 NOV,-2762,2021-10-12,v84
2018 OCT,-2361,2021-10-12,v84
2018 Q1,-6288,2021-10-12,v84
2018 Q2,-7494,2021-10-12,v84
2018 Q3,-5398,2021-10-12,v84
2018 Q4,-9118,2021-10-12,v84
2018 SEP,-1132,2021-10-12,v84
2019,-20688,2021-10-12,v84
2019 APR,-5451,2021-10-12,v84
2019 AUG,-927,2021-10-12,v84
2019 DEC,8131,2021-10-12,v84
2019 FEB,-7654,2021-10-12,v84
2019 JAN,-7706,2021-10-12,v84
2019 JUL,980,2021-10-12,v84
2019 JUN,-569,2021-10-12,v84
2019 MAR,-7792,2021-10-12,v84
2019 MAY,-2381,2021-10-12,v84
2019 NOV,5485,2021-10-12,v84
2019 OCT,-999,2021-10-12,v84
2019 Q1,-23152,2021-10-12,v84
2019 Q2,-8401,2021-10-12,v84
2019 Q3,-1752,2021-10-12,v84
2019 Q4,12617,2021-10-12,v84
2019 SEP,-1805,2021-10-12,v84
2020,4280,2021-10-12,v84
2020 APR,6693,2021-10-12,v84
2020 AUG,1171,2021-10-12,v84
2020 DEC,-6303,2021-10-12,v84
2020 FEB,-1555,2021-10-12,v84
2020 JAN,2892,2021-10-12,v84
2020 JUL,58,2021-10-12,v84
2020 JUN,3092,2021-10-12,v84
2020 MAR,-570,2021-10-12,v84
2020 MAY,7989,2021-10-12,v84
2020 NOV,-3899,2021-10-12,v84
2020 OCT,-2454,2021-10-12,v84
2020 Q1,767,2021-10-12,v84
2020 Q2,17774,2021-10-12,v84
2020 Q3,-1605,2021-10-12,v84
2020 Q4,-12656,2021-10-12,v84
2020 SEP,-2834,2021-10-12,v84
2021 APR,195,2021-10-12,v84
2021 AUG,-3716,2021-10-12,v84
2021 FEB,-1619,2021-10-12,v84
2021 JAN,-3100,2021-10-12,v84
2021 JUL,-2948,2021-10-12,v84
2021 JUN,-1082,2021-10-12,v84
2021 MAR,572,2021-10-12,v84
2021 MAY,1605,2021-10-12,v84
2021 Q1,-4147,2021-10-12,v84
2021 Q2,718,2021-10-12,v84
2021 AUG,-1880,2021-11-11,v85
2021 JUL,-2111,2021-11-11,v85
2021 Q3,-6768,2021-11-11,v85
2021 SEP,-2777,2021-11-11,v85
2021 OCT,-2027,2021-12-10,v86
2020,2859,2022-01-14,v87
2020 APR,6091,2022-01-14,v87
2020 AUG,1120,2022-01-14,v87
2020 DEC,-6482,2022-01-14,v87
2020 FEB,-1483,2022-01-14,v87
2020 JAN,2981,2022-01-14,v87
2020 JUL,96,2022-01-14,v87
2020 JUN,2700,2022-01-14,v87
2020 MAR,-367,2022-01-14,v87
2020 MAY,7516,2022-01-14,v87
2020 NOV,-4058,2022-01-14,v87
2020 OCT,-2741,2022-01-14,v87
2020 Q1,1131,2022-01-14,v87
2020 Q2,16307,2022-01-14,v87
2020 Q3,-1298,2022-01-14,v87
2020 Q4,-13281,2022-01-14,v87
2020 SEP,-2514,2022-01-14,v87
2021 APR,-613,2022-01-14,v87
2021 AUG,-2977,2022-01-14,v87
2021 FEB,-2400,2022-01-14,v87
2021 JAN,-3705,2022-01-14,v87
2021 JUL,-3205,2022-01-14,v87
2021 JUN,-2942,2022-01-14,v87
2021 MAR,-267,2022-01-14,v87
2021 MAY,542,2022-01-14,v87
2021 NOV,626,2022-01-14,v87
2021 OCT,151,2022-01-14,v87
2021 Q1,-6372,2022-01-14,v87
2021 Q2,-3013,2022-01-14,v87
2021 Q3,-10949,2022-01-14,v87
2021 SEP,-4767,2022-01-14,v87
2021,-28761,2022-02-11,v88
2021 APR,24,2022-02-11,v88
2021 AUG,-4865,2022-02-11,v88
2021 DEC,-2337,2022-02-11,v88
2021 FEB,-2272,2022-02-11,v88
2021 JAN,-3764,2022-02-11,v88
2021 JUL,-4666,2022-02-11,v88
2021 JUN,-2313,2022-02-11,v88
2021 MAR,286,2022-02-11,v88
2021 MAY,1603,2022-02-11,v88
2021 NOV,-2586,2022-02-11,v88
2021 OCT,-1613,2022-02-11,v88
2021 Q1,-5750,2022-02-11,v88
2021 Q2,-686,2022-02-11,v88
2021 Q3,-15789,2022-02-11,v88
2021 Q4,-6536,2022-02-11,v88
2021 SEP,-6258,2022-02-11,v88
2022 JAN,-16159,2022-03-11,v89
2020,6356,2022-04-10,v90
2020 APR,6595,2022-04-10,v90
2020 AUG,1579,2022-04-10,v90
2020 DEC,-6845,2022-04-10,v90
2020 FEB,-729,2022-04-10,v90
2020 JAN,3561,2022-04-10,v90
2020 JUL,535,2022-04-10,v90
2020 JUN,2939,2022-04-10,v90
2020 MAR,124,2022-04-10,v90
2020 MAY,8062,2022-04-10,v90
2020 NOV,-4230,2022-04-10,v90
2020 OCT,-2637,2022-04-10,v90
2020 Q1,2956,2022-04-10,v90
2020 Q2,17596,2022-04-10,v90
2020 Q3,-484,2022-04-10,v90
2020 Q4,-13712,2022-04-10,v90
2020 SEP,-2598,2022-04-10,v90
2021,-29107,2022-04-10,v90
2021 APR,123,2022-04-10,v90
2021 AUG,-5107,2022-04-10,v90
2021 DEC,-4077,2022-04-10,v90
2021 FEB,-2113,2022-04-10,v90
2021 JAN,-3154,2022-04-10,v90
2021 JUL,-4962,2022-04-10,v90
2021 JUN,-2730,2022-04-10,v90
2021 MAR,-20,2022-04-10,v90
2021 MAY,1399,2022-04-10,v90
2021 NOV,-2071,2022-04-10,v90
2021 OCT,-2,2022-04-10,v90
2021 Q1,-5287,2022-04-10,v90
2021 Q2,-1208,2022-04-10,v90
2021 Q3,-16462,2022-04-10,v90
2021 Q4,-6150,2022-04-10,v90
2021 SEP,-6393,2022-04-10,v90
2022 FEB,-9261,2022-04-10,v90
2022 JAN,-12838,2022-04-10,v90
2022 FEB,-9195,2022-05-11,v92
2022 JAN,-11781,2022-05-11,v92
2022 MAR,-11552,2022-05-11,v92
2022 Q1,-32528,2022-05-11,v92
2022 APR,-8503,2022-06-12,v93
2022 APR,-9811,2022-07-12,v95
2022 FEB,-9600,2022-07-12,v95
2022 JAN,-11938,2022-07-12,v95
2022 MAR,-11881,2022-07-12,v95
2022 MAY,-9747,2022-07-12,v95
2022 Q1,-33419,2022-07-12,v95
2022 APR,-9266,2022-08-11,v96
2022 JUN,-11387,2022-08-11,v96
2022 MAY,-9119,2022-08-11,v96
2022 Q2,-29772,2022-08-11,v96
2022 JUL,-7793,2022-09-11,v97
1997,5661,2022-10-11,v98
1997 APR,379,2022-10-11,v98
1997 AUG,731,2022-10-11,v98
1997 DEC,521,2022-10-11,v98
1997 FEB,1006,2022-10-11,v98
1997 JAN,1237,2022-10-11,v98
1997 JUL,115,2022-10-11,v98
1997 JUN,-234,2022-10-11,v98
1997 MAR,152,2022-10-11,v98
1997 MAY,304,2022-10-11,v98
1997 NOV,214,2022-10-11,v98
1997 OCT,439,2022-10-11,v98
1997 Q1,2395,2022-10-11,v98
1997 Q2,449,2022-10-11,v98
1997 Q3,1643,2022-10-11,v98
1997 Q4,1174,2022-10-11,v98
1997 SEP,797,2022-10-11,v98
1998,-4470,2022-10-11,v98
1998 APR,-117,2022-10-11,v98
1998 AUG,-258,2022-10-11,v98
1998 DEC,-603,2022-10-11,v98
1998 FEB,-234,2022-10-11,v98
1998 JAN,588,2022-10-11,v98
1998 JUL,-304,2022-10-11,v98
1998 JUN,-680,2022-10-11,v98
1998 MAR,-535,2022-10-11,v98
1998 MAY,-551,2022-10-11,v98
1998 NOV,-589,2022-10-11,v98
1998 OCT,-305,2022-10-11,v98
1998 Q1,-181,2022-10-11,v98
1998 Q2,-1348,2022-10-11,v98
1998 Q3,-1444,2022-10-11,v98
1998 Q4,-1497,2022-10-11,v98
1998 SEP,-882,2022-10-11,v98
1999,-10597,2022-10-11,v98
1999 APR,-1087,2022-10-11,v98
1999 AUG,-827,2022-10-11,v98
1999 DEC,-617,2022-10-11,v98
1999 FEB,-1267,2022-10-11,v98
1999 JAN,-1340,2022-10-11,v98
1999 JUL,-903,2022-10-11,v98
1999 JUN,-1326,2022-10-11,v98
1999 MAR,-1153,2022-10-11,v98
1999 MAY,-562,2022-10-11,v98
1999 NOV,-628,2022-10-11,v98
1999 OCT,-523,2022-10-11,v98
1999 Q1,-3760,2022-10-11,v98
1999 Q2,-2975,2022-10-11,v98
1999 Q3,-2094,2022-10-11,v98
1999 Q4,-1768,2022-10-11,v98
1999 SEP,-364,2022-10-11,v98
2000,-13568,2022-10-11,v98
2000 APR,-965,2022-10-11,v98
2000 AUG,-1031,2022-10-11,v98
2000 DEC,-1602,2022-10-11,v98
2000 FEB,-790,2022-10-11,v98
2000 JAN,-969,2022-10-11,v98
2000 JUL,-2025,2022-10-11,v98
2000 JUN,-649,2022-10-11,v98
2000 MAR,-379,2022-10-11,v98
2000 MAY,-722,2022-10-11,v98
2000 NOV,-1862,2022-10-11,v98
2000 OCT,-1342,2022-10-11,v98
2000 Q1,-2138,2022-10-11,v98
2000 Q2,-2336,2022-10-11,v98
2000 Q3,-4288,2022-10-11,v98
2000 Q4,-4806,2022-10-11,v98
2000 SEP,-1232,2022-10-11,v98
2001,-20189,2022-10-11,v98
2001 APR,-1646,2022-10-11,v98
2001 AUG,-2465,2022-10-11,v98
2001 DEC,-2343,2022-10-11,v98
2001 FEB,-751,2022-10-11,v98
2001 JAN,-837,2022-10-11,v98
2001 JUL,-1824,2022-10-11,v98
2001 JUN,-2392,2022-10-11,v98
2001 MAR,-1207,2022-10-11,v98
2001 MAY,-1972,2022-10-11,v98
2001 NOV,-1734,2022-10-11,v98
2001 OCT,-1474,2022-10-11,v98
2001 Q1,-2795,2022-10-11,v98
2001 Q2,-6010,2022-10-11,v98
2001 Q3,-5833,2022-10-11,v98
2001 Q4,-5551,2022-10-11,v98
2001 SEP,-1544,2022-10-11,v98
2002,-28848,2022-10-11,v98
2002 APR,-2864,2022-10-11,v98
2002 AUG,-2141,2022-10-11,v98
2002 DEC,-2332,2022-10-11,v98
2002 FEB,-2483,2022-10-11,v98
2002 JAN,-1658,2022-10-11,v98
2002 JUL,-2099,2022-10-11,v98
2002 JUN,-2538,2022-10-11,v98
2002 MAR,-2369,2022-10-11,v98
2002 MAY,-1950,2022-10-11,v98
2002 NOV,-3590,2022-10-11,v98
2002 OCT,-2852,2022-10-11,v98
2002 Q1,-6510,2022-10-11,v98
2002 Q2,-7352,2022-10-11,v98
2002 Q3,-6212,2022-10-11,v98
2002 Q4,-8774,2022-10-11,v98
2002 SEP,-1972,2022-10-11,v98
2003,-27424,2022-10-11,v98
2003 APR,-907,2022-10-11,v98
2003 AUG,-1919,2022-10-11,v98
2003 DEC,-2768,2022-10-11,v98
2003 FEB,-1597,2022-10-11,v98
2003 JAN,-1668,2022-10-11,v98
2003 JUL,-1955,2022-10-11,v98
2003 JUN,-3128,2022-10-11,v98
2003 MAR,-2429,2022-10-11,v98
2003 MAY,-2460,2022-10-11,v98
2003 NOV,-2750,2022-10-11,v98
2003 OCT,-2495,2022-10-11,v98
2003 Q1,-5694,2022-10-11,v98
2003 Q2,-6495,2022-10-11,v98
2003 Q3,-7222,2022-10-11,v98
2003 Q4,-8013,2022-10-11,v98
2003 SEP,-3348,2022-10-11,v98
2004,-31416,2022-10-11,v98
2004 APR,-2479,2022-10-11,v98
2004 AUG,-3187,2022-10-11,v98
2004 DEC,-2159,2022-10-11,v98
2004 FEB,-2305,2022-10-11,v98
2004 JAN,-3378,2022-10-11,v98
2004 JUL,-2870,2022-10-11,v98
2004 JUN,-2979,2022-10-11,v98
2004 MAR,-2150,2022-10-11,v98
2004 MAY,-2776,2022-10-11,v98
2004 NOV,-2029,2022-10-11,v98
2004 OCT,-2694,2022-10-11,v98
2004 Q1,-7833,2022-10-11,v98
2004 Q2,-8234,2022-10-11,v98
2004 Q3,-8467,2022-10-11,v98
2004 Q4,-6882,2022-10-11,v98
2004 SEP,-2410,2022-10-11,v98
2005,-30571,2022-10-11,v98
2005 APR,-2948,2022-10-11,v98
2005 AUG,-2882,2022-10-11,v98
2005 DEC,-2987,2022-10-11,v98
2005 FEB,-2726,2022-10-11,v98
2005 JAN,-3051,2022-10-11,v98
2005 JUL,-2457,2022-10-11,v98
2005 JUN,-1613,2022-10-11,v98
2005 MAR,-2865,2022-10-11,v98
2005 MAY,-2349,2022-10-11,v98
2005 NOV,-2622,2022-10-11,v98
2005 OCT,-1950,2022-10-11,v98
2005 Q1,-8642,2022-10-11,v98
2005 Q2,-6910,2022-10-11,v98
2005 Q3,-7460,2022-10-11,v98
2005 Q4,-7559,2022-10-11,v98
2005 SEP,-2121,2022-10-11,v98
2006,-28472,2022-10-11,v98
2006 APR,-2337,2022-10-11,v98
2006 AUG,-2408,2022-10-11,v98
2006 DEC,-2379,2022-10-11,v98
2006 FEB,-3085,2022-10-11,v98
2006 JAN,-3690,2022-10-11,v98
2006 JUL,-2286,2022-10-11,v98
2006 JUN,-2013,2022-10-11,v98
2006 MAR,-2068,2022-10-11,v98
2006 MAY,-3253,2022-10-11,v98
2006 NOV,-1934,2022-10-11,v98
2006 OCT,-1460,2022-10-11,v98
2006 Q1,-8843,2022-10-11,v98
2006 Q2,-7603,2022-10-11,v98
2006 Q3,-6253,2022-10-11,v98
2006 Q4,-5773,2022-10-11,v98
2006 SEP,-1559,2022-10-11,v98
2007,-30850,2022-10-11,v98
2007 APR,-1736,2022-10-11,v98
2007 AUG,-2544,2022-10-11,v98
2007 DEC,-2938,2022-10-11,v98
2007 FEB,-3361,2022-10-11,v98
2007 JAN,-2607,2022-10-11,v98
2007 JUL,-2658,2022-10-11,v98
2007 JUN,-2155,2022-10-11,v98
2007 MAR,-3476,2022-10-11,v98
2007 MAY,-1990,2022-10-11,v98
2007 NOV,-2383,2022-10-11,v98
2007 OCT,-2327,2022-10-11,v98
2007 Q1,-9444,2022-10-11,v98
2007 Q2,-5881,2022-10-11,v98
2007 Q3,-7877,2022-10-11,v98
2007 Q4,-7648,2022-10-11,v98
2007 SEP,-2675,2022-10-11,v98
2008,-28518,2022-10-11,v98
2008 APR,-2791,2022-10-11,v98
2008 AUG,-2635,2022-10-11,v98
2008 DEC,-557,2022-10-11,v98
2008 FEB,-3371,2022-10-11,v98
2008 JAN,-3666,2022-10-11,v98
2008 JUL,-2906,2022-10-11,v98
2008 JUN,-3749,2022-10-11,v98
2008 MAR,-3017,2022-10-11,v98
2008 MAY,-2262,2022-10-11,v98
2008 NOV,-1410,2022-10-11,v98
2008 OCT,-860,2022-10-11,v98
2008 Q1,-10054,2022-10-11,v98
2008 Q2,-8802,2022-10-11,v98
2008 Q3,-6835,2022-10-11,v98
2008 Q4,-2827,2022-10-11,v98
2008 SEP,-1294,2022-10-11,v98
2009,-20672,2022-10-11,v98
2009 APR,-2023,2022-10-11,v98
2009 AUG,-2136,2022-10-11,v98
2009 DEC,-1580,2022-10-11,v98
2009 FEB,-1636,2022-10-11,v98
2009 JAN,-1863,2022-10-11,v98
2009 JUL,-1527,2022-10-11,v98
2009 JUN,-1644,2022-10-11,v98
2009 MAR,-2493,2022-10-11,v98
2009 MAY,-939,2022-10-11,v98
2009 NOV,-931,2022-10-11,v98
2009 OCT,-1525,2022-10-11,v98
2009 Q1,-5992,2022-10-11,v98
2009 Q2,-4606,2022-10-11,v98
2009 Q3,-6038,2022-10-11,v98
2009 Q4,-4036,2022-10-11,v98
2009 SEP,-2375,2022-10-11,v98
2010,-27207,2022-10-11,v98
2010 APR,-1785,2022-10-11,v98
2010 AUG,-2901,2022-10-11,v98
2010 DEC,-3002,2022-10-11,v98
2010 FEB,-554,2022-10-11,v98
2010 JAN,-2675,2022-10-11,v98
2010 JUL,-2514,2022-10-11,v98
2010 JUN,-1917,2022-10-11,v98
2010 MAR,-2520,2022-10-11,v98
2010 MAY,-1895,2022-10-11,v98
2010 NOV,-2442,2022-10-11,v98
2010 OCT,-1972,2022-10-11,v98
2010 Q1,-5749,2022-10-11,v98
2010 Q2,-5597,2022-10-11,v98
2010 Q3,-8445,2022-10-11,v98
2010 Q4,-7416,2022-10-11,v98
2010 SEP,-3030,2022-10-11,v98
2011,-16175,2022-10-11,v98
2011 APR,-53,2022-10-11,v98
2011 AUG,-1320,2022-10-11,v98
2011 DEC,-824,2022-10-11,v98
2011 FEB,1240,2022-10-11,v98
2011 JAN,-748,2022-10-11,v98
2011 JUL,-1604,2022-10-11,v98
2011 JUN,-1748,2022-10-11,v98
2011 MAR,-772,2022-10-11,v98
2011 MAY,-4426,2022-10-11,v98
2011 NOV,-2061,2022-10-11,v98
2011 OCT,-1107,2022-10-11,v98
2011 Q1,-280,2022-10-11,v98
2011 Q2,-6227,2022-10-11,v98
2011 Q3,-5676,2022-10-11,v98
2011 Q4,-3992,2022-10-11,v98
2011 SEP,-2752,2022-10-11,v98
2012,-19546,2022-10-11,v98
2012 APR,-3530,2022-10-11,v98
2012 AUG,-2927,2022-10-11,v98
2012 DEC,-1721,2022-10-11,v98
2012 FEB,249,2022-10-11,v98
2012 JAN,-1333,2022-10-11,v98
2012 JUL,-855,2022-10-11,v98
2012 JUN,-3034,2022-10-11,v98
2012 MAR,-189,2022-10-11,v98
2012 MAY,-1894,2022-10-11,v98
2012 NOV,-1186,2022-10-11,v98
2012 OCT,-1807,2022-10-11,v98
2012 Q1,-1273,2022-10-11,v98
2012 Q2,-8458,2022-10-11,v98
2012 Q3,-5101,2022-10-11,v98
2012 Q4,-4714,2022-10-11,v98
2012 SEP,-1319,2022-10-11,v98
2013,-27752,2022-10-11,v98
2013 APR,-1733,2022-10-11,v98
2013 AUG,-890,2022-10-11,v98
2013 DEC,-1740,2022-10-11,v98
2013 FEB,-1185,2022-10-11,v98
2013 JAN,-1134,2022-10-11,v98
2013 JUL,-2212,2022-10-11,v98
2013 JUN,-2511,2022-10-11,v98
2013 MAR,-478,2022-10-11,v98
2013 MAY,-2752,2022-10-11,v98
2013 NOV,-4636,2022-10-11,v98
2013 OCT,-5127,2022-10-11,v98
2013 Q1,-2797,2022-10-11,v98
2013 Q2,-6996,2022-10-11,v98
2013 Q3,-6456,2022-10-11,v98
2013 Q4,-11503,2022-10-11,v98
2013 SEP,-3354,2022-10-11,v98
2014,-38698,2022-10-11,v98
2014 APR,-2290,2022-10-11,v98
2014 AUG,-3425,2022-10-11,v98
2014 DEC,-7064,2022-10-11,v98
2014 FEB,-2602,2022-10-11,v98
2014 JAN,-3385,2022-10-11,v98
2014 JUL,-4467,2022-10-11,v98
2014 JUN,-2508,2022-10-11,v98
2014 MAR,-1524,2022-10-11,v98
2014 MAY,-1153,2022-10-11,v98
2014 NOV,-4271,2022-10-11,v98
2014 OCT,-3388,2022-10-11,v98
2014 Q1,-7511,2022-10-11,v98
2014 Q2,-5951,2022-10-11,v98
2014 Q3,-10513,2022-10-11,v98
2014 Q4,-14723,2022-10-11,v98
2014 SEP,-2621,2022-10-11,v98
2015,-31742,2022-10-11,v98
2015 APR,-1821,2022-10-11,v98
2015 AUG,-2188,2022-10-11,v98
2015 DEC,-913,2022-10-11,v98
2015 FEB,-4867,2022-10-11,v98
2015 JAN,-5504,2022-10-11,v98
2015 JUL,-3811,2022-10-11,v98
2015 JUN,-1528,2022-10-11,v98
2015 MAR,-1941,2022-10-11,v98
2015 MAY,-722,2022-10-11,v98
2015 NOV,-1938,2022-10-11,v98
2015 OCT,-4252,2022-10-11,v98
2015 Q1,-12312,2022-10-11,v98
2015 Q2,-4071,2022-10-11,v98
2015 Q3,-8256,2022-10-11,v98
2015 Q4,-7103,2022-10-11,v98
2015 SEP,-2257,2022-10-11,v98
2016,-39095,2022-10-11,v98
2016 APR,-2678,2022-10-11,v98
2016 AUG,-6658,2022-10-11,v98
2016 DEC,-2908,2022-10-11,v98
2016 FEB,-3281,2022-10-11,v98
2016 JAN,-929,2022-10-11,v98
2016 JUL,-4990,2022-10-11,v98
2016 JUN,-3658,2022-10-11,v98
2016 MAR,-3460,2022-10-11,v98
2016 MAY,-926,2022-10-11,v98
2016 NOV,-2628,2022-10-11,v98
2016 OCT,-1557,2022-10-11,v98
2016 Q1,-7670,2022-10-11,v98
2016 Q2,-7262,2022-10-11,v98
2016 Q3,-17070,2022-10-11,v98
2016 Q4,-7093,2022-10-11,v98
2016 SEP,-5422,2022-10-11,v98
2017,-30330,2022-10-11,v98
2017 APR,-1428,2022-10-11,v98
2017 AUG,-2788,2022-10-11,v98
2017 DEC,-2562,2022-10-11,v98
2017 FEB,-1825,2022-10-11,v98
2017 JAN,-2233,2022-10-11,v98
2017 JUL,-2529,2022-10-11,v98
2017 JUN,-4791,2022-10-11,v98
2017 MAR,-3026,2022-10-11,v98
2017 MAY,-2963,2022-10-11,v98
2017 NOV,-3227,2022-10-11,v98
2017 OCT,-1321,2022-10-11,v98
2017 Q1,-7084,2022-10-11,v98
2017 Q2,-9182,2022-10-11,v98
2017 Q3,-6954,2022-10-11,v98
2017 Q4,-7110,2022-10-11,v98
2017 SEP,-1637,2022-10-11,v98
2018,-33008,2022-10-11,v98
2018 APR,-3235,2022-10-11,v98
2018 AUG,-3447,2022-10-11,v98
2018 DEC,-5365,2022-10-11,v98
2018 FEB,-868,2022-10-11,v98
2018 JAN,-3115,2022-10-11,v98
2018 JUL,-1309,2022-10-11,v98
2018 JUN,-873,2022-10-11,v98
2018 MAR,-3089,2022-10-11,v98
2018 MAY,-2972,2022-10-11,v98
2018 NOV,-4171,2022-10-11,v98
2018 OCT,-3445,2022-10-11,v98
2018 Q1,-7072,2022-10-11,v98
2018 Q2,-7080,2022-10-11,v98
2018 Q3,-5875,2022-10-11,v98
2018 Q4,-12981,2022-10-11,v98
2018 SEP,-1119,2022-10-11,v98
2019,-36148,2022-10-11,v98
2019 APR,-6439,2022-10-11,v98
2019 AUG,-2916,2022-10-11,v98
2019 DEC,7302,2022-10-11,v98
2019 FEB,-9069,2022-10-11,v98
2019 JAN,-8732,2022-10-11,v98
2019 JUL,-55,2022-10-11,v98
2019 JUN,-1490,2022-10-11,v98
2019 MAR,-9433,2022-10-11,v98
2019 MAY,-4250,2022-10-11,v98
2019 NOV,4552,2022-10-11,v98
2019 OCT,-2833,2022-10-11,v98
2019 Q1,-27234,2022-10-11,v98
2019 Q2,-12179,2022-10-11,v98
2019 Q3,-5756,2022-10-11,v98
2019 Q4,9021,2022-10-11,v98
2019 SEP,-2785,2022-10-11,v98
2020,7557,2022-10-11,v98
2020 APR,7948,2022-10-11,v98
2020 AUG,1150,2022-10-11,v98
2020 DEC,-7236,2022-10-11,v98
2020 FEB,-1038,2022-10-11,v98
2020 JAN,2800,2022-10-11,v98
2020 JUL,1178,2022-10-11,v98
2020 JUN,3688,2022-10-11,v98
2020 MAR,1268,2022-10-11,v98
2020 MAY,8733,2022-10-11,v98
2020 NOV,-4692,2022-10-11,v98
2020 OCT,-3117,2022-10-11,v98
2020 Q1,3030,2022-10-11,v98
2020 Q2,20369,2022-10-11,v98
2020 Q3,-797,2022-10-11,v98
2020 Q4,-15045,2022-10-11,v98
2020 SEP,-3125,2022-10-11,v98
2021,-17572,2022-10-11,v98
2021 APR,977,2022-10-11,v98
2021 AUG,-5203,2022-10-11,v98
2021 DEC,-1833,2022-10-11,v98
2021 FEB,-2454,2022-10-11,v98
2021 JAN,-3197,2022-10-11,v98
2021 JUL,-4483,2022-10-11,v98
2021 JUN,-973,2022-10-11,v98
2021 MAR,1478,2022-10-11,v98
2021 MAY,2332,2022-10-11,v98
2021 NOV,-462,2022-10-11,v98
2021 OCT,1337,2022-10-11,v98
2021 Q1,-4173,2022-10-11,v98
2021 Q2,2336,2022-10-11,v98
2021 Q3,-14777,2022-10-11,v98
2021 Q4,-958,2022-10-11,v98
2021 SEP,-5091,2022-10-11,v98
2022 APR,-8528,2022-10-11,v98
2022 AUG,-7080,2022-10-11,v98
2022 FEB,-9555,2022-10-11,v98
2022 JAN,-11906,2022-10-11,v98
2022 JUL,-5445,2022-10-11,v98
2022 JUN,-9346,2022-10-11,v98
2022 MAR,-10762,2022-10-11,v98
2022 MAY,-8344,2022-10-11,v98
2022 Q1,-32223,2022-10-11,v98
2022 Q2,-26218,2022-10-11,v98
2022 AUG,-4676,2022-11-11,v99
2022 JUL,-4833,2022-11-11,v99
2022 Q3,-12644,2022-11-11,v99
2022 SEP,-3135,2022-11-11,v99
2022 OCT,-1785,2022-12-12,v100
2021,-28039,2023-01-13,v101
2021 APR,245,2023-01-13,v101
2021 AUG,-5481,2023-01-13,v101
2021 DEC,-4223,2023-01-13,v101
2021 FEB,-2884,2023-01-13,v101
2021 JAN,-4141,2023-01-13,v101
2021 JUL,-4986,2023-01-13,v101
2021 JUN,-1975,2023-01-13,v101
2021 MAR,1123,2023-01-13,v101
2021 MAY,1451,2023-01-13,v101
2021 NOV,-1980,2023-01-13,v101
2021 OCT,537,2023-01-13,v101
2021 Q1,-5902,2023-01-13,v101
2021 Q2,-279,2023-01-13,v101
2021 Q3,-16192,2023-01-13,v101
2021 Q4,-5666,2023-01-13,v101
2021 SEP,-5725,2023-01-13,v101
2022 APR,-9823,2023-01-13,v101
2022 AUG,-5062,2023-01-13,v101
2022 FEB,-10342,2023-01-13,v101
2022 JAN,-13321,2023-01-13,v101
2022 JUL,-4839,2023-01-13,v101
2022 JUN,-10387,2023-01-13,v101
2022 MAR,-11751,2023-01-13,v101
2022 MAY,-10002,2023-01-13,v101
2022 NOV,-1802,2023-01-13,v101
2022 OCT,1498,2023-01-13,v101
2022 Q1,-35414,2023-01-13,v101
2022 Q2,-30212,2023-01-13,v101
2022 Q3,-10735,2023-01-13,v101
2022 SEP,-834,2023-01-13,v101
2022,-84669,2023-02-10,v102
2022 APR,-9775,2023-02-10,v102
2022 AUG,-4963,2023-02-10,v102
2022 DEC,-7150,2023-02-10,v102
2022 FEB,-10900,2023-02-10,v102
2022 JAN,-13626,2023-02-10,v102
2022 JUL,-5226,2023-02-10,v102
2022 JUN,-9745,2023-02-10,v102
2022 MAR,-11965,2023-02-10,v102
2022 MAY,-9498,2023-02-10,v102
2022 NOV,-2306,2023-02-10,v102
2022 OCT,1164,2023-02-10,v102
2022 Q1,-36491,2023-02-10,v102
2022 Q2,-29018,2023-02-10,v102
2022 Q3,-10868,2023-02-10,v102
2022 Q4,-8292,2023-02-10,v102
2022 SEP,-679,2023-02-10,v102
2023 JAN,-5861,2023-03-10,v103
2022,-86639,2023-04-12,v104
2022 APR,-10412,2023-04-12,v104
2022 AUG,-4896,2023-04-12,v104
2022 DEC,-6952,2023-04-12,v104
2022 FEB,-11163,2023-04-12,v104
2022 JAN,-14245,2023-04-12,v104
2022 JUL,-5706,2023-04-12,v104
2022 JUN,-10803,2023-04-12,v104
2022 MAR,-12122,2023-04-12,v104
2022 MAY,-10499,2023-04-12,v104
2022 NOV,-1570,2023-04-12,v104
2022 OCT,1725,2023-04-12,v104
2022 Q1,-37530,2023-04-12,v104
2022 Q2,-31714,2023-04-12,v104
2022 Q3,-10598,2023-04-12,v104
2022 Q4,-6797,2023-04-12,v104
2022 SEP,4,2023-04-12,v104
2023 FEB,-4805,2023-04-12,v104
2023 JAN,-3488,2023-04-12,v104
2023 FEB,-3354,2023-05-11,v105
2023 JAN,-2952,2023-05-11,v105
2023 MAR,-2864,2023-05-11,v105
2023 Q1,-9170,2023-05-11,v105
2023 APR,-1518,2023-06-13,v106
2023 FEB,-3302,2023-06-13,v106
2023 JAN,-2873,2023-06-13,v106
2023 MAR,-2995,2023-06-13,v106
2023 FEB,-3354,2023-06-13,v107
2023 JAN,-2952,2023-06-13,v107
2023 MAR,-2864,2023-06-13,v107
2023 APR,-2463,2023-07-12,v108
2023 FEB,-4165,2023-07-12,v108
2023 JAN,-4449,2023-07-12,v108
2023 MAR,-4611,2023-07-12,v108
2023 MAY,-6578,2023-07-12,v108
2023 Q1,-13225,2023-07-12,v108
2023 APR,-3352,2023-08-10,v109
2023 JUN,-4787,2023-08-10,v109
2023 MAY,-7657,2023-08-10,v109
2023 Q2,-15796,2023-08-10,v109
2023 JUL,-3446,2023-09-12,v110
1997,5383,2023-10-11,v111
1997 APR,398,2023-10-11,v111
1997 AUG,686,2023-10-11,v111
1997 DEC,612,2023-10-11,v111
1997 FEB,990,2023-10-11,v111
1997 JAN,1261,2023-10-11,v111
1997 JUL,-83,2023-10-11,v111
1997 JUN,-196,2023-10-11,v111
1997 MAR,67,2023-10-11,v111
1997 MAY,266,2023-10-11,v111
1997 NOV,238,2023-10-11,v111
1997 OCT,415,2023-10-11,v111
1997 Q1,2318,2023-10-11,v111
1997 Q2,468,2023-10-11,v111
1997 Q3,1332,2023-10-11,v111
1997 Q4,1265,2023-10-11,v111
1997 SEP,729,2023-10-11,v111
1998,-4765,2023-10-11,v111
1998 APR,-48,2023-10-11,v111
1998 AUG,-334,2023-10-11,v111
1998 DEC,-512,2023-10-11,v111
1998 FEB,-235,2023-10-11,v111
1998 JAN,650,2023-10-11,v111
1998 JUL,-506,2023-10-11,v111
1998 JUN,-610,2023-10-11,v111
1998 MAR,-578,2023-10-11,v111
1998 MAY,-591,2023-10-11,v111
1998 NOV,-612,2023-10-11,v111
1998 OCT,-364,2023-10-11,v111
1998 Q1,-163,2023-10-11,v111
1998 Q2,-1249,2023-10-11,v111
1998 Q3,-1865,2023-10-11,v111
1998 Q4,-1488,2023-10-11,v111
1998 SEP,-1025,2023-10-11,v111
1999,-10649,2023-10-11,v111
1999 APR,-1000,2023-10-11,v111
1999 AUG,-820,2023-10-11,v111
1999 DEC,-513,2023-10-11,v111
1999 FEB,-1266,2023-10-11,v111
1999 JUL,-1005,2023-10-11,v111
1999 JUN,-1286,2023-10-11,v111
1999 MAR,-1264,2023-10-11,v111
1999 MAY,-586,2023-10-11,v111
1999 NOV,-607,2023-10-11,v111
1999 OCT,-583,2023-10-11,v111
1999 Q1,-3870,2023-10-11,v111
1999 Q2,-2872,2023-10-11,v111
1999 Q3,-2204,2023-10-11,v111
1999 Q4,-1703,2023-10-11,v111
1999 SEP,-379,2023-10-11,v111
2000,-13232,2023-10-11,v111
2000 APR,-942,2023-10-11,v111
2000 AUG,-893,2023-10-11,v111
2000 DEC,-1535,2023-10-11,v111
2000 FEB,-805,2023-10-11,v111
2000 JAN,-937,2023-10-11,v111
2000 JUL,-2039,2023-10-11,v111
2000 JUN,-424,2023-10-11,v111
2000 MAR,-433,2023-10-11,v111
2000 MAY,-642,2023-10-11,v111
2000 NOV,-1903,2023-10-11,v111
2000 OCT,-1428,2023-10-11,v111
2000 Q1,-2175,2023-10-11,v111
2000 Q2,-2008,2023-10-11,v111
2000 Q3,-4183,2023-10-11,v111
2000 Q4,-4866,2023-10-11,v111
2000 SEP,-1251,2023-10-11,v111
2001,-19797,2023-10-11,v111
2001 APR,-1549,2023-10-11,v111
2001 AUG,-2476,2023-10-11,v111
2001 DEC,-2149,2023-10-11,v111
2001 FEB,-647,2023-10-11,v111
2001 JAN,-724,2023-10-11,v111
2001 JUL,-1944,2023-10-11,v111
2001 JUN,-2321,2023-10-11,v111
2001 MAR,-1208,2023-10-11,v111
2001 MAY,-1850,2023-10-11,v111
2001 NOV,-1696,2023-10-11,v111
2001 OCT,-1619,2023-10-11,v111
2001 Q1,-2579,2023-10-11,v111
2001 Q2,-5720,2023-10-11,v111
2001 Q3,-6034,2023-10-11,v111
2001 Q4,-5464,2023-10-11,v111
2001 SEP,-1614,2023-10-11,v111
2002,-28105,2023-10-11,v111
2002 APR,-2723,2023-10-11,v111
2002 AUG,-2021,2023-10-11,v111
2002 DEC,-2205,2023-10-11,v111
2002 FEB,-2292,2023-10-11,v111
2002 JAN,-1430,2023-10-11,v111
2002 JUL,-2195,2023-10-11,v111
2002 JUN,-2470,2023-10-11,v111
2002 MAR,-2339,2023-10-11,v111
2002 MAY,-1847,2023-10-11,v111
2002 NOV,-3609,2023-10-11,v111
2002 OCT,-2952,2023-10-11,v111
2002 Q1,-6061,2023-10-11,v111
2002 Q2,-7040,2023-10-11,v111
2002 Q3,-6238,2023-10-11,v111
2002 Q4,-8766,2023-10-11,v111
2002 SEP,-2022,2023-10-11,v111
2003,-26759,2023-10-11,v111
2003 APR,-812,2023-10-11,v111
2003 AUG,-1889,2023-10-11,v111
2003 DEC,-2621,2023-10-11,v111
2003 FEB,-1489,2023-10-11,v111
2003 JAN,-1514,2023-10-11,v111
2003 JUL,-1865,2023-10-11,v111
2003 JUN,-3131,2023-10-11,v111
2003 MAR,-2400,2023-10-11,v111
2003 MAY,-2334,2023-10-11,v111
2003 NOV,-2765,2023-10-11,v111
2003 OCT,-2544,2023-10-11,v111
2003 Q1,-5403,2023-10-11,v111
2003 Q2,-6277,2023-10-11,v111
2003 Q3,-7149,2023-10-11,v111
2003 Q4,-7930,2023-10-11,v111
2003 SEP,-3395,2023-10-11,v111
2004,-30515,2023-10-11,v111
2004 APR,-2171,2023-10-11,v111
2004 AUG,-3092,2023-10-11,v111
2004 DEC,-2009,2023-10-11,v111
2004 FEB,-2199,2023-10-11,v111
2004 JAN,-3128,2023-10-11,v111
2004 JUL,-2807,2023-10-11,v111
2004 JUN,-3060,2023-10-11,v111
2004 MAR,-2159,2023-10-11,v111
2004 MAY,-2675,2023-10-11,v111
2004 NOV,-2030,2023-10-11,v111
2004 OCT,-2740,2023-10-11,v111
2004 Q1,-7486,2023-10-11,v111
2004 Q2,-7906,2023-10-11,v111
2004 Q3,-8344,2023-10-11,v111
2004 Q4,-6779,2023-10-11,v111
2004 SEP,-2445,2023-10-11,v111
2005,-29901,2023-10-11,v111
2005 APR,-2837,2023-10-11,v111
2005 AUG,-2884,2023-10-11,v111
2005 DEC,-2698,2023-10-11,v111
2005 FEB,-2600,2023-10-11,v111
2005 JAN,-2891,2023-10-11,v111
2005 JUL,-2481,2023-10-11,v111
2005 JUN,-1795,2023-10-11,v111
2005 MAR,-2927,2023-10-11,v111
2005 MAY,-2366,2023-10-11,v111
2005 NOV,-2564,2023-10-11,v111
2005 OCT,-1779,2023-10-11,v111
2005 Q1,-8418,2023-10-11,v111
2005 Q2,-6998,2023-10-11,v111
2005 Q3,-7444,2023-10-11,v111
2005 Q4,-7041,2023-10-11,v111
2005 SEP,-2079,2023-10-11,v111
2006,-27824,2023-10-11,v111
2006 APR,-2349,2023-10-11,v111
2006 AUG,-2216,2023-10-11,v111
2006 DEC,-2285,2023-10-11,v111
2006 FEB,-3086,2023-10-11,v111
2006 JAN,-3457,2023-10-11,v111
2006 JUL,-2219,2023-10-11,v111
2006 JUN,-2044,2023-10-11,v111
2006 MAR,-2054,2023-10-11,v111
2006 MAY,-3087,2023-10-11,v111
2006 NOV,-1930,2023-10-11,v111
2006 OCT,-1493,2023-10-11,v111
2006 Q1,-8597,2023-10-11,v111
2006 Q2,-7480,2023-10-11,v111
2006 Q3,-6039,2023-10-11,v111
2006 Q4,-5708,2023-10-11,v111
2006 SEP,-1604,2023-10-11,v111
2007,-29985,2023-10-11,v111
2007 APR,-1475,2023-10-11,v111
2007 AUG,-2432,2023-10-11,v111
2007 DEC,-2816,2023-10-11,v111
2007 FEB,-3136,2023-10-11,v111
2007 JAN,-2262,2023-10-11,v111
2007 JUL,-2819,2023-10-11,v111
2007 JUN,-2316,2023-10-11,v111
2007 MAR,-3236,2023-10-11,v111
2007 MAY,-1797,2023-10-11,v111
2007 NOV,-2373,2023-10-11,v111
2007 OCT,-2481,2023-10-11,v111
2007 Q1,-8634,2023-10-11,v111
2007 Q2,-5588,2023-10-11,v111
2007 Q3,-8093,2023-10-11,v111
2007 Q4,-7670,2023-10-11,v111
2007 SEP,-2842,2023-10-11,v111
2008,-26879,2023-10-11,v111
2008 APR,-2578,2023-10-11,v111
2008 AUG,-2304,2023-10-11,v111
2008 DEC,-394,2023-10-11,v111
2008 FEB,-3290,2023-10-11,v111
2008 JAN,-3279,2023-10-11,v111
2008 JUL,-2862,2023-10-11,v111
2008 JUN,-3886,2023-10-11,v111
2008 MAR,-2871,2023-10-11,v111
2008 MAY,-1961,2023-10-11,v111
2008 NOV,-1344,2023-10-11,v111
2008 OCT,-835,2023-10-11,v111
2008 Q1,-9440,2023-10-11,v111
2008 Q2,-8425,2023-10-11,v111
2008 Q3,-6441,2023-10-11,v111
2008 Q4,-2573,2023-10-11,v111
2008 SEP,-1275,2023-10-11,v111
2009,-19225,2023-10-11,v111
2009 APR,-1791,2023-10-11,v111
2009 AUG,-1810,2023-10-11,v111
2009 DEC,-1285,2023-10-11,v111
2009 FEB,-1318,2023-10-11,v111
2009 JAN,-1341,2023-10-11,v111
2009 JUL,-1666,2023-10-11,v111
2009 JUN,-1789,2023-10-11,v111
2009 MAR,-2352,2023-10-11,v111
2009 MAY,-832,2023-10-11,v111
2009 NOV,-1065,2023-10-11,v111
2009 OCT,-1470,2023-10-11,v111
2009 Q1,-5011,2023-10-11,v111
2009 Q2,-4412,2023-10-11,v111
2009 Q3,-5982,2023-10-11,v111
2009 Q4,-3820,2023-10-11,v111
2009 SEP,-2506,2023-10-11,v111
2010,-25082,2023-10-11,v111
2010 APR,-1422,2023-10-11,v111
2010 AUG,-2589,2023-10-11,v111
2010 DEC,-2899,2023-10-11,v111
2010 FEB,130,2023-10-11,v111
2010 JAN,-2235,2023-10-11,v111
2010 JUL,-2507,2023-10-11,v111
2010 JUN,-1862,2023-10-11,v111
2010 MAR,-2389,2023-10-11,v111
2010 MAY,-1789,2023-10-11,v111
2010 OCT,-2092,2023-10-11,v111
2010 Q1,-4494,2023-10-11,v111
2010 Q2,-5073,2023-10-11,v111
2010 Q3,-8082,2023-10-11,v111
2010 Q4,-7433,2023-10-11,v111
2010 SEP,-2986,2023-10-11,v111
2011,-13138,2023-10-11,v111
2011 APR,237,2023-10-11,v111
2011 AUG,-1163,2023-10-11,v111
2011 DEC,-232,2023-10-11,v111
2011 FEB,1534,2023-10-11,v111
2011 JAN,-284,2023-10-11,v111
2011 JUL,-1453,2023-10-11,v111
2011 JUN,-1657,2023-10-11,v111
2011 MAR,-557,2023-10-11,v111
2011 MAY,-4193,2023-10-11,v111
2011 NOV,-1726,2023-10-11,v111
2011 OCT,-1036,2023-10-11,v111
2011 Q1,693,2023-10-11,v111
2011 Q2,-5613,2023-10-11,v111
2011 Q3,-5224,2023-10-11,v111
2011 Q4,-2994,2023-10-11,v111
2011 SEP,-2608,2023-10-11,v111
2012,-16946,2023-10-11,v111
2012 APR,-3099,2023-10-11,v111
2012 AUG,-2705,2023-10-11,v111
2012 DEC,-900,2023-10-11,v111
2012 FEB,383,2023-10-11,v111
2012 JAN,-933,2023-10-11,v111
2012 JUL,-669,2023-10-11,v111
2012 JUN,-3099,2023-10-11,v111
2012 MAR,-43,2023-10-11,v111
2012 MAY,-1654,2023-10-11,v111
2012 NOV,-1053,2023-10-11,v111
2012 OCT,-1904,2023-10-11,v111
2012 Q1,-593,2023-10-11,v111
2012 Q2,-7852,2023-10-11,v111
2012 Q3,-4644,2023-10-11,v111
2012 Q4,-3857,2023-10-11,v111
2012 SEP,-1270,2023-10-11,v111
2013,-25300,2023-10-11,v111
2013 APR,-1430,2023-10-11,v111
2013 AUG,-669,2023-10-11,v111
2013 DEC,-1321,2023-10-11,v111
2013 FEB,-493,2023-10-11,v111
2013 JAN,-863,2023-10-11,v111
2013 JUL,-2140,2023-10-11,v111
2013 JUN,-2520,2023-10-11,v111
2013 MAR,-590,2023-10-11,v111
2013 MAY,-2601,2023-10-11,v111
2013 NOV,-4549,2023-10-11,v111
2013 OCT,-4878,2023-10-11,v111
2013 Q1,-1946,2023-10-11,v111
2013 Q2,-6551,2023-10-11,v111
2013 Q3,-6055,2023-10-11,v111
2013 Q4,-10748,2023-10-11,v111
2013 SEP,-3246,2023-10-11,v111
2014,-36177,2023-10-11,v111
2014 APR,-1880,2023-10-11,v111
2014 AUG,-3022,2023-10-11,v111
2014 DEC,-6913,2023-10-11,v111
2014 FEB,-2241,2023-10-11,v111
2014 JAN,-3179,2023-10-11,v111
2014 JUL,-3920,2023-10-11,v111
2014 JUN,-2346,2023-10-11,v111
2014 MAR,-1418,2023-10-11,v111
2014 MAY,-1421,2023-10-11,v111
2014 NOV,-4230,2023-10-11,v111
2014 OCT,-3239,2023-10-11,v111
2014 Q1,-6838,2023-10-11,v111
2014 Q2,-5647,2023-10-11,v111
2014 Q3,-9310,2023-10-11,v111
2014 Q4,-14382,2023-10-11,v111
2014 SEP,-2368,2023-10-11,v111
2015,-28970,2023-10-11,v111
2015 APR,-1418,2023-10-11,v111
2015 AUG,-1971,2023-10-11,v111
2015 DEC,-889,2023-10-11,v111
2015 FEB,-4244,2023-10-11,v111
2015 JAN,-4726,2023-10-11,v111
2015 JUL,-3588,2023-10-11,v111
2015 JUN,-1090,2023-10-11,v111
2015 MAR,-1784,2023-10-11,v111
2015 MAY,-507,2023-10-11,v111
2015 NOV,-2084,2023-10-11,v111
2015 OCT,-4340,2023-10-11,v111
2015 Q1,-10754,2023-10-11,v111
2015 Q2,-3015,2023-10-11,v111
2015 Q3,-7888,2023-10-11,v111
2015 Q4,-7313,2023-10-11,v111
2015 SEP,-2329,2023-10-11,v111
2016,-37756,2023-10-11,v111
2016 APR,-2429,2023-10-11,v111
2016 AUG,-6432,2023-10-11,v111
2016 DEC,-2325,2023-10-11,v111
2016 FEB,-3481,2023-10-11,v111
2016 JAN,-992,2023-10-11,v111
2016 JUL,-4836,2023-10-11,v111
2016 JUN,-3571,2023-10-11,v111
2016 MAR,-3440,2023-10-11,v111
2016 MAY,-337,2023-10-11,v111
2016 NOV,-2773,2023-10-11,v111
2016 OCT,-1729,2023-10-11,v111
2016 Q1,-7913,2023-10-11,v111
2016 Q2,-6337,2023-10-11,v111
2016 Q3,-16679,2023-10-11,v111
2016 Q4,-6827,2023-10-11,v111
2016 SEP,-5411,2023-10-11,v111
2017,-27925,2023-10-11,v111
2017 APR,-925,2023-10-11,v111
2017 AUG,-2617,2023-10-11,v111
2017 DEC,-2364,2023-10-11,v111
2017 FEB,-1753,2023-10-11,v111
2017 JAN,-1991,2023-10-11,v111
2017 JUL,-2585,2023-10-11,v111
2017 JUN,-4219,2023-10-11,v111
2017 MAR,-3057,2023-10-11,v111
2017 MAY,-2481,2023-10-11,v111
2017 NOV,-2949,2023-10-11,v111
2017 OCT,-1278,2023-10-11,v111
2017 Q1,-6801,2023-10-11,v111
2017 Q2,-7625,2023-10-11,v111
2017 Q3,-6908,2023-10-11,v111
2017 Q4,-6591,2023-10-11,v111
2017 SEP,-1706,2023-10-11,v111
2018,-29754,2023-10-11,v111
2018 APR,-2670,2023-10-11,v111
2018 AUG,-3457,2023-10-11,v111
2018 DEC,-4654,2023-10-11,v111
2018 FEB,-892,2023-10-11,v111
2018 JAN,-3317,2023-10-11,v111
2018 JUL,-1328,2023-10-11,v111
2018 JUN,-739,2023-10-11,v111
2018 MAR,-3305,2023-10-11,v111
2018 MAY,-2389,2023-10-11,v111
2018 NOV,-3302,2023-10-11,v111
2018 OCT,-2833,2023-10-11,v111
2018 Q1,-7514,2023-10-11,v111
2018 Q2,-5798,2023-10-11,v111
2018 Q3,-5653,2023-10-11,v111
2018 Q4,-10789,2023-10-11,v111
2018 SEP,-868,2023-10-11,v111
2019,-31176,2023-10-11,v111
2019 APR,-5839,2023-10-11,v111
2019 AUG,-2689,2023-10-11,v111
2019 DEC,8263,2023-10-11,v111
2019 FEB,-9701,2023-10-11,v111
2019 JAN,-8660,2023-10-11,v111
2019 JUL,-164,2023-10-11,v111
2019 JUN,-1288,2023-10-11,v111
2019 MAR,-9450,2023-10-11,v111
2019 MAY,-3357,2023-10-11,v111
2019 NOV,5720,2023-10-11,v111
2019 OCT,-1813,2023-10-11,v111
2019 Q1,-27811,2023-10-11,v111
2019 Q2,-10484,2023-10-11,v111
2019 Q3,-5051,2023-10-11,v111
2019 Q4,12170,2023-10-11,v111
2019 SEP,-2198,2023-10-11,v111
2020,12824,2023-10-11,v111
2020 APR,8908,2023-10-11,v111
2020 AUG,1731,2023-10-11,v111
2020 DEC,-6941,2023-10-11,v111
2020 FEB,-1302,2023-10-11,v111
2020 JAN,3117,2023-10-11,v111
2020 JUL,1359,2023-10-11,v111
2020 JUN,4298,2023-10-11,v111
2020 MAR,1864,2023-10-11,v111
2020 MAY,9557,2023-10-11,v111
2020 NOV,-4444,2023-10-11,v111
2020 OCT,-2873,2023-10-11,v111
2020 Q1,3679,2023-10-11,v111
2020 Q2,22763,2023-10-11,v111
2020 Q3,640,2023-10-11,v111
2020 Q4,-14258,2023-10-11,v111
2020 SEP,-2450,2023-10-11,v111
2021,-3518,2023-10-11,v111
2021 APR,3159,2023-10-11,v111
2021 AUG,-3489,2023-10-11,v111
2021 DEC,-1711,2023-10-11,v111
2021 FEB,-908,2023-10-11,v111
2021 JAN,-2140,2023-10-11,v111
2021 JUL,-3393,2023-10-11,v111
2021 JUN,744,2023-10-11,v111
2021 MAR,2863,2023-10-11,v111
2021 MAY,4266,2023-10-11,v111
2021 NOV,-409,2023-10-11,v111
2021 OCT,1394,2023-10-11,v111
2021 Q1,-185,2023-10-11,v111
2021 Q2,8169,2023-10-11,v111
2021 Q3,-10776,2023-10-11,v111
2021 Q4,-726,2023-10-11,v111
2021 SEP,-3894,2023-10-11,v111
2022,-67952,2023-10-11,v111
2022 APR,-9518,2023-10-11,v111
2022 AUG,-3926,2023-10-11,v111
2022 DEC,-3791,2023-10-11,v111
2022 FEB,-9916,2023-10-11,v111
2022 JAN,-12734,2023-10-11,v111
2022 JUL,-3871,2023-10-11,v111
2022 JUN,-9915,2023-10-11,v111
2022 MAR,-11251,2023-10-11,v111
2022 MAY,-9168,2023-10-11,v111
2022 NOV,1102,2023-10-11,v111
2022 OCT,3888,2023-10-11,v111
2022 Q1,-33901,2023-10-11,v111
2022 Q2,-28601,2023-10-11,v111
2022 Q3,-6649,2023-10-11,v111
2022 Q4,1199,2023-10-11,v111
2022 SEP,1148,2023-10-11,v111
2023 APR,-1388,2023-10-11,v111
2023 AUG,-3415,2023-10-11,v111
2023 FEB,-2299,2023-10-11,v111
2023 JAN,-2811,2023-10-11,v111
2023 JUL,-1418,2023-10-11,v111
2023 JUN,-3071,2023-10-11,v111
2023 MAR,-2545,2023-10-11,v111
2023 MAY,-5458,2023-10-11,v111
2023 Q1,-7655,2023-10-11,v111
2023 Q2,-9917,2023-10-11,v111
2023 AUG,-2697,2023-11-10,v112
2023 JUL,-241,2023-11-10,v112
2023 Q3,-4512,2023-11-10,v112
2023 SEP,-1574,2023-11-10,v112
2023 OCT,-4480,2023-12-13,v113
2022,-66828,2024-01-12,v114
2022 APR,-9270,2024-01-12,v114
2022 AUG,-3054,2024-01-12,v114
2022 DEC,-3619,2024-01-12,v114
2022 FEB,-9860,2024-01-12,v114
2022 JAN,-12744,2024-01-12,v114
2022 JUL,-4325,2024-01-12,v114
2022 JUN,-9687,2024-01-12,v114
2022 MAR,-10804,2024-01-12,v114
2022 MAY,-8655,2024-01-12,v114
2022 NOV,1251,2024-01-12,v114
2022 OCT,4154,2024-01-12,v114
2022 Q1,-33408,2024-01-12,v114
2022 Q2,-27612,2024-01-12,v114
2022 Q3,-7594,2024-01-12,v114
2022 Q4,1786,2024-01-12,v114
2022 SEP,-215,2024-01-12,v114
2023 APR,-995,2024-01-12,v114
2023 AUG,-2608,2024-01-12,v114
2023 FEB,-2232,2024-01-12,v114
2023 JAN,-2594,2024-01-12,v114
2023 JUL,-1286,2024-01-12,v114
2023 JUN,-1748,2024-01-12,v114
2023 MAR,-2172,2024-01-12,v114
2023 MAY,-4814,2024-01-12,v114
2023 NOV,-1408,2024-01-12,v114
2023 OCT,-3198,2024-01-12,v114
2023 Q1,-6998,2024-01-12,v114
2023 Q2,-7557,2024-01-12,v114
2023 Q3,-5140,2024-01-12,v114
2023 SEP,-1246,2024-01-12,v114
1997 APR,344,2024-02-15,v115
1997 AUG,794,2024-02-15,v115
1997 DEC,543,2024-02-15,v115
1997 FEB,1000,2024-02-15,v115
1997 JAN,1273,2024-02-15,v115
1997 JUL,-8,2024-02-15,v115
1997 JUN,-192,2024-02-15,v115
1997 MAR,45,2024-02-15,v115
1997 MAY,216,2024-02-15,v115
1997 NOV,168,2024-02-15,v115
1997 OCT,404,2024-02-15,v115
1997 Q2,368,2024-02-15,v115
1997 Q3,1582,2024-02-15,v115
1997 Q4,1115,2024-02-15,v115
1997 SEP,796,2024-02-15,v115
1998 APR,-38,2024-02-15,v115
1998 AUG,-333,2024-02-15,v115
1998 DEC,-513,2024-02-15,v115
1998 FEB,-226,2024-02-15,v115
1998 JAN,621,2024-02-15,v115
1998 JUL,-509,2024-02-15,v115
1998 JUN,-617,2024-02-15,v115
1998 MAR,-558,2024-02-15,v115
1998 MAY,-594,2024-02-15,v115
1998 NOV,-613,2024-02-15,v115
1998 OCT,-362,2024-02-15,v115
1998 SEP,-1023,2024-02-15,v115
1999 APR,-999,2024-02-15,v115
1999 JUN,-1287,2024-02-15,v115
2000 APR,-940,2024-02-15,v115
2000 AUG,-894,2024-02-15,v115
2000 DEC,-1546,2024-02-15,v115
2000 JAN,-938,2024-02-15,v115
2000 JUL,-2041,2024-02-15,v115
2000 JUN,-426,2024-02-15,v115
2000 MAR,-432,2024-02-15,v115
2000 NOV,-1900,2024-02-15,v115
2000 OCT,-1420,2024-02-15,v115
2000 SEP,-1248,2024-02-15,v115
2001 APR,-1544,2024-02-15,v115
2001 AUG,-2480,2024-02-15,v115
2001 DEC,-2137,2024-02-15,v115
2001 FEB,-678,2024-02-15,v115
2001 JAN,-750,2024-02-15,v115
2001 JUL,-1939,2024-02-15,v115
2001 JUN,-2305,2024-02-15,v115
2001 MAR,-1226,2024-02-15,v115
2001 MAY,-1831,2024-02-15,v115
2001 NOV,-1681,2024-02-15,v115
2001 OCT,-1611,2024-02-15,v115
2001 Q1,-2654,2024-02-15,v115
2001 Q2,-5680,2024-02-15,v115
2001 Q4,-5429,2024-02-15,v115
2001 SEP,-1615,2024-02-15,v115
2002 AUG,-2025,2024-02-15,v115
2002 DEC,-2241,2024-02-15,v115
2002 FEB,-2294,2024-02-15,v115
2002 JAN,-1426,2024-02-15,v115
2002 JUL,-2203,2024-02-15,v115
2002 JUN,-2473,2024-02-15,v115
2002 MAR,-2341,2024-02-15,v115
2002 MAY,-1844,2024-02-15,v115
2002 NOV,-3598,2024-02-15,v115
2002 OCT,-2927,2024-02-15,v115
2002 SEP,-2010,2024-02-15,v115
2003 APR,-847,2024-02-15,v115
2003 AUG,-1880,2024-02-15,v115
2003 DEC,-2520,2024-02-15,v115
2003 FEB,-1606,2024-02-15,v115
2003 JAN,-1606,2024-02-15,v115
2003 JUL,-1852,2024-02-15,v115
2003 JUN,-3107,2024-02-15,v115
2003 MAR,-2491,2024-02-15,v115
2003 MAY,-2323,2024-02-15,v115
2003 NOV,-2676,2024-02-15,v115
2003 OCT,-2484,2024-02-15,v115
2003 Q1,-5703,2024-02-15,v115
2003 Q3,-7099,2024-02-15,v115
2003 Q4,-7680,2024-02-15,v115
2003 SEP,-3367,2024-02-15,v115
2004 APR,-2167,2024-02-15,v115
2004 AUG,-3080,2024-02-15,v115
2004 DEC,-2042,2024-02-15,v115
2004 FEB,-2129,2024-02-15,v115
2004 JAN,-3034,2024-02-15,v115
2004 JUL,-2788,2024-02-15,v115
2004 JUN,-3057,2024-02-15,v115
2004 MAR,-2123,2024-02-15,v115
2004 MAY,-2682,2024-02-15,v115
2004 NOV,-2118,2024-02-15,v115
2004 OCT,-2819,2024-02-15,v115
2004 Q1,-7286,2024-02-15,v115
2004 Q4,-6979,2024-02-15,v115
2004 SEP,-2476,2024-02-15,v115
2005 APR,-2703,2024-02-15,v115
2005 AUG,-3015,2024-02-15,v115
2005 DEC,-2728,2024-02-15,v115
2005 FEB,-2467,2024-02-15,v115
2005 JAN,-2833,2024-02-15,v115
2005 JUL,-2565,2024-02-15,v115
2005 JUN,-1802,2024-02-15,v115
2005 MAR,-2768,2024-02-15,v115
2005 MAY,-2293,2024-02-15,v115
2005 NOV,-2628,2024-02-15,v115
2005 OCT,-1885,2024-02-15,v115
2005 Q1,-8068,2024-02-15,v115
2005 Q2,-6798,2024-02-15,v115
2005 Q3,-7794,2024-02-15,v115
2005 Q4,-7241,2024-02-15,v115
2005 SEP,-2214,2024-02-15,v115
2006 AUG,-2214,2024-02-15,v115
2006 DEC,-2264,2024-02-15,v115
2006 FEB,-3082,2024-02-15,v115
2006 JAN,-3465,2024-02-15,v115
2006 JUL,-2214,2024-02-15,v115
2006 JUN,-2043,2024-02-15,v115
2006 MAR,-2050,2024-02-15,v115
2006 MAY,-3088,2024-02-15,v115
2006 NOV,-1936,2024-02-15,v115
2006 OCT,-1508,2024-02-15,v115
2006 SEP,-1611,2024-02-15,v115
2007 APR,-1437,2024-02-15,v115
2007 AUG,-2505,2024-02-15,v115
2007 DEC,-2770,2024-02-15,v115
2007 FEB,-3059,2024-02-15,v115
2007 JAN,-2206,2024-02-15,v115
2007 JUL,-2881,2024-02-15,v115
2007 JUN,-2353,2024-02-15,v115
2007 MAR,-3169,2024-02-15,v115
2007 MAY,-1798,2024-02-15,v115
2007 NOV,-2376,2024-02-15,v115
2007 OCT,-2524,2024-02-15,v115
2007 Q1,-8434,2024-02-15,v115
2007 Q3,-8293,2024-02-15,v115
2007 SEP,-2907,2024-02-15,v115
2008 APR,-2613,2024-02-15,v115
2008 AUG,-2269,2024-02-15,v115
2008 DEC,-393,2024-02-15,v115
2008 FEB,-3207,2024-02-15,v115
2008 JAN,-3194,2024-02-15,v115
2008 JUL,-2854,2024-02-15,v115
2008 JUN,-3931,2024-02-15,v115
2008 MAR,-2839,2024-02-15,v115
2008 MAY,-2031,2024-02-15,v115
2008 NOV,-1401,2024-02-15,v115
2008 OCT,-879,2024-02-15,v115
2008 Q1,-9240,2024-02-15,v115
2008 Q2,-8575,2024-02-15,v115
2008 Q3,-6391,2024-02-15,v115
2008 Q4,-2673,2024-02-15,v115
2008 SEP,-1268,2024-02-15,v115
2009 APR,-1783,2024-02-15,v115
2009 AUG,-1798,2024-02-15,v115
2009 DEC,-1384,2024-02-15,v115
2009 FEB,-1192,2024-02-15,v115
2009 JAN,-1258,2024-02-15,v115
2009 JUL,-1684,2024-02-15,v115
2009 JUN,-1843,2024-02-15,v115
2009 MAR,-2261,2024-02-15,v115
2009 MAY,-886,2024-02-15,v115
2009 NOV,-1136,2024-02-15,v115
2009 OCT,-1500,2024-02-15,v115
2009 Q1,-4711,2024-02-15,v115
2009 Q2,-4512,2024-02-15,v115
2009 Q4,-4020,2024-02-15,v115
2009 SEP,-2500,2024-02-15,v115
2010 APR,-1468,2024-02-15,v115
2010 AUG,-2494,2024-02-15,v115
2010 DEC,-2884,2024-02-15,v115
2010 FEB,25,2024-02-15,v115
2010 JAN,-2347,2024-02-15,v115
2010 JUL,-2421,2024-02-15,v115
2010 JUN,-1815,2024-02-15,v115
2010 MAR,-2472,2024-02-15,v115
2010 MAY,-1790,2024-02-15,v115
2010 NOV,-2437,2024-02-15,v115
2010 OCT,-2062,2024-02-15,v115
2010 Q1,-4794,2024-02-15,v115
2010 Q3,-7832,2024-02-15,v115
2010 Q4,-7383,2024-02-15,v115
2010 SEP,-2917,2024-02-15,v115
2011 APR,214,2024-02-15,v115
2011 AUG,-1151,2024-02-15,v115
2011 DEC,-167,2024-02-15,v115
2011 FEB,1579,2024-02-15,v115
2011 JAN,-247,2024-02-15,v115
2011 JUL,-1452,2024-02-15,v115
2011 JUN,-1688,2024-02-15,v115
2011 MAR,-539,2024-02-15,v115
2011 MAY,-4239,2024-02-15,v115
2011 NOV,-1749,2024-02-15,v115
2011 OCT,-1078,2024-02-15,v115
2011 Q1,793,2024-02-15,v115
2011 Q2,-5713,2024-02-15,v115
2011 SEP,-2621,2024-02-15,v115
2012 APR,-3278,2024-02-15,v115
2012 AUG,-2383,2024-02-15,v115
2012 DEC,-1080,2024-02-15,v115
2012 FEB,530,2024-02-15,v115
2012 JAN,-779,2024-02-15,v115
2012 JUL,-463,2024-02-15,v115
2012 JUN,-3146,2024-02-15,v115
2012 MAR,-44,2024-02-15,v115
2012 MAY,-1878,2024-02-15,v115
2012 NOV,-1321,2024-02-15,v115
2012 OCT,-2006,2024-02-15,v115
2012 Q1,-293,2024-02-15,v115
2012 Q2,-8302,2024-02-15,v115
2012 Q3,-3944,2024-02-15,v115
2012 Q4,-4407,2024-02-15,v115
2012 SEP,-1098,2024-02-15,v115
2013 APR,-1435,2024-02-15,v115
2013 AUG,-559,2024-02-15,v115
2013 DEC,-1473,2024-02-15,v115
2013 FEB,-293,2024-02-15,v115
2013 JAN,-818,2024-02-15,v115
2013 JUL,-2100,2024-02-15,v115
2013 JUN,-2598,2024-02-15,v115
2013 MAR,-435,2024-02-15,v115
2013 MAY,-2718,2024-02-15,v115
2013 NOV,-4719,2024-02-15,v115
2013 OCT,-4956,2024-02-15,v115
2013 Q1,-1546,2024-02-15,v115
2013 Q2,-6751,2024-02-15,v115
2013 Q3,-5855,2024-02-15,v115
2013 Q4,-11148,2024-02-15,v115
2013 SEP,-3196,2024-02-15,v115
2014 APR,-1857,2024-02-15,v115
2014 AUG,-3020,2024-02-15,v115
2014 DEC,-6915,2024-02-15,v115
2014 FEB,-2221,2024-02-15,v115
2014 JAN,-3243,2024-02-15,v115
2014 JUL,-3928,2024-02-15,v115
2014 JUN,-2363,2024-02-15,v115
2014 MAR,-1374,2024-02-15,v115
2014 MAY,-1427,2024-02-15,v115
2014 NOV,-4231,2024-02-15,v115
2014 OCT,-3236,2024-02-15,v115
2014 SEP,-2362,2024-02-15,v115
2015 APR,-1420,2024-02-15,v115
2015 AUG,-1968,2024-02-15,v115
2015 DEC,-864,2024-02-15,v115
2015 JUL,-3582,2024-02-15,v115
2015 JUN,-1086,2024-02-15,v115
2015 MAY,-509,2024-02-15,v115
2015 NOV,-2092,2024-02-15,v115
2015 OCT,-4357,2024-02-15,v115
2015 SEP,-2338,2024-02-15,v115
2016 APR,-2411,2024-02-15,v115
2016 AUG,-6422,2024-02-15,v115
2016 DEC,-2388,2024-02-15,v115
2016 FEB,-3401,2024-02-15,v115
2016 JAN,-929,2024-02-15,v115
2016 JUL,-4827,2024-02-15,v115
2016 JUN,-3579,2024-02-15,v115
2016 MAR,-3383,2024-02-15,v115
2016 MAY,-347,2024-02-15,v115
2016 NOV,-2851,2024-02-15,v115
2016 OCT,-1788,2024-02-15,v115
2016 Q1,-7713,2024-02-15,v115
2016 Q4,-7027,2024-02-15,v115
2016 SEP,-5430,2024-02-15,v115
2017 APR,-920,2024-02-15,v115
2017 AUG,-2610,2024-02-15,v115
2017 DEC,-2315,2024-02-15,v115
2017 FEB,-1744,2024-02-15,v115
2017 JAN,-2014,2024-02-15,v115
2017 JUL,-2576,2024-02-15,v115
2017 MAR,-3043,2024-02-15,v115
2017 MAY,-2486,2024-02-15,v115
2017 NOV,-2964,2024-02-15,v115
2017 OCT,-1312,2024-02-15,v115
2017 SEP,-1722,2024-02-15,v115
2018 APR,-2818,2024-02-15,v115
2018 AUG,-3261,2024-02-15,v115
2018 DEC,-4624,2024-02-15,v115
2018 FEB,-791,2024-02-15,v115
2018 JAN,-3207,2024-02-15,v115
2018 JUL,-1213,2024-02-15,v115
2018 JUN,-804,2024-02-15,v115
2018 MAR,-3316,2024-02-15,v115
2018 MAY,-2576,2024-02-15,v115
2018 NOV,-3445,2024-02-15,v115
2018 OCT,-2920,2024-02-15,v115
2018 Q1,-7314,2024-02-15,v115
2018 Q2,-6198,2024-02-15,v115
2018 Q3,-5253,2024-02-15,v115
2018 Q4,-10989,2024-02-15,v115
2018 SEP,-779,2024-02-15,v115
2019 APR,-5584,2024-02-15,v115
2019 AUG,-2372,2024-02-15,v115
2019 DEC,7647,2024-02-15,v115
2019 FEB,-9225,2024-02-15,v115
2019 JAN,-8354,2024-02-15,v115
2019 JUL,286,2024-02-15,v115
2019 JUN,-976,2024-02-15,v115
2019 MAR,-9032,2024-02-15,v115
2019 MAY,-3174,2024-02-15,v115
2019 NOV,4667,2024-02-15,v115
2019 OCT,-2644,2024-02-15,v115
2019 Q1,-26611,2024-02-15,v115
2019 Q2,-9734,2024-02-15,v115
2019 Q3,-4501,2024-02-15,v115
2019 Q4,9670,2024-02-15,v115
2019 SEP,-2415,2024-02-15,v115
2023,-36552,2024-02-15,v115
2023 APR,-1674,2024-02-15,v115
2023 AUG,-3408,2024-02-15,v115
2023 DEC,-2603,2024-02-15,v115
2023 FEB,-2942,2024-02-15,v115
2023 JAN,-3170,2024-02-15,v115
2023 JUL,-1798,2024-02-15,v115
2023 JUN,-2671,2024-02-15,v115
2023 MAR,-2642,2024-02-15,v115
2023 MAY,-5791,2024-02-15,v115
2023 NOV,-3723,2024-02-15,v115
2023 OCT,-4544,2024-02-15,v115
2023 Q1,-8754,2024-02-15,v115
2023 Q2,-10136,2024-02-15,v115
2023 Q3,-6792,2024-02-15,v115
2023 Q4,-10870,2024-02-15,v115
2023 SEP,-1586,2024-02-15,v115
2024 JAN,-3129,2024-03-13,v116
2023,-33377,2024-04-11,v117
2023 APR,-1588,2024-04-11,v117
2023 AUG,-3477,2024-04-11,v117
2023 DEC,-621,2024-04-11,v117
2023 FEB,-3172,2024-04-11,v117
2023 JAN,-3557,2024-04-11,v117
2023 JUL,-1665,2024-04-11,v117
2023 JUN,-2438,2024-04-11,v117
2023 MAR,-3261,2024-04-11,v117
2023 MAY,-5316,2024-04-11,v117
2023 NOV,-2405,2024-04-11,v117
2023 OCT,-4327,2024-04-11,v117
2023 Q1,-9990,2024-04-11,v117
2023 Q2,-9342,2024-04-11,v117
2023 Q3,-6692,2024-04-11,v117
2023 Q4,-7353,2024-04-11,v117
2023 SEP,-1550,2024-04-11,v117
2024 FEB,-2291,2024-04-11,v117
2024 JAN,-2205,2024-04-11,v117
2024 FEB,-1478,2024-05-09,v118
2024 JAN,-1492,2024-05-09,v118
2024 MAR,-1098,2024-05-09,v118
2024 Q1,-4068,2024-05-09,v118
2024 APR,-6750,2024-06-11,v119
2024 APR,-6423,2024-07-10,v120
2024 FEB,-1071,2024-07-10,v120
2024 JAN,-805,2024-07-10,v120
2024 MAR,-1434,2024-07-10,v120
2024 MAY,-4894,2024-07-10,v120
2024 Q1,-3310,2024-07-10,v120
2024 APR,-7684,2024-08-14,v121
2024 JUN,-5324,2024-08-14,v121
2024 MAY,-5770,2024-08-14,v121
2024 Q2,-18778,2024-08-14,v121
2024 JUL,-7514,2024-09-10,v122
2020,11747,2024-10-10,v123
2020 APR,8136,2024-10-10,v123
2020 AUG,1361,2024-10-10,v123
2020 DEC,-6390,2024-10-10,v123
2020 FEB,-1647,2024-10-10,v123
2020 JAN,2526,2024-10-10,v123
2020 JUL,1460,2024-10-10,v123
2020 JUN,3666,2024-10-10,v123
2020 MAR,1445,2024-10-10,v123
2020 MAY,9128,2024-10-10,v123
2020 NOV,-3646,2024-10-10,v123
2020 OCT,-1853,2024-10-10,v123
2020 Q1,2324,2024-10-10,v123
2020 Q2,20930,2024-10-10,v123
2020 Q3,382,2024-10-10,v123
2020 Q4,-11889,2024-10-10,v123
2020 SEP,-2439,2024-10-10,v123
2021,-5119,2024-10-10,v123
2021 APR,2253,2024-10-10,v123
2021 AUG,-3895,2024-10-10,v123
2021 DEC,-1103,2024-10-10,v123
2021 FEB,-886,2024-10-10,v123
2021 JAN,-2837,2024-10-10,v123
2021 JUL,-3774,2024-10-10,v123
2021 JUN,621,2024-10-10,v123
2021 MAR,2784,2024-10-10,v123
2021 MAY,4141,2024-10-10,v123
2021 NOV,-38,2024-10-10,v123
2021 OCT,1880,2024-10-10,v123
2021 Q1,-939,2024-10-10,v123
2021 Q2,7015,2024-10-10,v123
2021 Q3,-11934,2024-10-10,v123
2021 Q4,739,2024-10-10,v123
2021 SEP,-4265,2024-10-10,v123
2022,-44115,2024-10-10,v123
2022 APR,-6866,2024-10-10,v123
2022 AUG,-2390,2024-10-10,v123
2022 DEC,-908,2024-10-10,v123
2022 FEB,-7897,2024-10-10,v123
2022 JAN,-11404,2024-10-10,v123
2022 JUL,-2793,2024-10-10,v123
2022 JUN,-7671,2024-10-10,v123
2022 MAR,-8058,2024-10-10,v123
2022 MAY,-7669,2024-10-10,v123
2022 NOV,3844,2024-10-10,v123
2022 OCT,5625,2024-10-10,v123
2022 Q1,-27359,2024-10-10,v123
2022 Q2,-22206,2024-10-10,v123
2022 Q3,-3111,2024-10-10,v123
2022 Q4,8561,2024-10-10,v123
2022 SEP,2072,2024-10-10,v123
2023,-15056,2024-10-10,v123
2023 APR,568,2024-10-10,v123
2023 AUG,-2242,2024-10-10,v123
2023 DEC,772,2024-10-10,v123
2023 FEB,-1385,2024-10-10,v123
2023 JAN,-1908,2024-10-10,v123
2023 JUL,-454,2024-10-10,v123
2023 JUN,-808,2024-10-10,v123
2023 MAR,-560,2024-10-10,v123
2023 MAY,-4414,2024-10-10,v123
2023 NOV,-1081,2024-10-10,v123
2023 OCT,-3472,2024-10-10,v123
2023 Q1,-3853,2024-10-10,v123
2023 Q2,-4654,2024-10-10,v123
2023 Q3,-2768,2024-10-10,v123
2023 Q4,-3781,2024-10-10,v123
2023 SEP,-72,2024-10-10,v123
2024 APR,-6196,2024-10-10,v123
2024 AUG,-955,2024-10-10,v123
2024 FEB,-423,2024-10-10,v123
2024 JAN,-503,2024-10-10,v123
2024 JUL,-4712,2024-10-10,v123
2024 JUN,-5141,2024-10-10,v123
2024 MAR,-1033,2024-10-10,v123
2024 MAY,-4576,2024-10-10,v123
2024 Q1,-1959,2024-10-10,v123
2024 Q2,-15913,2024-10-10,v123
2024 AUG,-2015,2024-11-15,v124
2024 JUL,-5088,2024-11-15,v124
2024 Q3,-10565,2024-11-15,v124
2024 SEP,-3462,2024-11-15,v124
2024 OCT,-3718,2024-12-13,v125
2023,-21413,2025-01-16,v126
2023 APR,-431,2025-01-16,v126
2023 AUG,-2881,2025-01-16,v126
2023 DEC,1099,2025-01-16,v126
2023 FEB,-2282,2025-01-16,v126
2023 JAN,-2771,2025-01-16,v126
2023 JUL,-1013,2025-01-16,v126
2023 JUN,-1911,2025-01-16,v126
2023 MAR,-1575,2025-01-16,v126
2023 MAY,-5457,2025-01-16,v126
2023 NOV,-629,2025-01-16,v126
2023 OCT,-2702,2025-01-16,v126
2023 Q1,-6628,2025-01-16,v126
2023 Q2,-7799,2025-01-16,v126
2023 Q3,-4754,2025-01-16,v126
2023 Q4,-2232,2025-01-16,v126
2023 SEP,-860,2025-01-16,v126
2024 APR,-4934,2025-01-16,v126
2024 AUG,-175,2025-01-16,v126
2024 FEB,167,2025-01-16,v126
2024 JAN,127,2025-01-16,v126
2024 JUL,-3505,2025-01-16,v126
2024 JUN,-3652,2025-01-16,v126
2024 MAR,-549,2025-01-16,v126
2024 MAY,-3755,2025-01-16,v126
2024 NOV,-4757,2025-01-16,v126
2024 OCT,-5014,2025-01-16,v126
2024 Q1,-255,2025-01-16,v126
2024 Q2,-12341,2025-01-16,v126
2024 Q3,-4869,2025-01-16,v126
2024 SEP,-1189,2025-01-16,v126
2024,-27953,2025-02-13,v127
2024 APR,-4848,2025-02-13,v127
2024 AUG,405,2025-02-13,v127
2024 DEC,-2816,2025-02-13,v127
2024 FEB,-82,2025-02-13,v127
2024 JAN,319,2025-02-13,v127
2024 JUL,-3846,2025-02-13,v127
2024 JUN,-3671,2025-02-13,v127
2024 MAR,-556,2025-02-13,v127
2024 MAY,-3764,2025-02-13,v127
2024 NOV,-4350,2025-02-13,v127
2024 OCT,-4376,2025-02-13,v127
2024 Q1,-319,2025-02-13,v127
2024 Q2,-12283,2025-02-13,v127
2024 Q3,-3809,2025-02-13,v127
2024 Q4,-11542,2025-02-13,v127
2024 SEP,-368,2025-02-13,v127
2023,-29105,2025-03-28,v128
2023 APR,-1501,2025-03-28,v128
2023 AUG,-2988,2025-03-28,v128
2023 DEC,446,2025-03-28,v128
2023 FEB,-3295,2025-03-28,v128
2023 JAN,-3807,2025-03-28,v128
2023 JUL,-1171,2025-03-28,v128
2023 JUN,-2815,2025-03-28,v128
2023 MAR,-2502,2025-03-28,v128
2023 MAY,-6158,2025-03-28,v128
2023 NOV,-711,2025-03-28,v128
2023 OCT,-3286,2025-03-28,v128
2023 Q1,-9604,2025-03-28,v128
2023 Q2,-10474,2025-03-28,v128
2023 Q3,-5476,2025-03-28,v128
2023 Q4,-3551,2025-03-28,v128
2023 SEP,-1317,2025-03-28,v128
2024,-32275,2025-03-28,v128
2024 APR,-5752,2025-03-28,v128
2024 AUG,259,2025-03-28,v128
2024 DEC,-3184,2025-03-28,v128
2024 FEB,-228,2025-03-28,v128
2024 JAN,-72,2025-03-28,v128
2024 JUL,-4620,2025-03-28,v128
2024 JUN,-4520,2025-03-28,v128
2024 MAR,-683,2025-03-28,v128
2024 MAY,-4536,2025-03-28,v128
2024 NOV,-5167,2025-03-28,v128
2024 OCT,-4132,2025-03-28,v128
2024 Q1,-983,2025-03-28,v128
2024 Q2,-14808,2025-03-28,v128
2024 Q3,-4001,2025-03-28,v128
2024 Q4,-12483,2025-03-28,v128
2024 SEP,360,2025-03-28,v128
2025 JAN,-596,2025-03-28,v128
2025 FEB,-1956,2025-04-10,v129
2025 JAN,301,2025-04-10,v129
2025 FEB,-4856,2025-05-14,v130
2025 JAN,-2046,2025-05-14,v130
2025 MAR,-3696,2025-05-14,v130
2025 Q1,-10598,2025-05-14,v130
2025 APR,-7026,2025-06-11,v131
2025 APR,-6502,2025-07-10,v132
2025 FEB,-5323,2025-07-10,v132
2025 JAN,-2161,2025-07-10,v132
2025 MAR,-4859,2025-07-10,v132
2025 MAY,-5699,2025-07-10,v132
2025 Q1,-12343,2025-07-10,v132
2025 APR,-4811,2025-08-13,v133
2025 JUN,-5015,2025-08-13,v133
2025 MAY,-4548,2025-08-13,v133
2025 Q2,-14374,2025-08-13,v133
2025 JUL,-5260,2025-09-11,v134
1997,5113,2025-10-15,v135
1997 APR,402,2025-10-15,v135
1997 AUG,607,2025-10-15,v135
1997 DEC,520,2025-10-15,v135
1997 FEB,961,2025-10-15,v135
1997 JAN,1253,2025-10-15,v135
1997 JUL,51,2025-10-15,v135
1997 JUN,-372,2025-10-15,v135
1997 MAR,-74,2025-10-15,v135
1997 MAY,195,2025-10-15,v135
1997 NOV,214,2025-10-15,v135
1997 OCT,569,2025-10-15,v135
1997 Q1,2140,2025-10-15,v135
1997 Q2,225,2025-10-15,v135
1997 Q3,1445,2025-10-15,v135
1997 Q4,1303,2025-10-15,v135
1997 SEP,787,2025-10-15,v135
1998,-4995,2025-10-15,v135
1998 APR,-40,2025-10-15,v135
1998 AUG,-531,2025-10-15,v135
1998 DEC,-565,2025-10-15,v135
1998 FEB,-249,2025-10-15,v135
1998 JAN,514,2025-10-15,v135
1998 JUL,-441,2025-10-15,v135
1998 JUN,-752,2025-10-15,v135
1998 MAR,-563,2025-10-15,v135
1998 MAY,-593,2025-10-15,v135
1998 NOV,-549,2025-10-15,v135
1998 OCT,-268,2025-10-15,v135
1998 Q1,-298,2025-10-15,v135
1998 Q2,-1385,2025-10-15,v135
1998 Q3,-1930,2025-10-15,v135
1998 Q4,-1382,2025-10-15,v135
1998 SEP,-958,2025-10-15,v135
1999,-10963,2025-10-15,v135
1999 APR,-876,2025-10-15,v135
1999 AUG,-1109,2025-10-15,v135
1999 DEC,-522,2025-10-15,v135
1999 FEB,-1353,2025-10-15,v135
1999 JAN,-1494,2025-10-15,v135
1999 JUL,-1058,2025-10-15,v135
1999 JUN,-1305,2025-10-15,v135
1999 MAR,-1235,2025-10-15,v135
1999 MAY,-535,2025-10-15,v135
1999 NOV,-439,2025-10-15,v135
1999 Q1,-4082,2025-10-15,v135
1999 Q2,-2716,2025-10-15,v135
1999 Q3,-2621,2025-10-15,v135
1999 Q4,-1544,2025-10-15,v135
1999 SEP,-454,2025-10-15,v135
2000,-13537,2025-10-15,v135
2000 APR,-1041,2025-10-15,v135
2000 AUG,-1127,2025-10-15,v135
2000 DEC,-1600,2025-10-15,v135
2000 FEB,-769,2025-10-15,v135
2000 JAN,-1041,2025-10-15,v135
2000 JUL,-2215,2025-10-15,v135
2000 JUN,-504,2025-10-15,v135
2000 MAR,-339,2025-10-15,v135
2000 MAY,-570,2025-10-15,v135
2000 NOV,-1695,2025-10-15,v135
2000 OCT,-1339,2025-10-15,v135
2000 Q1,-2149,2025-10-15,v135
2000 Q2,-2115,2025-10-15,v135
2000 Q3,-4639,2025-10-15,v135
2000 Q4,-4634,2025-10-15,v135
2000 SEP,-1297,2025-10-15,v135
2001,-19969,2025-10-15,v135
2001 APR,-1564,2025-10-15,v135
2001 AUG,-2552,2025-10-15,v135
2001 DEC,-2330,2025-10-15,v135
2001 FEB,-793,2025-10-15,v135
2001 JAN,-798,2025-10-15,v135
2001 JUL,-1943,2025-10-15,v135
2001 JUN,-2318,2025-10-15,v135
2001 MAR,-1170,2025-10-15,v135
2001 MAY,-1700,2025-10-15,v135
2001 NOV,-1562,2025-10-15,v135
2001 OCT,-1505,2025-10-15,v135
2001 Q1,-2761,2025-10-15,v135
2001 Q2,-5582,2025-10-15,v135
2001 Q3,-6229,2025-10-15,v135
2001 Q4,-5397,2025-10-15,v135
2001 SEP,-1734,2025-10-15,v135
2002,-28351,2025-10-15,v135
2002 APR,-2658,2025-10-15,v135
2002 AUG,-2169,2025-10-15,v135
2002 DEC,-2351,2025-10-15,v135
2002 FEB,-2378,2025-10-15,v135
2002 JAN,-1500,2025-10-15,v135
2002 JUL,-2171,2025-10-15,v135
2002 JUN,-2615,2025-10-15,v135
2002 MAR,-2416,2025-10-15,v135
2002 MAY,-1773,2025-10-15,v135
2002 NOV,-3530,2025-10-15,v135
2002 OCT,-2830,2025-10-15,v135
2002 Q1,-6294,2025-10-15,v135
2002 Q2,-7046,2025-10-15,v135
2002 Q3,-6300,2025-10-15,v135
2002 Q4,-8711,2025-10-15,v135
2002 SEP,-1960,2025-10-15,v135
2003,-26901,2025-10-15,v135
2003 APR,-873,2025-10-15,v135
2003 AUG,-2050,2025-10-15,v135
2003 DEC,-2581,2025-10-15,v135
2003 FEB,-1688,2025-10-15,v135
2003 JAN,-1620,2025-10-15,v135
2003 JUL,-1887,2025-10-15,v135
2003 JUN,-3109,2025-10-15,v135
2003 MAR,-2555,2025-10-15,v135
2003 MAY,-2344,2025-10-15,v135
2003 NOV,-2561,2025-10-15,v135
2003 OCT,-2356,2025-10-15,v135
2003 Q1,-5863,2025-10-15,v135
2003 Q2,-6326,2025-10-15,v135
2003 Q3,-7214,2025-10-15,v135
2003 Q4,-7498,2025-10-15,v135
2003 SEP,-3277,2025-10-15,v135
2004,-30783,2025-10-15,v135
2004 APR,-2226,2025-10-15,v135
2004 AUG,-3273,2025-10-15,v135
2004 DEC,-2043,2025-10-15,v135
2004 FEB,-2178,2025-10-15,v135
2004 JAN,-3200,2025-10-15,v135
2004 JUL,-2940,2025-10-15,v135
2004 JUN,-2964,2025-10-15,v135
2004 MAR,-2047,2025-10-15,v135
2004 MAY,-2838,2025-10-15,v135
2004 NOV,-1910,2025-10-15,v135
2004 OCT,-2835,2025-10-15,v135
2004 Q1,-7425,2025-10-15,v135
2004 Q2,-8028,2025-10-15,v135
2004 Q3,-8542,2025-10-15,v135
2004 Q4,-6788,2025-10-15,v135
2004 SEP,-2329,2025-10-15,v135
2005,-29893,2025-10-15,v135
2005 APR,-2692,2025-10-15,v135
2005 AUG,-3127,2025-10-15,v135
2005 DEC,-2667,2025-10-15,v135
2005 FEB,-2614,2025-10-15,v135
2005 JAN,-3034,2025-10-15,v135
2005 JUL,-2671,2025-10-15,v135
2005 JUN,-1571,2025-10-15,v135
2005 MAR,-2862,2025-10-15,v135
2005 MAY,-2310,2025-10-15,v135
2005 NOV,-2470,2025-10-15,v135
2005 OCT,-1894,2025-10-15,v135
2005 Q1,-8510,2025-10-15,v135
2005 Q2,-6573,2025-10-15,v135
2005 Q3,-7779,2025-10-15,v135
2005 Q4,-7031,2025-10-15,v135
2005 SEP,-1981,2025-10-15,v135
2006,-27774,2025-10-15,v135
2006 APR,-2422,2025-10-15,v135
2006 AUG,-2255,2025-10-15,v135
2006 DEC,-2147,2025-10-15,v135
2006 FEB,-3410,2025-10-15,v135
2006 JAN,-3604,2025-10-15,v135
2006 JUL,-2310,2025-10-15,v135
2006 JUN,-1630,2025-10-15,v135
2006 MAR,-2345,2025-10-15,v135
2006 MAY,-3033,2025-10-15,v135
2006 NOV,-1761,2025-10-15,v135
2006 OCT,-1483,2025-10-15,v135
2006 Q1,-9359,2025-10-15,v135
2006 Q2,-7085,2025-10-15,v135
2006 Q3,-5939,2025-10-15,v135
2006 Q4,-5391,2025-10-15,v135
2006 SEP,-1374,2025-10-15,v135
2007,-30001,2025-10-15,v135
2007 APR,-1617,2025-10-15,v135
2007 AUG,-2644,2025-10-15,v135
2007 DEC,-2785,2025-10-15,v135
2007 FEB,-3174,2025-10-15,v135
2007 JAN,-2194,2025-10-15,v135
2007 JUL,-2934,2025-10-15,v135
2007 JUN,-2105,2025-10-15,v135
2007 MAR,-3275,2025-10-15,v135
2007 MAY,-1795,2025-10-15,v135
2007 NOV,-2278,2025-10-15,v135
2007 OCT,-2409,2025-10-15,v135
2007 Q1,-8643,2025-10-15,v135
2007 Q2,-5517,2025-10-15,v135
2007 Q3,-8369,2025-10-15,v135
2007 Q4,-7472,2025-10-15,v135
2007 SEP,-2791,2025-10-15,v135
2008,-26880,2025-10-15,v135
2008 APR,-2438,2025-10-15,v135
2008 AUG,-2469,2025-10-15,v135
2008 DEC,-428,2025-10-15,v135
2008 FEB,-3228,2025-10-15,v135
2008 JAN,-3207,2025-10-15,v135
2008 JUL,-2913,2025-10-15,v135
2008 JUN,-3771,2025-10-15,v135
2008 MAR,-3122,2025-10-15,v135
2008 MAY,-2019,2025-10-15,v135
2008 NOV,-1436,2025-10-15,v135
2008 OCT,-731,2025-10-15,v135
2008 Q1,-9557,2025-10-15,v135
2008 Q2,-8228,2025-10-15,v135
2008 Q3,-6500,2025-10-15,v135
2008 Q4,-2595,2025-10-15,v135
2008 SEP,-1118,2025-10-15,v135
2009,-19321,2025-10-15,v135
2009 APR,-1851,2025-10-15,v135
2009 AUG,-2012,2025-10-15,v135
2009 DEC,-1362,2025-10-15,v135
2009 FEB,-1312,2025-10-15,v135
2009 JAN,-1346,2025-10-15,v135
2009 JUL,-1640,2025-10-15,v135
2009 JUN,-1727,2025-10-15,v135
2009 MAR,-2170,2025-10-15,v135
2009 MAY,-1021,2025-10-15,v135
2009 NOV,-1048,2025-10-15,v135
2009 OCT,-1642,2025-10-15,v135
2009 Q1,-4828,2025-10-15,v135
2009 Q2,-4599,2025-10-15,v135
2009 Q3,-5842,2025-10-15,v135
2009 Q4,-4052,2025-10-15,v135
2009 SEP,-2190,2025-10-15,v135
2010,-25182,2025-10-15,v135
2010 APR,-1604,2025-10-15,v135
2010 AUG,-2641,2025-10-15,v135
2010 DEC,-2623,2025-10-15,v135
2010 FEB,-285,2025-10-15,v135
2010 JAN,-2559,2025-10-15,v135
2010 JUL,-2515,2025-10-15,v135
2010 JUN,-1732,2025-10-15,v135
2010 MAR,-2467,2025-10-15,v135
2010 MAY,-1905,2025-10-15,v135
2010 NOV,-2230,2025-10-15,v135
2010 OCT,-1960,2025-10-15,v135
2010 Q1,-5311,2025-10-15,v135
2010 Q2,-5241,2025-10-15,v135
2010 Q3,-7817,2025-10-15,v135
2010 Q4,-6813,2025-10-15,v135
2010 SEP,-2661,2025-10-15,v135
2011,-13263,2025-10-15,v135
2011 APR,-47,2025-10-15,v135
2011 AUG,-1230,2025-10-15,v135
2011 DEC,-225,2025-10-15,v135
2011 FEB,1469,2025-10-15,v135
2011 JAN,-399,2025-10-15,v135
2011 JUL,-1505,2025-10-15,v135
2011 JUN,-1650,2025-10-15,v135
2011 MAR,-680,2025-10-15,v135
2011 MAY,-3810,2025-10-15,v135
2011 NOV,-1630,2025-10-15,v135
2011 OCT,-1137,2025-10-15,v135
2011 Q1,390,2025-10-15,v135
2011 Q2,-5507,2025-10-15,v135
2011 Q3,-5154,2025-10-15,v135
2011 Q4,-2992,2025-10-15,v135
2011 SEP,-2419,2025-10-15,v135
2012,-16697,2025-10-15,v135
2012 APR,-3246,2025-10-15,v135
2012 AUG,-2533,2025-10-15,v135
2012 DEC,-1679,2025-10-15,v135
2012 FEB,614,2025-10-15,v135
2012 JAN,-549,2025-10-15,v135
2012 JUL,-424,2025-10-15,v135
2012 JUN,-2954,2025-10-15,v135
2012 MAR,-64,2025-10-15,v135
2012 MAY,-1569,2025-10-15,v135
2012 NOV,-1049,2025-10-15,v135
2012 OCT,-1960,2025-10-15,v135
2012 Q1,1,2025-10-15,v135
2012 Q2,-7769,2025-10-15,v135
2012 Q3,-4241,2025-10-15,v135
2012 Q4,-4688,2025-10-15,v135
2012 SEP,-1284,2025-10-15,v135
2013,-23335,2025-10-15,v135
2013 APR,-1179,2025-10-15,v135
2013 AUG,-728,2025-10-15,v135
2013 DEC,-1433,2025-10-15,v135
2013 FEB,-618,2025-10-15,v135
2013 JAN,-600,2025-10-15,v135
2013 JUL,-1504,2025-10-15,v135
2013 JUN,-2676,2025-10-15,v135
2013 MAR,-827,2025-10-15,v135
2013 MAY,-2691,2025-10-15,v135
2013 NOV,-4062,2025-10-15,v135
2013 OCT,-4184,2025-10-15,v135
2013 Q1,-2045,2025-10-15,v135
2013 Q2,-6546,2025-10-15,v135
2013 Q3,-5065,2025-10-15,v135
2013 Q4,-9679,2025-10-15,v135
2013 SEP,-2833,2025-10-15,v135
2014,-32945,2025-10-15,v135
2014 APR,-1721,2025-10-15,v135
2014 AUG,-2533,2025-10-15,v135
2014 DEC,-6440,2025-10-15,v135
2014 FEB,-1984,2025-10-15,v135
2014 JAN,-3116,2025-10-15,v135
2014 JUL,-3258,2025-10-15,v135
2014 JUN,-2072,2025-10-15,v135
2014 MAR,-1413,2025-10-15,v135
2014 MAY,-1282,2025-10-15,v135
2014 NOV,-4048,2025-10-15,v135
2014 OCT,-3133,2025-10-15,v135
2014 Q1,-6513,2025-10-15,v135
2014 Q2,-5075,2025-10-15,v135
2014 Q3,-7736,2025-10-15,v135
2014 Q4,-13621,2025-10-15,v135
2014 SEP,-1945,2025-10-15,v135
2015,-26354,2025-10-15,v135
2015 APR,-1365,2025-10-15,v135
2015 AUG,-1972,2025-10-15,v135
2015 DEC,-576,2025-10-15,v135
2015 FEB,-4048,2025-10-15,v135
2015 JAN,-4430,2025-10-15,v135
2015 JUL,-3309,2025-10-15,v135
2015 JUN,-874,2025-10-15,v135
2015 MAR,-1490,2025-10-15,v135
2015 MAY,-442,2025-10-15,v135
2015 NOV,-1757,2025-10-15,v135
2015 OCT,-4210,2025-10-15,v135
2015 Q1,-9968,2025-10-15,v135
2015 Q2,-2681,2025-10-15,v135
2015 Q3,-7162,2025-10-15,v135
2015 Q4,-6543,2025-10-15,v135
2015 SEP,-1881,2025-10-15,v135
2016,-34410,2025-10-15,v135
2016 APR,-2032,2025-10-15,v135
2016 AUG,-6368,2025-10-15,v135
2016 DEC,-2248,2025-10-15,v135
2016 FEB,-3126,2025-10-15,v135
2016 JAN,-909,2025-10-15,v135
2016 JUL,-4666,2025-10-15,v135
2016 JUN,-3025,2025-10-15,v135
2016 MAR,-3344,2025-10-15,v135
2016 MAY,-426,2025-10-15,v135
2016 NOV,-1989,2025-10-15,v135
2016 OCT,-1379,2025-10-15,v135
2016 Q1,-7379,2025-10-15,v135
2016 Q2,-5483,2025-10-15,v135
2016 Q3,-15932,2025-10-15,v135
2016 Q4,-5616,2025-10-15,v135
2016 SEP,-4898,2025-10-15,v135
2017,-26053,2025-10-15,v135
2017 APR,-999,2025-10-15,v135
2017 AUG,-2592,2025-10-15,v135
2017 DEC,-2110,2025-10-15,v135
2017 FEB,-1617,2025-10-15,v135
2017 JAN,-2150,2025-10-15,v135
2017 JUL,-2451,2025-10-15,v135
2017 JUN,-4182,2025-10-15,v135
2017 MAR,-2182,2025-10-15,v135
2017 MAY,-2336,2025-10-15,v135
2017 NOV,-2702,2025-10-15,v135
2017 OCT,-1156,2025-10-15,v135
2017 Q1,-5949,2025-10-15,v135
2017 Q2,-7517,2025-10-15,v135
2017 Q3,-6619,2025-10-15,v135
2017 Q4,-5968,2025-10-15,v135
2017 SEP,-1576,2025-10-15,v135
2018,-26074,2025-10-15,v135
2018 APR,-2596,2025-10-15,v135
2018 AUG,-2744,2025-10-15,v135
2018 DEC,-5013,2025-10-15,v135
2018 FEB,-604,2025-10-15,v135
2018 JAN,-2828,2025-10-15,v135
2018 JUL,-1133,2025-10-15,v135
2018 JUN,-274,2025-10-15,v135
2018 MAR,-3078,2025-10-15,v135
2018 MAY,-1927,2025-10-15,v135
2018 NOV,-2952,2025-10-15,v135
2018 OCT,-2561,2025-10-15,v135
2018 Q1,-6510,2025-10-15,v135
2018 Q2,-4797,2025-10-15,v135
2018 Q3,-4241,2025-10-15,v135
2018 Q4,-10526,2025-10-15,v135
2018 SEP,-364,2025-10-15,v135
2019,-26987,2025-10-15,v135
2019 APR,-5501,2025-10-15,v135
2019 AUG,-2269,2025-10-15,v135
2019 DEC,7773,2025-10-15,v135
2019 FEB,-8885,2025-10-15,v135
2019 JAN,-8012,2025-10-15,v135
2019 JUL,379,2025-10-15,v135
2019 JUN,-567,2025-10-15,v135
2019 MAR,-8498,2025-10-15,v135
2019 MAY,-3200,2025-10-15,v135
2019 NOV,5219,2025-10-15,v135
2019 OCT,-1644,2025-10-15,v135
2019 Q1,-25395,2025-10-15,v135
2019 Q2,-9268,2025-10-15,v135
2019 Q3,-3672,2025-10-15,v135
2019 Q4,11348,2025-10-15,v135
2019 SEP,-1782,2025-10-15,v135
2020,15668,2025-10-15,v135
2020 APR,8641,2025-10-15,v135
2020 AUG,1929,2025-10-15,v135
2020 DEC,-5798,2025-10-15,v135
2020 FEB,-1353,2025-10-15,v135
2020 JAN,2412,2025-10-15,v135
2020 JUL,2050,2025-10-15,v135
2020 JUN,4277,2025-10-15,v135
2020 MAR,1332,2025-10-15,v135
2020 MAY,9471,2025-10-15,v135
2020 NOV,-3752,2025-10-15,v135
2020 OCT,-1472,2025-10-15,v135
2020 Q1,2391,2025-10-15,v135
2020 Q2,22389,2025-10-15,v135
2020 Q3,1910,2025-10-15,v135
2020 Q4,-11022,2025-10-15,v135
2020 SEP,-2069,2025-10-15,v135
2021,939,2025-10-15,v135
2021 APR,3215,2025-10-15,v135
2021 AUG,-2544,2025-10-15,v135
2021 DEC,-1748,2025-10-15,v135
2021 FEB,-654,2025-10-15,v135
2021 JAN,-2608,2025-10-15,v135
2021 JUL,-2815,2025-10-15,v135
2021 JUN,1301,2025-10-15,v135
2021 MAR,3329,2025-10-15,v135
2021 MAY,4735,2025-10-15,v135
2021 NOV,22,2025-10-15,v135
2021 OCT,2106,2025-10-15,v135
2021 Q1,67,2025-10-15,v135
2021 Q2,9251,2025-10-15,v135
2021 Q3,-8759,2025-10-15,v135
2021 Q4,380,2025-10-15,v135
2021 SEP,-3400,2025-10-15,v135
2022,-27747,2025-10-15,v135
2022 APR,-5840,2025-10-15,v135
2022 AUG,1478,2025-10-15,v135
2022 DEC,-731,2025-10-15,v135
2022 FEB,-7112,2025-10-15,v135
2022 JAN,-10899,2025-10-15,v135
2022 JUL,-1380,2025-10-15,v135
2022 JUN,-6375,2025-10-15,v135
2022 MAR,-7384,2025-10-15,v135
2022 MAY,-6255,2025-10-15,v135
2022 NOV,4556,2025-10-15,v135
2022 OCT,7253,2025-10-15,v135
2022 Q1,-25395,2025-10-15,v135
2022 Q2,-18470,2025-10-15,v135
2022 Q3,5040,2025-10-15,v135
2022 Q4,11078,2025-10-15,v135
2022 SEP,4942,2025-10-15,v135
2023,-32141,2025-10-15,v135
2023 APR,-616,2025-10-15,v135
2023 AUG,-3289,2025-10-15,v135
2023 DEC,-3233,2025-10-15,v135
2023 FEB,-1451,2025-10-15,v135
2023 JAN,-1530,2025-10-15,v135
2023 JUL,-1748,2025-10-15,v135
2023 JUN,-2953,2025-10-15,v135
2023 MAR,-1161,2025-10-15,v135
2023 MAY,-5454,2025-10-15,v135
2023 NOV,-3343,2025-10-15,v135
2023 OCT,-5735,2025-10-15,v135
2023 Q1,-4142,2025-10-15,v135
2023 Q2,-9023,2025-10-15,v135
2023 Q3,-6665,2025-10-15,v135
2023 Q4,-12311,2025-10-15,v135
2023 SEP,-1628,2025-10-15,v135
2024,-25468,2025-10-15,v135
2024 APR,-5322,2025-10-15,v135
2024 AUG,469,2025-10-15,v135
2024 DEC,-1095,2025-10-15,v135
2024 FEB,-1387,2025-10-15,v135
2024 JAN,-844,2025-10-15,v135
2024 JUL,-2749,2025-10-15,v135
2024 JUN,-3905,2025-10-15,v135
2024 MAR,-2218,2025-10-15,v135
2024 MAY,-3964,2025-10-15,v135
2024 NOV,-2924,2025-10-15,v135
2024 OCT,-2856,2025-10-15,v135
2024 Q1,-4449,2025-10-15,v135
2024 Q2,-13191,2025-10-15,v135
2024 Q3,-953,2025-10-15,v135
2024 Q4,-6875,2025-10-15,v135
2024 SEP,1327,2025-10-15,v135
2025 APR,-2689,2025-10-15,v135
2025 AUG,-3386,2025-10-15,v135
2025 FEB,-4946,2025-10-15,v135
2025 JAN,-784,2025-10-15,v135
2025 JUL,-3016,2025-10-15,v135
2025 JUN,-2791,2025-10-15,v135
2025 MAR,-3433,2025-10-15,v135
2025 MAY,-2479,2025-10-15,v135
2025 Q1,-9163,2025-10-15,v135
2025 Q2,-7959,2025-10-15,v135
2025 AUG,-1276,2025-11-13,v136
2025 JUL,-2138,2025-11-13,v136
2025 Q3,-4508,2025-11-13,v136
2025 SEP,-1094,2025-11-13,v136
2025 OCT,-4824,2025-12-12,v137
2024,-21589,2026-01-15,v138
2024 APR,-5312,2026-01-15,v138
2024 AUG,1131,2026-01-15,v138
2024 DEC,-926,2026-01-15,v138
2024 FEB,-1229,2026-01-15,v138
2024 JAN,-834,2026-01-15,v138
2024 JUL,-2283,2026-01-15,v138
2024 JUN,-3412,2026-01-15,v138
2024 MAR,-2196,2026-01-15,v138
2024 MAY,-3385,2026-01-15,v138
2024 NOV,-2740,2026-01-15,v138
2024 OCT,-1887,2026-01-15,v138
2024 Q1,-4259,2026-01-15,v138
2024 Q2,-12109,2026-01-15,v138
2024 Q3,332,2026-01-15,v138
2024 Q4,-5553,2026-01-15,v138
2024 SEP,1484,2026-01-15,v138
2025 APR,-2997,2026-01-15,v138
2025 AUG,-1476,2026-01-15,v138
2025 FEB,-5039,2026-01-15,v138
2025 JAN,-1013,2026-01-15,v138
2025 JUL,-1426,2026-01-15,v138
2025 JUN,-3162,2026-01-15,v138
2025 MAR,-3439,2026-01-15,v138
2025 MAY,-2583,2026-01-15,v138
2025 NOV,-6116,2026-01-15,v138
2025 OCT,-6531,2026-01-15,v138
2025 Q1,-9491,2026-01-15,v138
2025 Q2,-8742,2026-01-15,v138
2025 Q3,-6115,2026-01-15,v138
2025 SEP,-3213,2026-01-15,v138
2025,-45931,2026-02-12,v139
2025 APR,-3528,2026-02-12,v139
2025 AUG,-2151,2026-02-12,v139
2025 DEC,-4340,2026-02-12,v139
2025 FEB,-5355,2026-02-12,v139
2025 JAN,-1964,2026-02-12,v139
2025 JUL,-2152,2026-02-12,v139
2025 JUN,-3739,2026-02-12,v139
2025 MAR,-3730,2026-02-12,v139
2025 MAY,-3088,2026-02-12,v139
2025 NOV,-5564,2026-02-12,v139
2025 OCT,-5790,2026-02-12,v139
2025 Q1,-11049,2026-02-12,v139
2025 Q2,-10355,2026-02-12,v139
2025 Q3,-8833,2026-02-12,v139
2025 Q4,-15694,2026-02-12,v139
2025 SEP,-4530,2026-02-12,v139
2026 JAN,3922,2026-03-13,v140
2024,-21014,2026-04-15,v141
2024 APR,-5056,2026-04-15,v141
2024 AUG,1582,2026-04-15,v141
2024 DEC,-925,2026-04-15,v141
2024 FEB,-1098,2026-04-15,v141
2024 JAN,-975,2026-04-15,v141
2024 JUL,-1951,2026-04-15,v141
2024 JUN,-3183,2026-04-15,v141
2024 MAR,-2243,2026-04-15,v141
2024 MAY,-2891,2026-04-15,v141
2024 NOV,-3407,2026-04-15,v141
2024 OCT,-2507,2026-04-15,v141
2024 Q1,-4316,2026-04-15,v141
2024 Q2,-11130,2026-04-15,v141
2024 Q3,1271,2026-04-15,v141
2024 Q4,-6839,2026-04-15,v141
2024 SEP,1640,2026-04-15,v141
2025,-38406,2026-04-15,v141
2025 APR,-3792,2026-04-15,v141
2025 AUG,-1169,2026-04-15,v141
2025 DEC,-1660,2026-04-15,v141
2025 FEB,-4778,2026-04-15,v141
2025 JAN,-1530,2026-04-15,v141
2025 JUL,-1188,2026-04-15,v141
2025 JUN,-3943,2026-04-15,v141
2025 MAR,-3113,2026-04-15,v141
2025 MAY,-3254,2026-04-15,v141
2025 NOV,-4622,2026-04-15,v141
2025 OCT,-5879,2026-04-15,v141
2025 Q1,-9421,2026-04-15,v141
2025 Q2,-10989,2026-04-15,v141
2025 Q3,-5835,2026-04-15,v141
2025 Q4,-12161,2026-04-15,v141
2025 SEP,-3478,2026-04-15,v141
2026 FEB,-720,2026-04-15,v141
2026 JAN,3018,2026-04-15,v141
2024,-20764,2026-05-13,v142
2024 APR,-5081,2026-05-13,v142
2024 AUG,1739,2026-05-13,v142
2024 DEC,-1695,2026-05-13,v142
2024 FEB,-1060,2026-05-13,v142
2024 JAN,-1113,2026-05-13,v142
2024 JUL,-2408,2026-05-13,v142
2024 JUN,-3337,2026-05-13,v142
2024 MAR,-2293,2026-05-13,v142
2024 MAY,-2889,2026-05-13,v142
2024 NOV,-3652,2026-05-13,v142
2024 OCT,-1337,2026-05-13,v142
2024 Q1,-4466,2026-05-13,v142
2024 Q2,-11307,2026-05-13,v142
2024 Q3,1693,2026-05-13,v142
2024 Q4,-6684,2026-05-13,v142
2024 SEP,2362,2026-05-13,v142
2025,-39070,2026-05-13,v142
2025 APR,-3982,2026-05-13,v142
2025 AUG,-1445,2026-05-13,v142
2025 DEC,-866,2026-05-13,v142
2025 FEB,-4629,2026-05-13,v142
2025 JAN,-1700,2026-05-13,v142
2025 JUL,-1457,2026-05-13,v142
2025 JUN,-4198,2026-05-13,v142
2025 MAR,-3032,2026-05-13,v142
2025 MAY,-3298,2026-05-13,v142
2025 NOV,-4777,2026-05-13,v142
2025 OCT,-5873,2026-05-13,v142
2025 Q1,-9361,2026-05-13,v142
2025 Q2,-11478,2026-05-13,v142
2025 Q3,-6715,2026-05-13,v142
2025 Q4,-11516,2026-05-13,v142
2025 SEP,-3813,2026-05-13,v142
2026 FEB,-5339,2026-05-13,v142
2026 JAN,1304,2026-05-13,v142
2026 MAR,-9658,2026-05-13,v142
2026 Q1,-13693,2026-05-13,v142
2026 APR,-8435,2026-06-11,v143
2024 APR,-5124,2026-07-15,v144
2024 AUG,1986,2026-07-15,v144
2024 DEC,-18,2026-07-15,v144
2024 FEB,-1081,2026-07-15,v144
2024 JAN,-1126,2026-07-15,v144
2024 JUL,-2712,2026-07-15,v144
2024 JUN,-3274,2026-07-15,v144
2024 MAR,-2314,2026-07-15,v144
2024 MAY,-2888,2026-07-15,v144
2024 NOV,-3282,2026-07-15,v144
2024 OCT,-3149,2026-07-15,v144
2024 Q1,-4521,2026-07-15,v144
2024 Q2,-11286,2026-07-15,v144
2024 Q3,1492,2026-07-15,v144
2024 Q4,-6449,2026-07-15,v144
2024 SEP,2218,2026-07-15,v144
2025,-39465,2026-07-15,v144
2025 APR,-3895,2026-07-15,v144
2025 AUG,-1798,2026-07-15,v144
2025 FEB,-4513,2026-07-15,v144
2025 JAN,-1548,2026-07-15,v144
2025 JUL,-1750,2026-07-15,v144
2025 JUN,-4109,2026-07-15,v144
2025 MAR,-2967,2026-07-15,v144
2025 MAY,-3280,2026-07-15,v144
2025 NOV,-4758,2026-07-15,v144
2025 OCT,-5844,2026-07-15,v144
2025 Q1,-9028,2026-07-15,v144
2025 Q2,-11284,2026-07-15,v144
2025 Q3,-7685,2026-07-15,v144
2025 Q4,-11468,2026-07-15,v144
2025 SEP,-4137,2026-07-15,v144
2026 APR,-7053,2026-07-15,v144
2026 FEB,-5757,2026-07-15,v144
2026 JAN,1498,2026-07-15,v144
2026 MAR,-10467,2026-07-15,v144
2026 MAY,-1044,2026-07-15,v144
2026 Q1,-14726,2026-07-15,v144
2026 APR,-7539,2026-08-12,current
2026 JUN,-5537,2026-08-12,current
2026 MAY,-3464,2026-08-12,current
2026 Q2,-16540,2026-08-12,current
